Workbook

Sheet ריכוז
A1: חשבון מס' | B1: כתב כמויות תחנת מנחם בגין, חולון - מחירון דקל שיפוצים - מהדורת ינואר 26
A2: 4
A4: סעיף | B4: תאור | C4: יח' | D4: מחיר | E4: הנחת קבלן 15% | F4: תוספת דירה מאוכלסת 5% | G4: סה"כ מחיר יחידה | H4: כמות למטלה | I4: 1 | K4: =I4+1 -> 2 | M4: =K4+1 -> 3 | O4: =M4+1 -> 4 | Q4: =O4+1 -> 5 | S4: 6 | U4: 7 | W4: 8 | Y4: 9 | AA4: 10 | AC4: 11 | AE4: 12 | AG4: 13 | AI4: 14 | AK4: 15 | AM4: ="סה""כ כמות חשבון מס' " & A2 -> סה"כ כמות חשבון מס' 4 | AN4: ="סה""כ סכום חשבון מס' " & A2 -> סה"כ סכום חשבון מס' 4
B5: תאור | C5: יח' | D5: מחיר | E5: הנחת קבלן 15% | F5: תוספת דירה מאוכלסת 5% | G5: סה"כ מחיר יחידה | M5: ='3'!C1 -> מלניק | O5: אורי | Q5: מזל | S5: דורף | U5: זליכה | W5: ארמה | Y5: עבדי | AA5: חודזייב | AC5: בן גרשון | AE5: חליפה | AG5: פרימן | AI5: בן יאיר | AK5: השלמה לחשבון 2
B6: תאור | C6: יח' | D6: מחיר | E6: הנחת קבלן 15% | F6: תוספת דירה מאוכלסת 5% | G6: סה"כ מחיר יחידה | M6: ='3'!D1 -> 1573 | O6: 1778 | Q6: 1525 | S6: 1540 | U6: 1808 | W6: 1811 | Y6: 1700 | AA6: 1812 | AC6: 1695 | AE6: 1674 | AG6: 1708 | AI6: 1691
A7: סעיף | B7: תאור | C7: יח' | D7: מחיר | E7: הנחת קבלן 15% | F7: תוספת דירה מאוכלסת 5% | G7: סה"כ מחיר יחידה | I7: כמות | J7: סה"כ לדירה | K7: כמות | L7: סה"כ לדירה | M7: כמות | N7: סה"כ לדירה | O7: כמות | P7: סה"כ לדירה | Q7: כמות | R7: סה"כ לדירה | S7: כמות | T7: סה"כ לדירה | U7: כמות | V7: סה"כ לדירה | W7: כמות | X7: סה"כ לדירה | Y7: כמות | Z7: סה"כ לדירה | AA7: כמות | AB7: סה"כ לדירה | AC7: כמות | AD7: סה"כ לדירה | AE7: כמות | AF7: סה"כ לדירה | AG7: כמות | AH7: סה"כ לדירה | AI7: כמות | AJ7: סה"כ לדירה | AK7: כמות | AL7: סה"כ לדירה
A8: 09 | B8: עבודות טיח | AP8: =IF(G8="","",_xlfn.XLOOKUP(A8,'[1]סעיפים חסרים'!$A:$A,'[1]סעיפים חסרים'!$B:$B,"אין"))
A9: 09.011 | B9: טיח פנים | AP9: =IF(G9="","",_xlfn.XLOOKUP(A9,'[1]סעיפים חסרים'!$A:$A,'[1]סעיפים חסרים'!$B:$B,"אין"))
A10: 09.011.9030 | B10: תיקוני טיח פנים קיים על שטחים מישוריים ברצועות רוחב מעל 15 ס"מ ועד 30 ס"מ לאחר הנחת קווי מים, חשמל וכד' בקירות, סביב משקופי חלונות ודלתות שהורכבו בקירות קיימים, במפגשים בין קירות ו/או תקרות חדשים לקיימים הכל לרבות סיתות והתאמת עובי הטיח החדש לקיים | C10: מ' | D10: 64 | E10: =IF(D10="","",D10*0.15) -> 9.6 | F10: =IF(D10="","",D10*0.05) -> 3.2 | G10: =IF(D10="","",D10*1.05*0.85) -> 57.12 | J10: =IF(D10="","",I10*G10) -> 0 | L10: =IF(G10="","",K10*G10) -> 0 | M10: =IF(D10="","",_xlfn.XLOOKUP(A10,'3'!A:A,'3'!D:D,IF($M$6=0,0,"ERROR"))) -> 43.4 | N10: =IF(G10="","",M10*G10) -> 2479.008 | O10: =IF(D10="","",_xlfn.XLOOKUP(A10,'4'!A:A,'4'!D:D,IF($O$6=0,0,"ERROR"))) -> 0 | P10: =IF(G10="","",O10*G10) -> 0 | Q10: =IF(D10="","",_xlfn.XLOOKUP(A10,'5'!A:A,'5'!D:D,IF($Q$6=0,0,"ERROR"))) -> 59.47 | R10: =IF(G10="","",Q10*G10) -> 3396.9264 | S10: =IF(D10="","",_xlfn.XLOOKUP(A10,'6'!A:A,'6'!D:D,IF($Q$6=0,0,"ERROR"))) -> 34.25 | T10: =IF(G10="","",S10*G10) -> 1956.36 | U10: =IF(D10="","",_xlfn.XLOOKUP(A10,'7'!A:A,'7'!D:D,IF($U$6=0,0,"ERROR"))) -> 41.24 | V10: =IF(G10="","",U10*G10) -> 2355.6288 | W10: =IF(D10="","",_xlfn.XLOOKUP(A10,'8'!A:A,'8'!D:D,IF($U$6=0,0,"ERROR"))) -> 41.24 | X10: =IF(G10="","",W10*G10) -> 2355.6288 | Y10: =IF(D10="","",_xlfn.XLOOKUP(A10,'9'!A:A,'9'!D:D,IF($U$6=0,0,"ERROR"))) -> 35.55 | Z10: =IF(G10="","",Y10*G10) -> 2030.616 | AA10: =IF(D10="","",_xlfn.XLOOKUP(A10,'10'!A:A,'10'!D:D,IF($U$6=0,0,"ERROR"))) -> 30.08 | AB10: =IF(G10="","",AA10*G10) -> 1718.1696 | AC10: =IF(D10="","",_xlfn.XLOOKUP(A10,'11'!A:A,'11'!D:D,IF($U$6=0,0,"ERROR"))) -> 30.91 | AD10: =IF(G10="","",AC10*G10) -> 1765.5792 | AE10: =IF(D10="","",_xlfn.XLOOKUP(A10,'12'!A:A,'12'!D:D,IF($U$6=0,0,"ERROR"))) -> 11.32 | AF10: =IF(G10="","",AE10*G10) -> 646.5984 | AG10: =IF(D10="","",_xlfn.XLOOKUP(A10,'13'!A:A,'13'!D:D,IF($U$6=0,0,"ERROR"))) -> 31.36 | AH10: =IF(G10="","",AG10*G10) -> 1791.2832 | AI10: =IF(D10="","",_xlfn.XLOOKUP(A10,'14'!A:A,'14'!D:D,IF($U$6=0,0,"ERROR"))) -> 0 | AJ10: =IF(G10="","",AI10*G10) -> 0 | AM10: =IF(D10="","",Q10+O10+M10+K10+I10+S10+U10+W10+Y10+AA10+AC10+AE10+AG10+AI10) -> 358.82 | AN10: =IF(D10="","",R10+P10+N10+L10+J10+T10+V10+X10+Z10+AB10+AD10+AH10+AF10+AJ10) -> 20495.798 | AO10: =IF(AN10="","",IF(AM10*G10=AN10,"הכל טוב","לא טוב")) -> הכל טוב
A11: 11 | B11: עבודות צביעה | E11: =IF(D11="","",D11*0.15) | F11: =IF(D11="","",D11*0.05) | G11: =IF(D11="","",D11*1.05*0.85) | J11: =IF(D11="","",I11*G11) | L11: =IF(G11="","",K11*G11) | M11: =IF(D11="","",_xlfn.XLOOKUP(A11,'3'!A:A,'3'!D:D,IF($M$6=0,0,"ERROR"))) | N11: =IF(G11="","",M11*G11) | O11: =IF(D11="","",_xlfn.XLOOKUP(A11,'4'!A:A,'4'!D:D,IF($O$6=0,0,"ERROR"))) | P11: =IF(G11="","",O11*G11) | Q11: =IF(D11="","",_xlfn.XLOOKUP(A11,'5'!A:A,'5'!D:D,IF($Q$6=0,0,"ERROR"))) | R11: =IF(G11="","",Q11*G11) | S11: =IF(D11="","",_xlfn.XLOOKUP(A11,'6'!A:A,'6'!D:D,IF($Q$6=0,0,"ERROR"))) | T11: =IF(G11="","",S11*G11) | U11: =IF(D11="","",_xlfn.XLOOKUP(A11,'7'!A:A,'7'!D:D,IF($U$6=0,0,"ERROR"))) | V11: =IF(G11="","",U11*G11) | W11: =IF(D11="","",_xlfn.XLOOKUP(A11,'8'!A:A,'8'!D:D,IF($U$6=0,0,"ERROR"))) | X11: =IF(G11="","",W11*G11) | Y11: =IF(D11="","",_xlfn.XLOOKUP(A11,'9'!A:A,'9'!D:D,IF($U$6=0,0,"ERROR"))) | Z11: =IF(G11="","",Y11*G11) | AA11: =IF(D11="","",_xlfn.XLOOKUP(A11,'10'!A:A,'10'!D:D,IF($U$6=0,0,"ERROR"))) | AB11: =IF(G11="","",AA11*G11) | AC11: =IF(D11="","",_xlfn.XLOOKUP(A11,'11'!A:A,'11'!D:D,IF($U$6=0,0,"ERROR"))) | AD11: =IF(G11="","",AC11*G11) | AE11: =IF(D11="","",_xlfn.XLOOKUP(A11,'12'!A:A,'12'!D:D,IF($U$6=0,0,"ERROR"))) | AF11: =IF(G11="","",AE11*G11) | AG11: =IF(D11="","",_xlfn.XLOOKUP(A11,'13'!A:A,'13'!D:D,IF($U$6=0,0,"ERROR"))) | AH11: =IF(G11="","",AG11*G11) | AI11: =IF(D11="","",_xlfn.XLOOKUP(A11,'14'!A:A,'14'!D:D,IF($U$6=0,0,"ERROR"))) | AJ11: =IF(G11="","",AI11*G11) | AM11: =IF(D11="","",Q11+O11+M11+K11+I11+S11+U11+W11+Y11+AA11+AC11+AE11+AG11+AI11) | AN11: =IF(D11="","",R11+P11+N11+L11+J11+T11+V11+X11+Z11+AB11+AD11+AH11+AF11+AJ11) | AO11: =IF(AN11="","",IF(AM11*G11=AN11,"הכל טוב","לא טוב"))
A12: 11.011 | B12: צבע וסיוד פנים, על טיח, בטון, בלוקים וגבס | E12: =IF(D12="","",D12*0.15) | F12: =IF(D12="","",D12*0.05) | G12: =IF(D12="","",D12*1.05*0.85) | J12: =IF(D12="","",I12*G12) | L12: =IF(G12="","",K12*G12) | M12: =IF(D12="","",_xlfn.XLOOKUP(A12,'3'!A:A,'3'!D:D,IF($M$6=0,0,"ERROR"))) | N12: =IF(G12="","",M12*G12) | O12: =IF(D12="","",_xlfn.XLOOKUP(A12,'4'!A:A,'4'!D:D,IF($O$6=0,0,"ERROR"))) | P12: =IF(G12="","",O12*G12) | Q12: =IF(D12="","",_xlfn.XLOOKUP(A12,'5'!A:A,'5'!D:D,IF($Q$6=0,0,"ERROR"))) | R12: =IF(G12="","",Q12*G12) | S12: =IF(D12="","",_xlfn.XLOOKUP(A12,'6'!A:A,'6'!D:D,IF($Q$6=0,0,"ERROR"))) | T12: =IF(G12="","",S12*G12) | U12: =IF(D12="","",_xlfn.XLOOKUP(A12,'7'!A:A,'7'!D:D,IF($U$6=0,0,"ERROR"))) | V12: =IF(G12="","",U12*G12) | W12: =IF(D12="","",_xlfn.XLOOKUP(A12,'8'!A:A,'8'!D:D,IF($U$6=0,0,"ERROR"))) | X12: =IF(G12="","",W12*G12) | Y12: =IF(D12="","",_xlfn.XLOOKUP(A12,'9'!A:A,'9'!D:D,IF($U$6=0,0,"ERROR"))) | Z12: =IF(G12="","",Y12*G12) | AA12: =IF(D12="","",_xlfn.XLOOKUP(A12,'10'!A:A,'10'!D:D,IF($U$6=0,0,"ERROR"))) | AB12: =IF(G12="","",AA12*G12) | AC12: =IF(D12="","",_xlfn.XLOOKUP(A12,'11'!A:A,'11'!D:D,IF($U$6=0,0,"ERROR"))) | AD12: =IF(G12="","",AC12*G12) | AE12: =IF(D12="","",_xlfn.XLOOKUP(A12,'12'!A:A,'12'!D:D,IF($U$6=0,0,"ERROR"))) | AF12: =IF(G12="","",AE12*G12) | AG12: =IF(D12="","",_xlfn.XLOOKUP(A12,'13'!A:A,'13'!D:D,IF($U$6=0,0,"ERROR"))) | AH12: =IF(G12="","",AG12*G12) | AI12: =IF(D12="","",_xlfn.XLOOKUP(A12,'14'!A:A,'14'!D:D,IF($U$6=0,0,"ERROR"))) | AJ12: =IF(G12="","",AI12*G12) | AM12: =IF(D12="","",Q12+O12+M12+K12+I12+S12+U12+W12+Y12+AA12+AC12+AE12+AG12+AI12) | AN12: =IF(D12="","",R12+P12+N12+L12+J12+T12+V12+X12+Z12+AB12+AD12+AH12+AF12+AJ12) | AO12: =IF(AN12="","",IF(AM12*G12=AN12,"הכל טוב","לא טוב"))
A13: 11.011.9660 | B13: חידוש צבע פנים על קירות בדירת חדר מרוהטת בשטח 25-35 מ"ר ובגובה עד 2.70 מ'. הקירות ייצבעו בצבע אקרילי, ללא צביעת התקרות, לרבות הסרת צבע רופף, תיקונים קלים וסתימת חורים, ליטוש הקיר וניקוי שאריות הצבע בגמר העבודה | C13: קומפ | D13: 1770 | E13: =IF(D13="","",D13*0.15) -> 265.5 | F13: =IF(D13="","",D13*0.05) -> 88.5 | G13: =IF(D13="","",D13*1.05*0.85) -> 1579.725 | J13: =IF(D13="","",I13*G13) -> 0 | L13: =IF(G13="","",K13*G13) -> 0 | M13: =IF(D13="","",_xlfn.XLOOKUP(A13,'3'!A:A,'3'!D:D,IF($M$6=0,0,"ERROR"))) -> 5 | N13: =IF(G13="","",M13*G13) -> 7898.625 | O13: =IF(D13="","",_xlfn.XLOOKUP(A13,'4'!A:A,'4'!D:D,IF($O$6=0,0,"ERROR"))) -> 0 | P13: =IF(G13="","",O13*G13) -> 0 | Q13: =IF(D13="","",_xlfn.XLOOKUP(A13,'5'!A:A,'5'!D:D,IF($Q$6=0,0,"ERROR"))) -> 5 | R13: =IF(G13="","",Q13*G13) -> 7898.625 | S13: =IF(D13="","",_xlfn.XLOOKUP(A13,'6'!A:A,'6'!D:D,IF($Q$6=0,0,"ERROR"))) -> 4 | T13: =IF(G13="","",S13*G13) -> 6318.9 | U13: =IF(D13="","",_xlfn.XLOOKUP(A13,'7'!A:A,'7'!D:D,IF($U$6=0,0,"ERROR"))) -> 4 | V13: =IF(G13="","",U13*G13) -> 6318.9 | W13: =IF(D13="","",_xlfn.XLOOKUP(A13,'8'!A:A,'8'!D:D,IF($U$6=0,0,"ERROR"))) -> 4 | X13: =IF(G13="","",W13*G13) -> 6318.9 | Y13: =IF(D13="","",_xlfn.XLOOKUP(A13,'9'!A:A,'9'!D:D,IF($U$6=0,0,"ERROR"))) -> 3 | Z13: =IF(G13="","",Y13*G13) -> 4739.175 | AA13: =IF(D13="","",_xlfn.XLOOKUP(A13,'10'!A:A,'10'!D:D,IF($U$6=0,0,"ERROR"))) -> 4 | AB13: =IF(G13="","",AA13*G13) -> 6318.9 | AC13: =IF(D13="","",_xlfn.XLOOKUP(A13,'11'!A:A,'11'!D:D,IF($U$6=0,0,"ERROR"))) -> 3 | AD13: =IF(G13="","",AC13*G13) -> 4739.175 | AE13: =IF(D13="","",_xlfn.XLOOKUP(A13,'12'!A:A,'12'!D:D,IF($U$6=0,0,"ERROR"))) -> 2 | AF13: =IF(G13="","",AE13*G13) -> 3159.45 | AG13: =IF(D13="","",_xlfn.XLOOKUP(A13,'13'!A:A,'13'!D:D,IF($U$6=0,0,"ERROR"))) -> 3 | AH13: =IF(G13="","",AG13*G13) -> 4739.175 | AI13: =IF(D13="","",_xlfn.XLOOKUP(A13,'14'!A:A,'14'!D:D,IF($U$6=0,0,"ERROR"))) -> 0 | AJ13: =IF(G13="","",AI13*G13) -> 0 | AM13: =IF(D13="","",Q13+O13+M13+K13+I13+S13+U13+W13+Y13+AA13+AC13+AE13+AG13+AI13) -> 37 | AN13: =IF(D13="","",R13+P13+N13+L13+J13+T13+V13+X13+Z13+AB13+AD13+AH13+AF13+AJ13) -> 58449.825 | AO13: =IF(AN13="","",IF(AM13*G13=AN13,"הכל טוב","לא טוב")) -> הכל טוב
A14: 12 | B14: עבודות אלומיניום | E14: =IF(D14="","",D14*0.15) | F14: =IF(D14="","",D14*0.05) | G14: =IF(D14="","",D14*1.05*0.85) | J14: =IF(D14="","",I14*G14) | L14: =IF(G14="","",K14*G14) | M14: =IF(D14="","",_xlfn.XLOOKUP(A14,'3'!A:A,'3'!D:D,IF($M$6=0,0,"ERROR"))) | N14: =IF(G14="","",M14*G14) | O14: =IF(D14="","",_xlfn.XLOOKUP(A14,'4'!A:A,'4'!D:D,IF($O$6=0,0,"ERROR"))) | P14: =IF(G14="","",O14*G14) | Q14: =IF(D14="","",_xlfn.XLOOKUP(A14,'5'!A:A,'5'!D:D,IF($Q$6=0,0,"ERROR"))) | R14: =IF(G14="","",Q14*G14) | S14: =IF(D14="","",_xlfn.XLOOKUP(A14,'6'!A:A,'6'!D:D,IF($Q$6=0,0,"ERROR"))) | T14: =IF(G14="","",S14*G14) | U14: =IF(D14="","",_xlfn.XLOOKUP(A14,'7'!A:A,'7'!D:D,IF($U$6=0,0,"ERROR"))) | V14: =IF(G14="","",U14*G14) | W14: =IF(D14="","",_xlfn.XLOOKUP(A14,'8'!A:A,'8'!D:D,IF($U$6=0,0,"ERROR"))) | X14: =IF(G14="","",W14*G14) | Y14: =IF(D14="","",_xlfn.XLOOKUP(A14,'9'!A:A,'9'!D:D,IF($U$6=0,0,"ERROR"))) | Z14: =IF(G14="","",Y14*G14) | AA14: =IF(D14="","",_xlfn.XLOOKUP(A14,'10'!A:A,'10'!D:D,IF($U$6=0,0,"ERROR"))) | AB14: =IF(G14="","",AA14*G14) | AC14: =IF(D14="","",_xlfn.XLOOKUP(A14,'11'!A:A,'11'!D:D,IF($U$6=0,0,"ERROR"))) | AD14: =IF(G14="","",AC14*G14) | AE14: =IF(D14="","",_xlfn.XLOOKUP(A14,'12'!A:A,'12'!D:D,IF($U$6=0,0,"ERROR"))) | AF14: =IF(G14="","",AE14*G14) | AG14: =IF(D14="","",_xlfn.XLOOKUP(A14,'13'!A:A,'13'!D:D,IF($U$6=0,0,"ERROR"))) | AH14: =IF(G14="","",AG14*G14) | AI14: =IF(D14="","",_xlfn.XLOOKUP(A14,'14'!A:A,'14'!D:D,IF($U$6=0,0,"ERROR"))) | AJ14: =IF(G14="","",AI14*G14) | AM14: =IF(D14="","",Q14+O14+M14+K14+I14+S14+U14+W14+Y14+AA14+AC14+AE14+AG14+AI14) | AN14: =IF(D14="","",R14+P14+N14+L14+J14+T14+V14+X14+Z14+AB14+AD14+AH14+AF14+AJ14) | AO14: =IF(AN14="","",IF(AM14*G14=AN14,"הכל טוב","לא טוב"))
A15: 12.011 | B15: חלון אלומיניום נגרר אגף על אגף (הזזה) של 2 אגפים ב-2 מסלולים | E15: =IF(D15="","",D15*0.15) | F15: =IF(D15="","",D15*0.05) | G15: =IF(D15="","",D15*1.05*0.85) | J15: =IF(D15="","",I15*G15) | L15: =IF(G15="","",K15*G15) | M15: =IF(D15="","",_xlfn.XLOOKUP(A15,'3'!A:A,'3'!D:D,IF($M$6=0,0,"ERROR"))) | N15: =IF(G15="","",M15*G15) | O15: =IF(D15="","",_xlfn.XLOOKUP(A15,'4'!A:A,'4'!D:D,IF($O$6=0,0,"ERROR"))) | P15: =IF(G15="","",O15*G15) | Q15: =IF(D15="","",_xlfn.XLOOKUP(A15,'5'!A:A,'5'!D:D,IF($Q$6=0,0,"ERROR"))) | R15: =IF(G15="","",Q15*G15) | S15: =IF(D15="","",_xlfn.XLOOKUP(A15,'6'!A:A,'6'!D:D,IF($Q$6=0,0,"ERROR"))) | T15: =IF(G15="","",S15*G15) | U15: =IF(D15="","",_xlfn.XLOOKUP(A15,'7'!A:A,'7'!D:D,IF($U$6=0,0,"ERROR"))) | V15: =IF(G15="","",U15*G15) | W15: =IF(D15="","",_xlfn.XLOOKUP(A15,'8'!A:A,'8'!D:D,IF($U$6=0,0,"ERROR"))) | X15: =IF(G15="","",W15*G15) | Y15: =IF(D15="","",_xlfn.XLOOKUP(A15,'9'!A:A,'9'!D:D,IF($U$6=0,0,"ERROR"))) | Z15: =IF(G15="","",Y15*G15) | AA15: =IF(D15="","",_xlfn.XLOOKUP(A15,'10'!A:A,'10'!D:D,IF($U$6=0,0,"ERROR"))) | AB15: =IF(G15="","",AA15*G15) | AC15: =IF(D15="","",_xlfn.XLOOKUP(A15,'11'!A:A,'11'!D:D,IF($U$6=0,0,"ERROR"))) | AD15: =IF(G15="","",AC15*G15) | AE15: =IF(D15="","",_xlfn.XLOOKUP(A15,'12'!A:A,'12'!D:D,IF($U$6=0,0,"ERROR"))) | AF15: =IF(G15="","",AE15*G15) | AG15: =IF(D15="","",_xlfn.XLOOKUP(A15,'13'!A:A,'13'!D:D,IF($U$6=0,0,"ERROR"))) | AH15: =IF(G15="","",AG15*G15) | AI15: =IF(D15="","",_xlfn.XLOOKUP(A15,'14'!A:A,'14'!D:D,IF($U$6=0,0,"ERROR"))) | AJ15: =IF(G15="","",AI15*G15) | AM15: =IF(D15="","",Q15+O15+M15+K15+I15+S15+U15+W15+Y15+AA15+AC15+AE15+AG15+AI15) | AN15: =IF(D15="","",R15+P15+N15+L15+J15+T15+V15+X15+Z15+AB15+AD15+AH15+AF15+AJ15) | AO15: =IF(AN15="","",IF(AM15*G15=AN15,"הכל טוב","לא טוב"))
A16: 12.011.0210 | B16: חלון נגרר אגף על אגף של 2 אגפים ב-2 מסלולים מאולגן/צבוע כדוגמת קליל קלאסי 7000 או ש"ע, זכוכית שקופה בידודית 5+6+6 מ"מ, בשטח מעל 1.0 מ"ר ועד 2.0 מ"ר | C16: מ"ר | D16: 1760 | E16: =IF(D16="","",D16*0.15) -> 264 | F16: =IF(D16="","",D16*0.05) -> 88 | G16: =IF(D16="","",D16*1.05*0.85) -> 1570.8 | J16: =IF(D16="","",I16*G16) -> 0 | L16: =IF(G16="","",K16*G16) -> 0 | M16: =IF(D16="","",_xlfn.XLOOKUP(A16,'3'!A:A,'3'!D:D,IF($M$6=0,0,"ERROR"))) -> 0 | N16: =IF(G16="","",M16*G16) -> 0 | O16: =IF(D16="","",_xlfn.XLOOKUP(A16,'4'!A:A,'4'!D:D,IF($O$6=0,0,"ERROR"))) -> 0 | P16: =IF(G16="","",O16*G16) -> 0 | Q16: =IF(D16="","",_xlfn.XLOOKUP(A16,'5'!A:A,'5'!D:D,IF($Q$6=0,0,"ERROR"))) -> 0 | R16: =IF(G16="","",Q16*G16) -> 0 | S16: =IF(D16="","",_xlfn.XLOOKUP(A16,'6'!A:A,'6'!D:D,IF($Q$6=0,0,"ERROR"))) -> 0 | T16: =IF(G16="","",S16*G16) -> 0 | U16: =IF(D16="","",_xlfn.XLOOKUP(A16,'7'!A:A,'7'!D:D,IF($U$6=0,0,"ERROR"))) -> 0 | V16: =IF(G16="","",U16*G16) -> 0 | W16: =IF(D16="","",_xlfn.XLOOKUP(A16,'8'!A:A,'8'!D:D,IF($U$6=0,0,"ERROR"))) -> 0 | X16: =IF(G16="","",W16*G16) -> 0 | Y16: =IF(D16="","",_xlfn.XLOOKUP(A16,'9'!A:A,'9'!D:D,IF($U$6=0,0,"ERROR"))) -> 0 | Z16: =IF(G16="","",Y16*G16) -> 0 | AA16: =IF(D16="","",_xlfn.XLOOKUP(A16,'10'!A:A,'10'!D:D,IF($U$6=0,0,"ERROR"))) -> 0 | AB16: =IF(G16="","",AA16*G16) -> 0 | AC16: =IF(D16="","",_xlfn.XLOOKUP(A16,'11'!A:A,'11'!D:D,IF($U$6=0,0,"ERROR"))) -> 0 | AD16: =IF(G16="","",AC16*G16) -> 0 | AE16: =IF(D16="","",_xlfn.XLOOKUP(A16,'12'!A:A,'12'!D:D,IF($U$6=0,0,"ERROR"))) -> 0 | AF16: =IF(G16="","",AE16*G16) -> 0 | AG16: =IF(D16="","",_xlfn.XLOOKUP(A16,'13'!A:A,'13'!D:D,IF($U$6=0,0,"ERROR"))) -> 0 | AH16: =IF(G16="","",AG16*G16) -> 0 | AI16: =IF(D16="","",_xlfn.XLOOKUP(A16,'14'!A:A,'14'!D:D,IF($U$6=0,0,"ERROR"))) -> 1.722 | AJ16: =IF(G16="","",AI16*G16) -> 2704.9176 | AM16: =IF(D16="","",Q16+O16+M16+K16+I16+S16+U16+W16+Y16+AA16+AC16+AE16+AG16+AI16) -> 1.722 | AN16: =IF(D16="","",R16+P16+N16+L16+J16+T16+V16+X16+Z16+AB16+AD16+AH16+AF16+AJ16) -> 2704.9176 | AO16: =IF(AN16="","",IF(AM16*G16=AN16,"הכל טוב","לא טוב")) -> הכל טוב
A17: 12.011.0270 | B17: חלון נגרר אגף על אגף של 2 אגפים ב-2 מסלולים מאולגן/צבוע כדוגמת קליל קלאסי 9000 או ש"ע, זכוכית שקופה בידודית מחוסמת דו צדדי 6+10+8 מ"מ, בשטח מעל 2.0 מ"ר ועד 3.0 מ"ר | C17: מ"ר | D17: 1980 | E17: =IF(D17="","",D17*0.15) -> 297 | F17: =IF(D17="","",D17*0.05) -> 99 | G17: =IF(D17="","",D17*1.05*0.85) -> 1767.15 | J17: =IF(D17="","",I17*G17) -> 0 | L17: =IF(G17="","",K17*G17) -> 0 | M17: =IF(D17="","",_xlfn.XLOOKUP(A17,'3'!A:A,'3'!D:D,IF($M$6=0,0,"ERROR"))) -> 12.325 | N17: =IF(G17="","",M17*G17) -> 21780.124 | O17: =IF(D17="","",_xlfn.XLOOKUP(A17,'4'!A:A,'4'!D:D,IF($O$6=0,0,"ERROR"))) -> 2.485 | P17: =IF(G17="","",O17*G17) -> 4391.3677 | Q17: =IF(D17="","",_xlfn.XLOOKUP(A17,'5'!A:A,'5'!D:D,IF($Q$6=0,0,"ERROR"))) -> 18.825 | R17: =IF(G17="","",Q17*G17) -> 33266.599 | S17: =IF(D17="","",_xlfn.XLOOKUP(A17,'6'!A:A,'6'!D:D,IF($Q$6=0,0,"ERROR"))) -> 11.16 | T17: =IF(G17="","",S17*G17) -> 19721.394 | U17: =IF(D17="","",_xlfn.XLOOKUP(A17,'7'!A:A,'7'!D:D,IF($U$6=0,0,"ERROR"))) -> 9.212 | V17: =IF(G17="","",U17*G17) -> 16278.986 | W17: =IF(D17="","",_xlfn.XLOOKUP(A17,'8'!A:A,'8'!D:D,IF($U$6=0,0,"ERROR"))) -> 11.21 | X17: =IF(G17="","",W17*G17) -> 19809.751 | Y17: =IF(D17="","",_xlfn.XLOOKUP(A17,'9'!A:A,'9'!D:D,IF($U$6=0,0,"ERROR"))) -> 10.18 | Z17: =IF(G17="","",Y17*G17) -> 17989.587 | AA17: =IF(D17="","",_xlfn.XLOOKUP(A17,'10'!A:A,'10'!D:D,IF($U$6=0,0,"ERROR"))) -> 9.1668 | AB17: =IF(G17="","",AA17*G17) -> 16199.111 | AC17: =IF(D17="","",_xlfn.XLOOKUP(A17,'11'!A:A,'11'!D:D,IF($U$6=0,0,"ERROR"))) -> 10.05 | AD17: =IF(G17="","",AC17*G17) -> 17759.857 | AE17: =IF(D17="","",_xlfn.XLOOKUP(A17,'12'!A:A,'12'!D:D,IF($U$6=0,0,"ERROR"))) -> 4 | AF17: =IF(G17="","",AE17*G17) -> 7068.6 | AG17: =IF(D17="","",_xlfn.XLOOKUP(A17,'13'!A:A,'13'!D:D,IF($U$6=0,0,"ERROR"))) -> 5.655 | AH17: =IF(G17="","",AG17*G17) -> 9993.2332 | AI17: =IF(D17="","",_xlfn.XLOOKUP(A17,'14'!A:A,'14'!D:D,IF($U$6=0,0,"ERROR"))) -> 9.972 | AJ17: =IF(G17="","",AI17*G17) -> 17622.02 | AM17: =IF(D17="","",Q17+O17+M17+K17+I17+S17+U17+W17+Y17+AA17+AC17+AE17+AG17+AI17) -> 114.2408 | AN17: =IF(D17="","",R17+P17+N17+L17+J17+T17+V17+X17+Z17+AB17+AD17+AH17+AF17+AJ17) -> 201880.63 | AO17: =IF(AN17="","",IF(AM17*G17=AN17,"הכל טוב","לא טוב")) -> הכל טוב
A18: 12.012.0100 | B18: חלון נגרר אגף על אגף של 3 אגפים ב-3 מסלולים מאולגן/צבוע כדוגמת קליל קלאסי 9000 או ש"ע, זכוכית שקופה בידודית 5+6+6 מ"מ, בשטח מעל 1.0 מ"ר ועד 2.0 מ"ר | C18: מ"ר | D18: 2210 | E18: =IF(D18="","",D18*0.15) -> 331.5 | F18: =IF(D18="","",D18*0.05) -> 110.5 | G18: =IF(D18="","",D18*1.05*0.85) -> 1972.425 | J18: =IF(D18="","",I18*G18) -> 0 | L18: =IF(G18="","",K18*G18) -> 0 | M18: =IF(D18="","",_xlfn.XLOOKUP(A18,'3'!A:A,'3'!D:D,IF($M$6=0,0,"ERROR"))) -> 0 | N18: =IF(G18="","",M18*G18) -> 0 | O18: =IF(D18="","",_xlfn.XLOOKUP(A18,'4'!A:A,'4'!D:D,IF($O$6=0,0,"ERROR"))) -> 0 | P18: =IF(G18="","",O18*G18) -> 0 | Q18: =IF(D18="","",_xlfn.XLOOKUP(A18,'5'!A:A,'5'!D:D,IF($Q$6=0,0,"ERROR"))) -> 9.96 | R18: =IF(G18="","",Q18*G18) -> 19645.353 | S18: =IF(D18="","",_xlfn.XLOOKUP(A18,'6'!A:A,'6'!D:D,IF($Q$6=0,0,"ERROR"))) -> 0 | T18: =IF(G18="","",S18*G18) -> 0 | U18: =IF(D18="","",_xlfn.XLOOKUP(A18,'7'!A:A,'7'!D:D,IF($U$6=0,0,"ERROR"))) -> 0 | V18: =IF(G18="","",U18*G18) -> 0 | W18: =IF(D18="","",_xlfn.XLOOKUP(A18,'8'!A:A,'8'!D:D,IF($U$6=0,0,"ERROR"))) -> 0 | X18: =IF(G18="","",W18*G18) -> 0 | Y18: =IF(D18="","",_xlfn.XLOOKUP(A18,'9'!A:A,'9'!D:D,IF($U$6=0,0,"ERROR"))) -> 0 | Z18: =IF(G18="","",Y18*G18) -> 0 | AA18: =IF(D18="","",_xlfn.XLOOKUP(A18,'10'!A:A,'10'!D:D,IF($U$6=0,0,"ERROR"))) -> 0 | AB18: =IF(G18="","",AA18*G18) -> 0 | AC18: =IF(D18="","",_xlfn.XLOOKUP(A18,'11'!A:A,'11'!D:D,IF($U$6=0,0,"ERROR"))) -> 0 | AD18: =IF(G18="","",AC18*G18) -> 0 | AE18: =IF(D18="","",_xlfn.XLOOKUP(A18,'12'!A:A,'12'!D:D,IF($U$6=0,0,"ERROR"))) -> 0 | AF18: =IF(G18="","",AE18*G18) -> 0 | AG18: =IF(D18="","",_xlfn.XLOOKUP(A18,'13'!A:A,'13'!D:D,IF($U$6=0,0,"ERROR"))) -> 0 | AH18: =IF(G18="","",AG18*G18) -> 0 | AI18: =IF(D18="","",_xlfn.XLOOKUP(A18,'14'!A:A,'14'!D:D,IF($U$6=0,0,"ERROR"))) -> 0 | AJ18: =IF(G18="","",AI18*G18) -> 0 | AM18: =IF(D18="","",Q18+O18+M18+K18+I18+S18+U18+W18+Y18+AA18+AC18+AE18+AG18+AI18) -> 9.96 | AN18: =IF(D18="","",R18+P18+N18+L18+J18+T18+V18+X18+Z18+AB18+AD18+AH18+AF18+AJ18) -> 19645.353 | AO18: =IF(AN18="","",IF(AM18*G18=AN18,"הכל טוב","לא טוב")) -> הכל טוב
A19: 12.011.1001 | B19: תוספת עבור חלק קבוע בחלון נגרר אגף על אגף של 2 אגפים. התוספת הינה 15% למחיר מ"ר של החלון | C19: קומפ | D19: 0.15 | E19: =IF(D19="","",D19*0.15) -> 0.0225 | F19: =IF(D19="","",D19*0.05) -> 0.0075 | G19: =IF(D19="","",D19*1.05*0.85) -> 0.133875 | J19: =IF(D19="","",I19*G19) -> 0 | L19: =IF(G19="","",K19*G19) -> 0 | M19: =IF(D19="","",_xlfn.XLOOKUP(A19,'3'!A:A,'3'!D:D,IF($M$6=0,0,"ERROR"))) -> 0 | N19: =IF(G19="","",M19*G19) -> 0 | O19: =IF(D19="","",_xlfn.XLOOKUP(A19,'4'!A:A,'4'!D:D,IF($O$6=0,0,"ERROR"))) -> 4920.3 | P19: =IF(G19="","",O19*G19) -> 658.70516 | Q19: =IF(D19="","",_xlfn.XLOOKUP(A19,'5'!A:A,'5'!D:D,IF($Q$6=0,0,"ERROR"))) -> 59285.1 | R19: =IF(G19="","",Q19*G19) -> 7936.7928 | S19: =IF(D19="","",_xlfn.XLOOKUP(A19,'6'!A:A,'6'!D:D,IF($Q$6=0,0,"ERROR"))) -> 22096.8 | T19: =IF(G19="","",S19*G19) -> 2958.2091 | U19: =IF(D19="","",_xlfn.XLOOKUP(A19,'7'!A:A,'7'!D:D,IF($U$6=0,0,"ERROR"))) -> 0 | V19: =IF(G19="","",U19*G19) -> 0 | W19: =IF(D19="","",_xlfn.XLOOKUP(A19,'8'!A:A,'8'!D:D,IF($U$6=0,0,"ERROR"))) -> 0 | X19: =IF(G19="","",W19*G19) -> 0 | Y19: =IF(D19="","",_xlfn.XLOOKUP(A19,'9'!A:A,'9'!D:D,IF($U$6=0,0,"ERROR"))) -> 6557.76 | Z19: =IF(G19="","",Y19*G19) -> 877.92012 | AA19: =IF(D19="","",_xlfn.XLOOKUP(A19,'10'!A:A,'10'!D:D,IF($U$6=0,0,"ERROR"))) -> 0 | AB19: =IF(G19="","",AA19*G19) -> 0 | AC19: =IF(D19="","",_xlfn.XLOOKUP(A19,'11'!A:A,'11'!D:D,IF($U$6=0,0,"ERROR"))) -> 12553.2 | AD19: =IF(G19="","",AC19*G19) -> 1680.5596 | AE19: =IF(D19="","",_xlfn.XLOOKUP(A19,'12'!A:A,'12'!D:D,IF($U$6=0,0,"ERROR"))) -> 7068 | AF19: =IF(G19="","",AE19*G19) -> 946.2285 | AG19: =IF(D19="","",_xlfn.XLOOKUP(A19,'13'!A:A,'13'!D:D,IF($U$6=0,0,"ERROR"))) -> 7312.68 | AH19: =IF(G19="","",AG19*G19) -> 978.98504 | AI19: =IF(D19="","",_xlfn.XLOOKUP(A19,'14'!A:A,'14'!D:D,IF($U$6=0,0,"ERROR"))) -> 6415.2 | AJ19: =IF(G19="","",AI19*G19) -> 858.8349 | AM19: =IF(D19="","",Q19+O19+M19+K19+I19+S19+U19+W19+Y19+AA19+AC19+AE19+AG19+AI19) -> 126209.04 | AN19: =IF(D19="","",R19+P19+N19+L19+J19+T19+V19+X19+Z19+AB19+AD19+AH19+AF19+AJ19) -> 16896.235 | AO19: =IF(AN19="","",IF(AM19*G19=AN19,"הכל טוב","לא טוב")) -> הכל טוב
A20: 12.011.9000 | B20: פירוק חלונות אלומיניום ומשקופיהם בשטח של עד 2 מ"ר | C20: יח' | D20: 140 | E20: =IF(D20="","",D20*0.15) -> 21 | F20: =IF(D20="","",D20*0.05) -> 7 | G20: =IF(D20="","",D20*1.05*0.85) -> 124.95 | J20: =IF(D20="","",I20*G20) -> 0 | L20: =IF(G20="","",K20*G20) -> 0 | M20: =IF(D20="","",_xlfn.XLOOKUP(A20,'3'!A:A,'3'!D:D,IF($M$6=0,0,"ERROR"))) -> 0 | N20: =IF(G20="","",M20*G20) -> 0 | O20: =IF(D20="","",_xlfn.XLOOKUP(A20,'4'!A:A,'4'!D:D,IF($O$6=0,0,"ERROR"))) -> 0 | P20: =IF(G20="","",O20*G20) -> 0 | Q20: =IF(D20="","",_xlfn.XLOOKUP(A20,'5'!A:A,'5'!D:D,IF($Q$6=0,0,"ERROR"))) -> 0 | R20: =IF(G20="","",Q20*G20) -> 0 | S20: =IF(D20="","",_xlfn.XLOOKUP(A20,'6'!A:A,'6'!D:D,IF($Q$6=0,0,"ERROR"))) -> 0 | T20: =IF(G20="","",S20*G20) -> 0 | U20: =IF(D20="","",_xlfn.XLOOKUP(A20,'7'!A:A,'7'!D:D,IF($U$6=0,0,"ERROR"))) -> 3 | V20: =IF(G20="","",U20*G20) -> 374.85 | W20: =IF(D20="","",_xlfn.XLOOKUP(A20,'8'!A:A,'8'!D:D,IF($U$6=0,0,"ERROR"))) -> 0 | X20: =IF(G20="","",W20*G20) -> 0 | Y20: =IF(D20="","",_xlfn.XLOOKUP(A20,'9'!A:A,'9'!D:D,IF($U$6=0,0,"ERROR"))) -> 1 | Z20: =IF(G20="","",Y20*G20) -> 124.95 | AA20: =IF(D20="","",_xlfn.XLOOKUP(A20,'10'!A:A,'10'!D:D,IF($U$6=0,0,"ERROR"))) -> 2 | AB20: =IF(G20="","",AA20*G20) -> 249.9 | AC20: =IF(D20="","",_xlfn.XLOOKUP(A20,'11'!A:A,'11'!D:D,IF($U$6=0,0,"ERROR"))) -> 0 | AD20: =IF(G20="","",AC20*G20) -> 0 | AE20: =IF(D20="","",_xlfn.XLOOKUP(A20,'12'!A:A,'12'!D:D,IF($U$6=0,0,"ERROR"))) -> 2 | AF20: =IF(G20="","",AE20*G20) -> 249.9 | AG20: =IF(D20="","",_xlfn.XLOOKUP(A20,'13'!A:A,'13'!D:D,IF($U$6=0,0,"ERROR"))) -> 3 | AH20: =IF(G20="","",AG20*G20) -> 374.85 | AI20: =IF(D20="","",_xlfn.XLOOKUP(A20,'14'!A:A,'14'!D:D,IF($U$6=0,0,"ERROR"))) -> 0 | AJ20: =IF(G20="","",AI20*G20) -> 0 | AM20: =IF(D20="","",Q20+O20+M20+K20+I20+S20+U20+W20+Y20+AA20+AC20+AE20+AG20+AI20) -> 11 | AN20: =IF(D20="","",R20+P20+N20+L20+J20+T20+V20+X20+Z20+AB20+AD20+AH20+AF20+AJ20) -> 1374.45 | AO20: =IF(AN20="","",IF(AM20*G20=AN20,"הכל טוב","לא טוב")) -> הכל טוב
A21: 12.011.9016 | B21: פירוק חלונות אלומיניום ומשקופיהם בשטח של מעל 2 מ"ר ועד 3 מ"ר | C21: יח' | D21: 240 | E21: =IF(D21="","",D21*0.15) -> 36 | F21: =IF(D21="","",D21*0.05) -> 12 | G21: =IF(D21="","",D21*1.05*0.85) -> 214.2 | J21: =IF(D21="","",I21*G21) -> 0 | L21: =IF(G21="","",K21*G21) -> 0 | M21: =IF(D21="","",_xlfn.XLOOKUP(A21,'3'!A:A,'3'!D:D,IF($M$6=0,0,"ERROR"))) -> 5 | N21: =IF(G21="","",M21*G21) -> 1071 | O21: =IF(D21="","",_xlfn.XLOOKUP(A21,'4'!A:A,'4'!D:D,IF($O$6=0,0,"ERROR"))) -> 1 | P21: =IF(G21="","",O21*G21) -> 214.2 | Q21: =IF(D21="","",_xlfn.XLOOKUP(A21,'5'!A:A,'5'!D:D,IF($Q$6=0,0,"ERROR"))) -> 0 | R21: =IF(G21="","",Q21*G21) -> 0 | S21: =IF(D21="","",_xlfn.XLOOKUP(A21,'6'!A:A,'6'!D:D,IF($Q$6=0,0,"ERROR"))) -> 0 | T21: =IF(G21="","",S21*G21) -> 0 | U21: =IF(D21="","",_xlfn.XLOOKUP(A21,'7'!A:A,'7'!D:D,IF($U$6=0,0,"ERROR"))) -> 3 | V21: =IF(G21="","",U21*G21) -> 642.6 | W21: =IF(D21="","",_xlfn.XLOOKUP(A21,'8'!A:A,'8'!D:D,IF($U$6=0,0,"ERROR"))) -> 0 | X21: =IF(G21="","",W21*G21) -> 0 | Y21: =IF(D21="","",_xlfn.XLOOKUP(A21,'9'!A:A,'9'!D:D,IF($U$6=0,0,"ERROR"))) -> 3 | Z21: =IF(G21="","",Y21*G21) -> 642.6 | AA21: =IF(D21="","",_xlfn.XLOOKUP(A21,'10'!A:A,'10'!D:D,IF($U$6=0,0,"ERROR"))) -> 3 | AB21: =IF(G21="","",AA21*G21) -> 642.6 | AC21: =IF(D21="","",_xlfn.XLOOKUP(A21,'11'!A:A,'11'!D:D,IF($U$6=0,0,"ERROR"))) -> 2 | AD21: =IF(G21="","",AC21*G21) -> 428.4 | AE21: =IF(D21="","",_xlfn.XLOOKUP(A21,'12'!A:A,'12'!D:D,IF($U$6=0,0,"ERROR"))) -> 0 | AF21: =IF(G21="","",AE21*G21) -> 0 | AG21: =IF(D21="","",_xlfn.XLOOKUP(A21,'13'!A:A,'13'!D:D,IF($U$6=0,0,"ERROR"))) -> 0 | AH21: =IF(G21="","",AG21*G21) -> 0 | AI21: =IF(D21="","",_xlfn.XLOOKUP(A21,'14'!A:A,'14'!D:D,IF($U$6=0,0,"ERROR"))) -> 0 | AJ21: =IF(G21="","",AI21*G21) -> 0 | AM21: =IF(D21="","",Q21+O21+M21+K21+I21+S21+U21+W21+Y21+AA21+AC21+AE21+AG21+AI21) -> 17 | AN21: =IF(D21="","",R21+P21+N21+L21+J21+T21+V21+X21+Z21+AB21+AD21+AH21+AF21+AJ21) -> 3641.4 | AO21: =IF(AN21="","",IF(AM21*G21=AN21,"הכל טוב","לא טוב")) -> הכל טוב
A22: 12.011.9017 | B22: פירוק חלונות אלומיניום ומשקופיהם בשטח של מעל 3 מ"ר ועד 5 מ"ר | C22: יח' | D22: 310 | E22: =IF(D22="","",D22*0.15) -> 46.5 | F22: =IF(D22="","",D22*0.05) -> 15.5 | G22: =IF(D22="","",D22*1.05*0.85) -> 276.675 | J22: =IF(D22="","",I22*G22) -> 0 | L22: =IF(G22="","",K22*G22) -> 0 | M22: =IF(D22="","",_xlfn.XLOOKUP(A22,'3'!A:A,'3'!D:D,IF($M$6=0,0,"ERROR"))) -> 0 | N22: =IF(G22="","",M22*G22) -> 0 | O22: =IF(D22="","",_xlfn.XLOOKUP(A22,'4'!A:A,'4'!D:D,IF($O$6=0,0,"ERROR"))) -> 0 | P22: =IF(G22="","",O22*G22) -> 0 | Q22: =IF(D22="","",_xlfn.XLOOKUP(A22,'5'!A:A,'5'!D:D,IF($Q$6=0,0,"ERROR"))) -> 7 | R22: =IF(G22="","",Q22*G22) -> 1936.725 | S22: =IF(D22="","",_xlfn.XLOOKUP(A22,'6'!A:A,'6'!D:D,IF($Q$6=0,0,"ERROR"))) -> 3 | T22: =IF(G22="","",S22*G22) -> 830.025 | U22: =IF(D22="","",_xlfn.XLOOKUP(A22,'7'!A:A,'7'!D:D,IF($U$6=0,0,"ERROR"))) -> 0 | V22: =IF(G22="","",U22*G22) -> 0 | W22: =IF(D22="","",_xlfn.XLOOKUP(A22,'8'!A:A,'8'!D:D,IF($U$6=0,0,"ERROR"))) -> 6 | X22: =IF(G22="","",W22*G22) -> 1660.05 | Y22: =IF(D22="","",_xlfn.XLOOKUP(A22,'9'!A:A,'9'!D:D,IF($U$6=0,0,"ERROR"))) -> 1 | Z22: =IF(G22="","",Y22*G22) -> 276.675 | AA22: =IF(D22="","",_xlfn.XLOOKUP(A22,'10'!A:A,'10'!D:D,IF($U$6=0,0,"ERROR"))) -> 5 | AB22: =IF(G22="","",AA22*G22) -> 1383.375 | AC22: =IF(D22="","",_xlfn.XLOOKUP(A22,'11'!A:A,'11'!D:D,IF($U$6=0,0,"ERROR"))) -> 1 | AD22: =IF(G22="","",AC22*G22) -> 276.675 | AE22: =IF(D22="","",_xlfn.XLOOKUP(A22,'12'!A:A,'12'!D:D,IF($U$6=0,0,"ERROR"))) -> 2 | AF22: =IF(G22="","",AE22*G22) -> 553.35 | AG22: =IF(D22="","",_xlfn.XLOOKUP(A22,'13'!A:A,'13'!D:D,IF($U$6=0,0,"ERROR"))) -> 1 | AH22: =IF(G22="","",AG22*G22) -> 276.675 | AI22: =IF(D22="","",_xlfn.XLOOKUP(A22,'14'!A:A,'14'!D:D,IF($U$6=0,0,"ERROR"))) -> 0 | AJ22: =IF(G22="","",AI22*G22) -> 0 | AM22: =IF(D22="","",Q22+O22+M22+K22+I22+S22+U22+W22+Y22+AA22+AC22+AE22+AG22+AI22) -> 26 | AN22: =IF(D22="","",R22+P22+N22+L22+J22+T22+V22+X22+Z22+AB22+AD22+AH22+AF22+AJ22) -> 7193.55 | AO22: =IF(AN22="","",IF(AM22*G22=AN22,"הכל טוב","לא טוב")) -> הכל טוב
A23: 12.014 | B23: חלון אלומיניום ציר צד וחלון דו-צירי סב-נטוי (DREH-KIPP) | E23: =IF(D23="","",D23*0.15) | F23: =IF(D23="","",D23*0.05) | G23: =IF(D23="","",D23*1.05*0.85) | J23: =IF(D23="","",I23*G23) | L23: =IF(G23="","",K23*G23) | M23: =IF(D23="","",_xlfn.XLOOKUP(A23,'3'!A:A,'3'!D:D,IF($M$6=0,0,"ERROR"))) | N23: =IF(G23="","",M23*G23) | O23: =IF(D23="","",_xlfn.XLOOKUP(A23,'4'!A:A,'4'!D:D,IF($O$6=0,0,"ERROR"))) | P23: =IF(G23="","",O23*G23) | Q23: =IF(D23="","",_xlfn.XLOOKUP(A23,'5'!A:A,'5'!D:D,IF($Q$6=0,0,"ERROR"))) | R23: =IF(G23="","",Q23*G23) | S23: =IF(D23="","",_xlfn.XLOOKUP(A23,'6'!A:A,'6'!D:D,IF($Q$6=0,0,"ERROR"))) | T23: =IF(G23="","",S23*G23) | U23: =IF(D23="","",_xlfn.XLOOKUP(A23,'7'!A:A,'7'!D:D,IF($U$6=0,0,"ERROR"))) | V23: =IF(G23="","",U23*G23) | W23: =IF(D23="","",_xlfn.XLOOKUP(A23,'8'!A:A,'8'!D:D,IF($U$6=0,0,"ERROR"))) | X23: =IF(G23="","",W23*G23) | Y23: =IF(D23="","",_xlfn.XLOOKUP(A23,'9'!A:A,'9'!D:D,IF($U$6=0,0,"ERROR"))) | Z23: =IF(G23="","",Y23*G23) | AA23: =IF(D23="","",_xlfn.XLOOKUP(A23,'10'!A:A,'10'!D:D,IF($U$6=0,0,"ERROR"))) | AB23: =IF(G23="","",AA23*G23) | AC23: =IF(D23="","",_xlfn.XLOOKUP(A23,'11'!A:A,'11'!D:D,IF($U$6=0,0,"ERROR"))) | AD23: =IF(G23="","",AC23*G23) | AE23: =IF(D23="","",_xlfn.XLOOKUP(A23,'12'!A:A,'12'!D:D,IF($U$6=0,0,"ERROR"))) | AF23: =IF(G23="","",AE23*G23) | AG23: =IF(D23="","",_xlfn.XLOOKUP(A23,'13'!A:A,'13'!D:D,IF($U$6=0,0,"ERROR"))) | AH23: =IF(G23="","",AG23*G23) | AI23: =IF(D23="","",_xlfn.XLOOKUP(A23,'14'!A:A,'14'!D:D,IF($U$6=0,0,"ERROR"))) | AJ23: =IF(G23="","",AI23*G23) | AM23: =IF(D23="","",Q23+O23+M23+K23+I23+S23+U23+W23+Y23+AA23+AC23+AE23+AG23+AI23) | AN23: =IF(D23="","",R23+P23+N23+L23+J23+T23+V23+X23+Z23+AB23+AD23+AH23+AF23+AJ23) | AO23: =IF(AN23="","",IF(AM23*G23=AN23,"הכל טוב","לא טוב"))
A24: 12.014.0400 | B24: חלון ציר-צד מאולגן/צבוע כדוגמת קליל קלאסי 4500 או ש"ע, זכוכית שקופה בידודית 5+6+6 מ"מ, בשטח מעל 0.6 מ"ר ועד 1.0 מ"ר | C24: מ"ר | D24: 2220 | E24: =IF(D24="","",D24*0.15) -> 333 | F24: =IF(D24="","",D24*0.05) -> 111 | G24: =IF(D24="","",D24*1.05*0.85) -> 1981.35 | J24: =IF(D24="","",I24*G24) -> 0 | L24: =IF(G24="","",K24*G24) -> 0 | M24: =IF(D24="","",_xlfn.XLOOKUP(A24,'3'!A:A,'3'!D:D,IF($M$6=0,0,"ERROR"))) -> 0 | N24: =IF(G24="","",M24*G24) -> 0 | O24: =IF(D24="","",_xlfn.XLOOKUP(A24,'4'!A:A,'4'!D:D,IF($O$6=0,0,"ERROR"))) -> 0 | P24: =IF(G24="","",O24*G24) -> 0 | Q24: =IF(D24="","",_xlfn.XLOOKUP(A24,'5'!A:A,'5'!D:D,IF($Q$6=0,0,"ERROR"))) -> 0 | R24: =IF(G24="","",Q24*G24) -> 0 | S24: =IF(D24="","",_xlfn.XLOOKUP(A24,'6'!A:A,'6'!D:D,IF($Q$6=0,0,"ERROR"))) -> 0 | T24: =IF(G24="","",S24*G24) -> 0 | U24: =IF(D24="","",_xlfn.XLOOKUP(A24,'7'!A:A,'7'!D:D,IF($U$6=0,0,"ERROR"))) -> 0 | V24: =IF(G24="","",U24*G24) -> 0 | W24: =IF(D24="","",_xlfn.XLOOKUP(A24,'8'!A:A,'8'!D:D,IF($U$6=0,0,"ERROR"))) -> 0 | X24: =IF(G24="","",W24*G24) -> 0 | Y24: =IF(D24="","",_xlfn.XLOOKUP(A24,'9'!A:A,'9'!D:D,IF($U$6=0,0,"ERROR"))) -> 0 | Z24: =IF(G24="","",Y24*G24) -> 0 | AA24: =IF(D24="","",_xlfn.XLOOKUP(A24,'10'!A:A,'10'!D:D,IF($U$6=0,0,"ERROR"))) -> 0 | AB24: =IF(G24="","",AA24*G24) -> 0 | AC24: =IF(D24="","",_xlfn.XLOOKUP(A24,'11'!A:A,'11'!D:D,IF($U$6=0,0,"ERROR"))) -> 0 | AD24: =IF(G24="","",AC24*G24) -> 0 | AE24: =IF(D24="","",_xlfn.XLOOKUP(A24,'12'!A:A,'12'!D:D,IF($U$6=0,0,"ERROR"))) -> 0 | AF24: =IF(G24="","",AE24*G24) -> 0 | AG24: =IF(D24="","",_xlfn.XLOOKUP(A24,'13'!A:A,'13'!D:D,IF($U$6=0,0,"ERROR"))) -> 3.33 | AH24: =IF(G24="","",AG24*G24) -> 6597.8955 | AI24: =IF(D24="","",_xlfn.XLOOKUP(A24,'14'!A:A,'14'!D:D,IF($U$6=0,0,"ERROR"))) -> 0 | AJ24: =IF(G24="","",AI24*G24) -> 0 | AM24: =IF(D24="","",Q24+O24+M24+K24+I24+S24+U24+W24+Y24+AA24+AC24+AE24+AG24+AI24) -> 3.33 | AN24: =IF(D24="","",R24+P24+N24+L24+J24+T24+V24+X24+Z24+AB24+AD24+AH24+AF24+AJ24) -> 6597.8955 | AO24: =IF(AN24="","",IF(AM24*G24=AN24,"הכל טוב","לא טוב")) -> הכל טוב
A25: 12.014.0650 | B25: חלון ציר-צד מאולגן/צבוע כדוגמת קליל קלאסי 4500 או ש"ע, זכוכית שקופה בידודית 5+6+6 מ"מ, בשטח מעל 0.6 מ"ר ועד 1.0 מ"ר | C25: מ"ר | D25: 2790 | E25: =IF(D25="","",D25*0.15) -> 418.5 | F25: =IF(D25="","",D25*0.05) -> 139.5 | G25: =IF(D25="","",D25*1.05*0.85) -> 2490.075 | J25: =IF(D25="","",I25*G25) -> 0 | L25: =IF(G25="","",K25*G25) -> 0 | M25: =IF(D25="","",_xlfn.XLOOKUP(A25,'3'!A:A,'3'!D:D,IF($M$6=0,0,"ERROR"))) -> 0 | N25: =IF(G25="","",M25*G25) -> 0 | O25: 0 | P25: =IF(G25="","",O25*G25) -> 0 | Q25: 0 | R25: =IF(G25="","",Q25*G25) -> 0 | S25: =IF(D25="","",_xlfn.XLOOKUP(A25,'6'!A:A,'6'!D:D,IF($Q$6=0,0,"ERROR"))) -> 0 | T25: =IF(G25="","",S25*G25) -> 0 | U25: 0 | V25: =IF(G25="","",U25*G25) -> 0 | W25: =IF(D25="","",_xlfn.XLOOKUP(A25,'8'!A:A,'8'!D:D,IF($U$6=0,0,"ERROR"))) -> 0 | X25: =IF(G25="","",W25*G25) -> 0 | Y25: 0 | Z25: =IF(G25="","",Y25*G25) -> 0 | AA25: =IF(D25="","",_xlfn.XLOOKUP(A25,'10'!A:A,'10'!D:D,IF($U$6=0,0,"ERROR"))) -> 0 | AB25: =IF(G25="","",AA25*G25) -> 0 | AC25: 0 | AD25: =IF(G25="","",AC25*G25) -> 0 | AE25: 0 | AF25: =IF(G25="","",AE25*G25) -> 0 | AG25: 0 | AH25: =IF(G25="","",AG25*G25) -> 0 | AI25: 0 | AJ25: =IF(G25="","",AI25*G25) -> 0 | AM25: =IF(D25="","",Q25+O25+M25+K25+I25+S25+U25+W25+Y25+AA25+AC25+AE25+AG25+AI25) -> 0 | AN25: =IF(D25="","",R25+P25+N25+L25+J25+T25+V25+X25+Z25+AB25+AD25+AH25+AF25+AJ25) -> 0 | AO25: =IF(AN25="","",IF(AM25*G25=AN25,"הכל טוב","לא טוב")) -> הכל טוב
A26: 12.014.0660 | B26: חלון דו-צירי סב נטוי (דריי קיפ), מאולגן/צבוע כדוגמת קליל קלאסי 4500 או ש"ע, זכוכית שקופה בידודית מחוסמת דו צדדי 6+10+8 מ"מ, בשטח מעל 1.0 מ"ר ועד 2.0 מ"ר | C26: מ"ר | D26: 2700 | E26: =IF(D26="","",D26*0.15) -> 405 | F26: =IF(D26="","",D26*0.05) -> 135 | G26: =IF(D26="","",D26*1.05*0.85) -> 2409.75 | J26: =IF(D26="","",I26*G26) -> 0 | L26: =IF(G26="","",K26*G26) -> 0 | M26: =IF(D26="","",_xlfn.XLOOKUP(A26,'3'!A:A,'3'!D:D,IF($M$6=0,0,"ERROR"))) -> 0 | N26: =IF(G26="","",M26*G26) -> 0 | O26: =IF(D26="","",_xlfn.XLOOKUP(A26,'4'!A:A,'4'!D:D,IF($O$6=0,0,"ERROR"))) -> 0 | P26: =IF(G26="","",O26*G26) -> 0 | Q26: =IF(D26="","",_xlfn.XLOOKUP(A26,'5'!A:A,'5'!D:D,IF($Q$6=0,0,"ERROR"))) -> 0 | R26: =IF(G26="","",Q26*G26) -> 0 | S26: =IF(D26="","",_xlfn.XLOOKUP(A26,'6'!A:A,'6'!D:D,IF($Q$6=0,0,"ERROR"))) -> 0 | T26: =IF(G26="","",S26*G26) -> 0 | U26: =IF(D26="","",_xlfn.XLOOKUP(A26,'7'!A:A,'7'!D:D,IF($U$6=0,0,"ERROR"))) -> 0 | V26: =IF(G26="","",U26*G26) -> 0 | W26: =IF(D26="","",_xlfn.XLOOKUP(A26,'8'!A:A,'8'!D:D,IF($U$6=0,0,"ERROR"))) -> 0 | X26: =IF(G26="","",W26*G26) -> 0 | Y26: =IF(D26="","",_xlfn.XLOOKUP(A26,'9'!A:A,'9'!D:D,IF($U$6=0,0,"ERROR"))) -> 0 | Z26: =IF(G26="","",Y26*G26) -> 0 | AA26: =IF(D26="","",_xlfn.XLOOKUP(A26,'10'!A:A,'10'!D:D,IF($U$6=0,0,"ERROR"))) -> 0 | AB26: =IF(G26="","",AA26*G26) -> 0 | AC26: =IF(D26="","",_xlfn.XLOOKUP(A26,'11'!A:A,'11'!D:D,IF($U$6=0,0,"ERROR"))) -> 0 | AD26: =IF(G26="","",AC26*G26) -> 0 | AE26: =IF(D26="","",_xlfn.XLOOKUP(A26,'12'!A:A,'12'!D:D,IF($U$6=0,0,"ERROR"))) -> 0 | AF26: =IF(G26="","",AE26*G26) -> 0 | AG26: =IF(D26="","",_xlfn.XLOOKUP(A26,'13'!A:A,'13'!D:D,IF($U$6=0,0,"ERROR"))) -> 0 | AH26: =IF(G26="","",AG26*G26) -> 0 | AI26: =IF(D26="","",_xlfn.XLOOKUP(A26,'14'!A:A,'14'!D:D,IF($U$6=0,0,"ERROR"))) -> 0 | AJ26: =IF(G26="","",AI26*G26) -> 0 | AM26: =IF(D26="","",Q26+O26+M26+K26+I26+S26+U26+W26+Y26+AA26+AC26+AE26+AG26+AI26) -> 0 | AN26: =IF(D26="","",R26+P26+N26+L26+J26+T26+V26+X26+Z26+AB26+AD26+AH26+AF26+AJ26) -> 0 | AO26: =IF(AN26="","",IF(AM26*G26=AN26,"הכל טוב","לא טוב")) -> הכל טוב
A27: 12.016 | B27: חלון אלומיניום קיפ וחלון קבוע | E27: =IF(D27="","",D27*0.15) | F27: =IF(D27="","",D27*0.05) | G27: =IF(D27="","",D27*1.05*0.85) | J27: =IF(D27="","",I27*G27) | L27: =IF(G27="","",K27*G27) | M27: =IF(D27="","",_xlfn.XLOOKUP(A27,'3'!A:A,'3'!D:D,IF($M$6=0,0,"ERROR"))) | N27: =IF(G27="","",M27*G27) | O27: =IF(D27="","",_xlfn.XLOOKUP(A27,'4'!A:A,'4'!D:D,IF($O$6=0,0,"ERROR"))) | P27: =IF(G27="","",O27*G27) | Q27: =IF(D27="","",_xlfn.XLOOKUP(A27,'5'!A:A,'5'!D:D,IF($Q$6=0,0,"ERROR"))) | R27: =IF(G27="","",Q27*G27) | S27: =IF(D27="","",_xlfn.XLOOKUP(A27,'6'!A:A,'6'!D:D,IF($Q$6=0,0,"ERROR"))) | T27: =IF(G27="","",S27*G27) | U27: =IF(D27="","",_xlfn.XLOOKUP(A27,'7'!A:A,'7'!D:D,IF($U$6=0,0,"ERROR"))) | V27: =IF(G27="","",U27*G27) | W27: =IF(D27="","",_xlfn.XLOOKUP(A27,'8'!A:A,'8'!D:D,IF($U$6=0,0,"ERROR"))) | X27: =IF(G27="","",W27*G27) | Y27: =IF(D27="","",_xlfn.XLOOKUP(A27,'9'!A:A,'9'!D:D,IF($U$6=0,0,"ERROR"))) | Z27: =IF(G27="","",Y27*G27) | AA27: =IF(D27="","",_xlfn.XLOOKUP(A27,'10'!A:A,'10'!D:D,IF($U$6=0,0,"ERROR"))) | AB27: =IF(G27="","",AA27*G27) | AC27: =IF(D27="","",_xlfn.XLOOKUP(A27,'11'!A:A,'11'!D:D,IF($U$6=0,0,"ERROR"))) | AD27: =IF(G27="","",AC27*G27) | AE27: =IF(D27="","",_xlfn.XLOOKUP(A27,'12'!A:A,'12'!D:D,IF($U$6=0,0,"ERROR"))) | AF27: =IF(G27="","",AE27*G27) | AG27: =IF(D27="","",_xlfn.XLOOKUP(A27,'13'!A:A,'13'!D:D,IF($U$6=0,0,"ERROR"))) | AH27: =IF(G27="","",AG27*G27) | AI27: =IF(D27="","",_xlfn.XLOOKUP(A27,'14'!A:A,'14'!D:D,IF($U$6=0,0,"ERROR"))) | AJ27: =IF(G27="","",AI27*G27) | AM27: =IF(D27="","",Q27+O27+M27+K27+I27+S27+U27+W27+Y27+AA27+AC27+AE27+AG27+AI27) | AN27: =IF(D27="","",R27+P27+N27+L27+J27+T27+V27+X27+Z27+AB27+AD27+AH27+AF27+AJ27) | AO27: =IF(AN27="","",IF(AM27*G27=AN27,"הכל טוב","לא טוב"))
A28: 12.016.0600 | B28: חלון קבוע כדוגמת קליל קלאסי 4500 או ש"ע, זכוכית שקופה בידודית 5+6+6 מ"מ, בשטח מעל 0.6 מ"ר ועד 1.0 מ"ר | C28: יח' | D28: 1310 | E28: =IF(D28="","",D28*0.15) -> 196.5 | F28: =IF(D28="","",D28*0.05) -> 65.5 | G28: =IF(D28="","",D28*1.05*0.85) -> 1169.175 | J28: =IF(D28="","",I28*G28) -> 0 | L28: =IF(G28="","",K28*G28) -> 0 | M28: =IF(D28="","",_xlfn.XLOOKUP(A28,'3'!A:A,'3'!D:D,IF($M$6=0,0,"ERROR"))) -> 0 | N28: =IF(G28="","",M28*G28) -> 0 | O28: =IF(D28="","",_xlfn.XLOOKUP(A28,'4'!A:A,'4'!D:D,IF($O$6=0,0,"ERROR"))) -> 0 | P28: =IF(G28="","",O28*G28) -> 0 | Q28: =IF(D28="","",_xlfn.XLOOKUP(A28,'5'!A:A,'5'!D:D,IF($Q$6=0,0,"ERROR"))) -> 0 | R28: =IF(G28="","",Q28*G28) -> 0 | S28: =IF(D28="","",_xlfn.XLOOKUP(A28,'6'!A:A,'6'!D:D,IF($Q$6=0,0,"ERROR"))) -> 0 | T28: =IF(G28="","",S28*G28) -> 0 | U28: =IF(D28="","",_xlfn.XLOOKUP(A28,'7'!A:A,'7'!D:D,IF($U$6=0,0,"ERROR"))) -> 0 | V28: =IF(G28="","",U28*G28) -> 0 | W28: =IF(D28="","",_xlfn.XLOOKUP(A28,'8'!A:A,'8'!D:D,IF($U$6=0,0,"ERROR"))) -> 0 | X28: =IF(G28="","",W28*G28) -> 0 | Y28: =IF(D28="","",_xlfn.XLOOKUP(A28,'9'!A:A,'9'!D:D,IF($U$6=0,0,"ERROR"))) -> 0 | Z28: =IF(G28="","",Y28*G28) -> 0 | AA28: =IF(D28="","",_xlfn.XLOOKUP(A28,'10'!A:A,'10'!D:D,IF($U$6=0,0,"ERROR"))) -> 0 | AB28: =IF(G28="","",AA28*G28) -> 0 | AC28: =IF(D28="","",_xlfn.XLOOKUP(A28,'11'!A:A,'11'!D:D,IF($U$6=0,0,"ERROR"))) -> 0 | AD28: =IF(G28="","",AC28*G28) -> 0 | AE28: =IF(D28="","",_xlfn.XLOOKUP(A28,'12'!A:A,'12'!D:D,IF($U$6=0,0,"ERROR"))) -> 0 | AF28: =IF(G28="","",AE28*G28) -> 0 | AG28: =IF(D28="","",_xlfn.XLOOKUP(A28,'13'!A:A,'13'!D:D,IF($U$6=0,0,"ERROR"))) -> 0 | AH28: =IF(G28="","",AG28*G28) -> 0 | AI28: =IF(D28="","",_xlfn.XLOOKUP(A28,'14'!A:A,'14'!D:D,IF($U$6=0,0,"ERROR"))) -> 0 | AJ28: =IF(G28="","",AI28*G28) -> 0 | AM28: =IF(D28="","",Q28+O28+M28+K28+I28+S28+U28+W28+Y28+AA28+AC28+AE28+AG28+AI28) -> 0 | AN28: =IF(D28="","",R28+P28+N28+L28+J28+T28+V28+X28+Z28+AB28+AD28+AH28+AF28+AJ28) -> 0 | AO28: =IF(AN28="","",IF(AM28*G28=AN28,"הכל טוב","לא טוב")) -> הכל טוב
A29: 12.016.0610 | B29: חלון קבוע כדוגמת קליל קלאסי 4500 או ש"ע, זכוכית שקופה בידודית 5+6+6 מ"מ, בשטח מעל 1.0 מ"ר ועד 2.0 מ"ר | C29: יח' | D29: 2090 | E29: =IF(D29="","",D29*0.15) -> 313.5 | F29: =IF(D29="","",D29*0.05) -> 104.5 | G29: =IF(D29="","",D29*1.05*0.85) -> 1865.325 | J29: =IF(D29="","",I29*G29) -> 0 | L29: =IF(G29="","",K29*G29) -> 0 | M29: =IF(D29="","",_xlfn.XLOOKUP(A29,'3'!A:A,'3'!D:D,IF($M$6=0,0,"ERROR"))) -> 0 | N29: =IF(G29="","",M29*G29) -> 0 | O29: =IF(D29="","",_xlfn.XLOOKUP(A29,'4'!A:A,'4'!D:D,IF($O$6=0,0,"ERROR"))) -> 0 | P29: =IF(G29="","",O29*G29) -> 0 | Q29: =IF(D29="","",_xlfn.XLOOKUP(A29,'5'!A:A,'5'!D:D,IF($Q$6=0,0,"ERROR"))) -> 0 | R29: =IF(G29="","",Q29*G29) -> 0 | S29: =IF(D29="","",_xlfn.XLOOKUP(A29,'6'!A:A,'6'!D:D,IF($Q$6=0,0,"ERROR"))) -> 0 | T29: =IF(G29="","",S29*G29) -> 0 | U29: =IF(D29="","",_xlfn.XLOOKUP(A29,'7'!A:A,'7'!D:D,IF($U$6=0,0,"ERROR"))) -> 0 | V29: =IF(G29="","",U29*G29) -> 0 | W29: =IF(D29="","",_xlfn.XLOOKUP(A29,'8'!A:A,'8'!D:D,IF($U$6=0,0,"ERROR"))) -> 0 | X29: =IF(G29="","",W29*G29) -> 0 | Y29: =IF(D29="","",_xlfn.XLOOKUP(A29,'9'!A:A,'9'!D:D,IF($U$6=0,0,"ERROR"))) -> 0 | Z29: =IF(G29="","",Y29*G29) -> 0 | AA29: =IF(D29="","",_xlfn.XLOOKUP(A29,'10'!A:A,'10'!D:D,IF($U$6=0,0,"ERROR"))) -> 0 | AB29: =IF(G29="","",AA29*G29) -> 0 | AC29: =IF(D29="","",_xlfn.XLOOKUP(A29,'11'!A:A,'11'!D:D,IF($U$6=0,0,"ERROR"))) -> 0 | AD29: =IF(G29="","",AC29*G29) -> 0 | AE29: =IF(D29="","",_xlfn.XLOOKUP(A29,'12'!A:A,'12'!D:D,IF($U$6=0,0,"ERROR"))) -> 0 | AF29: =IF(G29="","",AE29*G29) -> 0 | AG29: =IF(D29="","",_xlfn.XLOOKUP(A29,'13'!A:A,'13'!D:D,IF($U$6=0,0,"ERROR"))) -> 0 | AH29: =IF(G29="","",AG29*G29) -> 0 | AI29: =IF(D29="","",_xlfn.XLOOKUP(A29,'14'!A:A,'14'!D:D,IF($U$6=0,0,"ERROR"))) -> 0 | AJ29: =IF(G29="","",AI29*G29) -> 0 | AM29: =IF(D29="","",Q29+O29+M29+K29+I29+S29+U29+W29+Y29+AA29+AC29+AE29+AG29+AI29) -> 0 | AN29: =IF(D29="","",R29+P29+N29+L29+J29+T29+V29+X29+Z29+AB29+AD29+AH29+AF29+AJ29) -> 0 | AO29: =IF(AN29="","",IF(AM29*G29=AN29,"הכל טוב","לא טוב")) -> הכל טוב
B30: סה"כ לחלון אלומיניום קיפ וחלון קבוע | E30: =IF(D30="","",D30*0.15) | F30: =IF(D30="","",D30*0.05) | G30: =IF(D30="","",D30*1.05*0.85) | J30: =IF(D30="","",I30*G30) | L30: =IF(G30="","",K30*G30) | M30: =IF(D30="","",_xlfn.XLOOKUP(A30,'3'!A:A,'3'!D:D,IF($M$6=0,0,"ERROR"))) | N30: =IF(G30="","",M30*G30) | O30: =IF(D30="","",_xlfn.XLOOKUP(A30,'4'!A:A,'4'!D:D,IF($O$6=0,0,"ERROR"))) | P30: =IF(G30="","",O30*G30) | Q30: =IF(D30="","",_xlfn.XLOOKUP(A30,'5'!A:A,'5'!D:D,IF($Q$6=0,0,"ERROR"))) | R30: =IF(G30="","",Q30*G30) | S30: =IF(D30="","",_xlfn.XLOOKUP(A30,'6'!A:A,'6'!D:D,IF($Q$6=0,0,"ERROR"))) | T30: =IF(G30="","",S30*G30) | U30: =IF(D30="","",_xlfn.XLOOKUP(A30,'7'!A:A,'7'!D:D,IF($U$6=0,0,"ERROR"))) | V30: =IF(G30="","",U30*G30) | W30: =IF(D30="","",_xlfn.XLOOKUP(A30,'8'!A:A,'8'!D:D,IF($U$6=0,0,"ERROR"))) | X30: =IF(G30="","",W30*G30) | Y30: =IF(D30="","",_xlfn.XLOOKUP(A30,'9'!A:A,'9'!D:D,IF($U$6=0,0,"ERROR"))) | Z30: =IF(G30="","",Y30*G30) | AA30: =IF(D30="","",_xlfn.XLOOKUP(A30,'10'!A:A,'10'!D:D,IF($U$6=0,0,"ERROR"))) | AB30: =IF(G30="","",AA30*G30) | AC30: =IF(D30="","",_xlfn.XLOOKUP(A30,'11'!A:A,'11'!D:D,IF($U$6=0,0,"ERROR"))) | AD30: =IF(G30="","",AC30*G30) | AE30: =IF(D30="","",_xlfn.XLOOKUP(A30,'12'!A:A,'12'!D:D,IF($U$6=0,0,"ERROR"))) | AF30: =IF(G30="","",AE30*G30) | AG30: =IF(D30="","",_xlfn.XLOOKUP(A30,'13'!A:A,'13'!D:D,IF($U$6=0,0,"ERROR"))) | AH30: =IF(G30="","",AG30*G30) | AI30: =IF(D30="","",_xlfn.XLOOKUP(A30,'14'!A:A,'14'!D:D,IF($U$6=0,0,"ERROR"))) | AJ30: =IF(G30="","",AI30*G30) | AM30: =IF(D30="","",Q30+O30+M30+K30+I30+S30+U30+W30+Y30+AA30+AC30+AE30+AG30+AI30) | AN30: =IF(D30="","",R30+P30+N30+L30+J30+T30+V30+X30+Z30+AB30+AD30+AH30+AF30+AJ30) | AO30: =IF(AN30="","",IF(AM30*G30=AN30,"הכל טוב","לא טוב"))
A31: 12.052 | B31: דלתות אלומיניום נגררות אגף על אגף (הזזה) של 3 אגפים ו-4 אגפים | E31: =IF(D31="","",D31*0.15) | F31: =IF(D31="","",D31*0.05) | G31: =IF(D31="","",D31*1.05*0.85) | J31: =IF(D31="","",I31*G31) | L31: =IF(G31="","",K31*G31) | M31: =IF(D31="","",_xlfn.XLOOKUP(A31,'3'!A:A,'3'!D:D,IF($M$6=0,0,"ERROR"))) | N31: =IF(G31="","",M31*G31) | O31: =IF(D31="","",_xlfn.XLOOKUP(A31,'4'!A:A,'4'!D:D,IF($O$6=0,0,"ERROR"))) | P31: =IF(G31="","",O31*G31) | Q31: =IF(D31="","",_xlfn.XLOOKUP(A31,'5'!A:A,'5'!D:D,IF($Q$6=0,0,"ERROR"))) | R31: =IF(G31="","",Q31*G31) | S31: =IF(D31="","",_xlfn.XLOOKUP(A31,'6'!A:A,'6'!D:D,IF($Q$6=0,0,"ERROR"))) | T31: =IF(G31="","",S31*G31) | U31: =IF(D31="","",_xlfn.XLOOKUP(A31,'7'!A:A,'7'!D:D,IF($U$6=0,0,"ERROR"))) | V31: =IF(G31="","",U31*G31) | W31: =IF(D31="","",_xlfn.XLOOKUP(A31,'8'!A:A,'8'!D:D,IF($U$6=0,0,"ERROR"))) | X31: =IF(G31="","",W31*G31) | Y31: =IF(D31="","",_xlfn.XLOOKUP(A31,'9'!A:A,'9'!D:D,IF($U$6=0,0,"ERROR"))) | Z31: =IF(G31="","",Y31*G31) | AA31: =IF(D31="","",_xlfn.XLOOKUP(A31,'10'!A:A,'10'!D:D,IF($U$6=0,0,"ERROR"))) | AB31: =IF(G31="","",AA31*G31) | AC31: =IF(D31="","",_xlfn.XLOOKUP(A31,'11'!A:A,'11'!D:D,IF($U$6=0,0,"ERROR"))) | AD31: =IF(G31="","",AC31*G31) | AE31: =IF(D31="","",_xlfn.XLOOKUP(A31,'12'!A:A,'12'!D:D,IF($U$6=0,0,"ERROR"))) | AF31: =IF(G31="","",AE31*G31) | AG31: =IF(D31="","",_xlfn.XLOOKUP(A31,'13'!A:A,'13'!D:D,IF($U$6=0,0,"ERROR"))) | AH31: =IF(G31="","",AG31*G31) | AI31: =IF(D31="","",_xlfn.XLOOKUP(A31,'14'!A:A,'14'!D:D,IF($U$6=0,0,"ERROR"))) | AJ31: =IF(G31="","",AI31*G31) | AM31: =IF(D31="","",Q31+O31+M31+K31+I31+S31+U31+W31+Y31+AA31+AC31+AE31+AG31+AI31) | AN31: =IF(D31="","",R31+P31+N31+L31+J31+T31+V31+X31+Z31+AB31+AD31+AH31+AF31+AJ31) | AO31: =IF(AN31="","",IF(AM31*G31=AN31,"הכל טוב","לא טוב"))
A32: 12.052.0020 | B32: דלת נגררת אגף על אגף של 3 אגפים ב-3 מסלולים מאולגנת/צבועה כדוגמת קליל קלאסי 7000 או ש"ע, זכוכית מחוסמת בעובי 6 מ"מ, בשטח מעל 6.0 מ"ר ועד 8.0 מ"ר | C32: מ"ר | D32: 1760 | E32: =IF(D32="","",D32*0.15) -> 264 | F32: =IF(D32="","",D32*0.05) -> 88 | G32: =IF(D32="","",D32*1.05*0.85) -> 1570.8 | J32: =IF(D32="","",I32*G32) -> 0 | L32: =IF(G32="","",K32*G32) -> 0 | M32: =IF(D32="","",_xlfn.XLOOKUP(A32,'3'!A:A,'3'!D:D,IF($M$6=0,0,"ERROR"))) -> 0 | N32: =IF(G32="","",M32*G32) -> 0 | O32: =IF(D32="","",_xlfn.XLOOKUP(A32,'4'!A:A,'4'!D:D,IF($O$6=0,0,"ERROR"))) -> 0 | P32: =IF(G32="","",O32*G32) -> 0 | Q32: =IF(D32="","",_xlfn.XLOOKUP(A32,'5'!A:A,'5'!D:D,IF($Q$6=0,0,"ERROR"))) -> 0 | R32: =IF(G32="","",Q32*G32) -> 0 | S32: =IF(D32="","",_xlfn.XLOOKUP(A32,'6'!A:A,'6'!D:D,IF($Q$6=0,0,"ERROR"))) -> 0 | T32: =IF(G32="","",S32*G32) -> 0 | U32: =IF(D32="","",_xlfn.XLOOKUP(A32,'7'!A:A,'7'!D:D,IF($U$6=0,0,"ERROR"))) -> 0 | V32: =IF(G32="","",U32*G32) -> 0 | W32: =IF(D32="","",_xlfn.XLOOKUP(A32,'8'!A:A,'8'!D:D,IF($U$6=0,0,"ERROR"))) -> 0 | X32: =IF(G32="","",W32*G32) -> 0 | Y32: =IF(D32="","",_xlfn.XLOOKUP(A32,'9'!A:A,'9'!D:D,IF($U$6=0,0,"ERROR"))) -> 0 | Z32: =IF(G32="","",Y32*G32) -> 0 | AA32: =IF(D32="","",_xlfn.XLOOKUP(A32,'10'!A:A,'10'!D:D,IF($U$6=0,0,"ERROR"))) -> 0 | AB32: =IF(G32="","",AA32*G32) -> 0 | AC32: =IF(D32="","",_xlfn.XLOOKUP(A32,'11'!A:A,'11'!D:D,IF($U$6=0,0,"ERROR"))) -> 6.325 | AD32: =IF(G32="","",AC32*G32) -> 9935.31 | AE32: =IF(D32="","",_xlfn.XLOOKUP(A32,'12'!A:A,'12'!D:D,IF($U$6=0,0,"ERROR"))) -> 0 | AF32: =IF(G32="","",AE32*G32) -> 0 | AG32: =IF(D32="","",_xlfn.XLOOKUP(A32,'13'!A:A,'13'!D:D,IF($U$6=0,0,"ERROR"))) -> 0 | AH32: =IF(G32="","",AG32*G32) -> 0 | AI32: =IF(D32="","",_xlfn.XLOOKUP(A32,'14'!A:A,'14'!D:D,IF($U$6=0,0,"ERROR"))) -> 0 | AJ32: =IF(G32="","",AI32*G32) -> 0 | AM32: =IF(D32="","",Q32+O32+M32+K32+I32+S32+U32+W32+Y32+AA32+AC32+AE32+AG32+AI32) -> 6.325 | AN32: =IF(D32="","",R32+P32+N32+L32+J32+T32+V32+X32+Z32+AB32+AD32+AH32+AF32+AJ32) -> 9935.31 | AO32: =IF(AN32="","",IF(AM32*G32=AN32,"הכל טוב","לא טוב")) -> הכל טוב
A33: 12.052.0070 | B33: דלת נגררת אגף על אגף של 3 אגפים ב-3 מסלולים מאולגנת/צבועה כדוגמת קליל קלאסי 9000 או ש"ע, זכוכית מחוסמת בעובי 6 מ"מ, בשטח מעל 6.0 מ"ר ועד 8.0 מ"ר | C33: מ"ר | D33: 1850 | E33: =IF(D33="","",D33*0.15) -> 277.5 | F33: =IF(D33="","",D33*0.05) -> 92.5 | G33: =IF(D33="","",D33*1.05*0.85) -> 1651.125 | J33: =IF(D33="","",I33*G33) -> 0 | L33: =IF(G33="","",K33*G33) -> 0 | M33: =IF(D33="","",_xlfn.XLOOKUP(A33,'3'!A:A,'3'!D:D,IF($M$6=0,0,"ERROR"))) -> 0 | N33: =IF(G33="","",M33*G33) -> 0 | O33: =IF(D33="","",_xlfn.XLOOKUP(A33,'4'!A:A,'4'!D:D,IF($O$6=0,0,"ERROR"))) -> 0 | P33: =IF(G33="","",O33*G33) -> 0 | Q33: =IF(D33="","",_xlfn.XLOOKUP(A33,'5'!A:A,'5'!D:D,IF($Q$6=0,0,"ERROR"))) -> 9.77 | R33: =IF(G33="","",Q33*G33) -> 16131.491 | S33: =IF(D33="","",_xlfn.XLOOKUP(A33,'6'!A:A,'6'!D:D,IF($Q$6=0,0,"ERROR"))) -> 7.88 | T33: =IF(G33="","",S33*G33) -> 13010.865 | U33: =IF(D33="","",_xlfn.XLOOKUP(A33,'7'!A:A,'7'!D:D,IF($U$6=0,0,"ERROR"))) -> 0 | V33: =IF(G33="","",U33*G33) -> 0 | W33: =IF(D33="","",_xlfn.XLOOKUP(A33,'8'!A:A,'8'!D:D,IF($U$6=0,0,"ERROR"))) -> 8.74 | X33: =IF(G33="","",W33*G33) -> 14430.833 | Y33: =IF(D33="","",_xlfn.XLOOKUP(A33,'9'!A:A,'9'!D:D,IF($U$6=0,0,"ERROR"))) -> 6.83 | Z33: =IF(G33="","",Y33*G33) -> 11277.184 | AA33: =IF(D33="","",_xlfn.XLOOKUP(A33,'10'!A:A,'10'!D:D,IF($U$6=0,0,"ERROR"))) -> 0 | AB33: =IF(G33="","",AA33*G33) -> 0 | AC33: =IF(D33="","",_xlfn.XLOOKUP(A33,'11'!A:A,'11'!D:D,IF($U$6=0,0,"ERROR"))) -> 0 | AD33: =IF(G33="","",AC33*G33) -> 0 | AE33: =IF(D33="","",_xlfn.XLOOKUP(A33,'12'!A:A,'12'!D:D,IF($U$6=0,0,"ERROR"))) -> 0 | AF33: =IF(G33="","",AE33*G33) -> 0 | AG33: =IF(D33="","",_xlfn.XLOOKUP(A33,'13'!A:A,'13'!D:D,IF($U$6=0,0,"ERROR"))) -> 6.9 | AH33: =IF(G33="","",AG33*G33) -> 11392.763 | AI33: =IF(D33="","",_xlfn.XLOOKUP(A33,'14'!A:A,'14'!D:D,IF($U$6=0,0,"ERROR"))) -> 7.54 | AJ33: =IF(G33="","",AI33*G33) -> 12449.483 | AM33: =IF(D33="","",Q33+O33+M33+K33+I33+S33+U33+W33+Y33+AA33+AC33+AE33+AG33+AI33) -> 47.66 | AN33: =IF(D33="","",R33+P33+N33+L33+J33+T33+V33+X33+Z33+AB33+AD33+AH33+AF33+AJ33) -> 78692.617 | AO33: =IF(AN33="","",IF(AM33*G33=AN33,"הכל טוב","לא טוב")) -> הכל טוב
A34: 12.052.0080 | B34: דלת נגררת אגף על אגף של 3 אגפים ב-3 מסלולים מאולגנת/צבועה כדוגמת קליל קלאסי 9000 או ש"ע, זכוכית מחוסמת בעובי 8 מ"מ, בשטח מעל 8.0 מ"ר ועד 10.0 מ"ר | C34: מ"ר | D34: 1680 | E34: =IF(D34="","",D34*0.15) -> 252 | F34: =IF(D34="","",D34*0.05) -> 84 | G34: =IF(D34="","",D34*1.05*0.85) -> 1499.4 | J34: =IF(D34="","",I34*G34) -> 0 | L34: =IF(G34="","",K34*G34) -> 0 | M34: =IF(D34="","",_xlfn.XLOOKUP(A34,'3'!A:A,'3'!D:D,IF($M$6=0,0,"ERROR"))) -> 8.4708 | N34: =IF(G34="","",M34*G34) -> 12701.118 | O34: =IF(D34="","",_xlfn.XLOOKUP(A34,'4'!A:A,'4'!D:D,IF($O$6=0,0,"ERROR"))) -> 0 | P34: =IF(G34="","",O34*G34) -> 0 | Q34: =IF(D34="","",_xlfn.XLOOKUP(A34,'5'!A:A,'5'!D:D,IF($Q$6=0,0,"ERROR"))) -> 0 | R34: =IF(G34="","",Q34*G34) -> 0 | S34: =IF(D34="","",_xlfn.XLOOKUP(A34,'6'!A:A,'6'!D:D,IF($Q$6=0,0,"ERROR"))) -> 0 | T34: =IF(G34="","",S34*G34) -> 0 | U34: =IF(D34="","",_xlfn.XLOOKUP(A34,'7'!A:A,'7'!D:D,IF($U$6=0,0,"ERROR"))) -> 8.736 | V34: =IF(G34="","",U34*G34) -> 13098.758 | W34: =IF(D34="","",_xlfn.XLOOKUP(A34,'8'!A:A,'8'!D:D,IF($U$6=0,0,"ERROR"))) -> 0 | X34: =IF(G34="","",W34*G34) -> 0 | Y34: =IF(D34="","",_xlfn.XLOOKUP(A34,'9'!A:A,'9'!D:D,IF($U$6=0,0,"ERROR"))) -> 0 | Z34: =IF(G34="","",Y34*G34) -> 0 | AA34: =IF(D34="","",_xlfn.XLOOKUP(A34,'10'!A:A,'10'!D:D,IF($U$6=0,0,"ERROR"))) -> 0 | AB34: =IF(G34="","",AA34*G34) -> 0 | AC34: =IF(D34="","",_xlfn.XLOOKUP(A34,'11'!A:A,'11'!D:D,IF($U$6=0,0,"ERROR"))) -> 0 | AD34: =IF(G34="","",AC34*G34) -> 0 | AE34: =IF(D34="","",_xlfn.XLOOKUP(A34,'12'!A:A,'12'!D:D,IF($U$6=0,0,"ERROR"))) -> 0 | AF34: =IF(G34="","",AE34*G34) -> 0 | AG34: =IF(D34="","",_xlfn.XLOOKUP(A34,'13'!A:A,'13'!D:D,IF($U$6=0,0,"ERROR"))) -> 0 | AH34: =IF(G34="","",AG34*G34) -> 0 | AI34: =IF(D34="","",_xlfn.XLOOKUP(A34,'14'!A:A,'14'!D:D,IF($U$6=0,0,"ERROR"))) -> 0 | AJ34: =IF(G34="","",AI34*G34) -> 0 | AM34: =IF(D34="","",Q34+O34+M34+K34+I34+S34+U34+W34+Y34+AA34+AC34+AE34+AG34+AI34) -> 17.2068 | AN34: =IF(D34="","",R34+P34+N34+L34+J34+T34+V34+X34+Z34+AB34+AD34+AH34+AF34+AJ34) -> 25799.876 | AO34: =IF(AN34="","",IF(AM34*G34=AN34,"הכל טוב","לא טוב")) -> הכל טוב
A35: 12.053 | B35: דלתות אלומיניום ציריות | E35: =IF(D35="","",D35*0.15) | F35: =IF(D35="","",D35*0.05) | G35: =IF(D35="","",D35*1.05*0.85) | J35: =IF(D35="","",I35*G35) | L35: =IF(G35="","",K35*G35) | M35: =IF(D35="","",_xlfn.XLOOKUP(A35,'3'!A:A,'3'!D:D,IF($M$6=0,0,"ERROR"))) | N35: =IF(G35="","",M35*G35) | O35: =IF(D35="","",_xlfn.XLOOKUP(A35,'4'!A:A,'4'!D:D,IF($O$6=0,0,"ERROR"))) | P35: =IF(G35="","",O35*G35) | Q35: =IF(D35="","",_xlfn.XLOOKUP(A35,'5'!A:A,'5'!D:D,IF($Q$6=0,0,"ERROR"))) | R35: =IF(G35="","",Q35*G35) | S35: =IF(D35="","",_xlfn.XLOOKUP(A35,'6'!A:A,'6'!D:D,IF($Q$6=0,0,"ERROR"))) | T35: =IF(G35="","",S35*G35) | U35: =IF(D35="","",_xlfn.XLOOKUP(A35,'7'!A:A,'7'!D:D,IF($U$6=0,0,"ERROR"))) | V35: =IF(G35="","",U35*G35) | W35: =IF(D35="","",_xlfn.XLOOKUP(A35,'8'!A:A,'8'!D:D,IF($U$6=0,0,"ERROR"))) | X35: =IF(G35="","",W35*G35) | Y35: =IF(D35="","",_xlfn.XLOOKUP(A35,'9'!A:A,'9'!D:D,IF($U$6=0,0,"ERROR"))) | Z35: =IF(G35="","",Y35*G35) | AA35: =IF(D35="","",_xlfn.XLOOKUP(A35,'10'!A:A,'10'!D:D,IF($U$6=0,0,"ERROR"))) | AB35: =IF(G35="","",AA35*G35) | AC35: =IF(D35="","",_xlfn.XLOOKUP(A35,'11'!A:A,'11'!D:D,IF($U$6=0,0,"ERROR"))) | AD35: =IF(G35="","",AC35*G35) | AE35: =IF(D35="","",_xlfn.XLOOKUP(A35,'12'!A:A,'12'!D:D,IF($U$6=0,0,"ERROR"))) | AF35: =IF(G35="","",AE35*G35) | AG35: =IF(D35="","",_xlfn.XLOOKUP(A35,'13'!A:A,'13'!D:D,IF($U$6=0,0,"ERROR"))) | AH35: =IF(G35="","",AG35*G35) | AI35: =IF(D35="","",_xlfn.XLOOKUP(A35,'14'!A:A,'14'!D:D,IF($U$6=0,0,"ERROR"))) | AJ35: =IF(G35="","",AI35*G35) | AM35: =IF(D35="","",Q35+O35+M35+K35+I35+S35+U35+W35+Y35+AA35+AC35+AE35+AG35+AI35) | AN35: =IF(D35="","",R35+P35+N35+L35+J35+T35+V35+X35+Z35+AB35+AD35+AH35+AF35+AJ35) | AO35: =IF(AN35="","",IF(AM35*G35=AN35,"הכל טוב","לא טוב"))
A36: 12.053.0200 | B36: דלת ציר אגף אחד מאולגנת/צבועה כדוגמת קליל 4500 או ש"ע, זכוכית מחוסמת בעובי 6 מ"מ, בשטח עד 2.0 מ"ר | C36: מ"ר | D36: 2850 | E36: =IF(D36="","",D36*0.15) -> 427.5 | F36: =IF(D36="","",D36*0.05) -> 142.5 | G36: =IF(D36="","",D36*1.05*0.85) -> 2543.625 | M36: =IF(D36="","",_xlfn.XLOOKUP(A36,'3'!A:A,'3'!D:D,IF($M$6=0,0,"ERROR"))) -> 0 | O36: =IF(D36="","",_xlfn.XLOOKUP(A36,'4'!A:A,'4'!D:D,IF($O$6=0,0,"ERROR"))) -> 0 | P36: =IF(G36="","",O36*G36) -> 0 | Q36: =IF(D36="","",_xlfn.XLOOKUP(A36,'5'!A:A,'5'!D:D,IF($Q$6=0,0,"ERROR"))) -> 0 | R36: =IF(G36="","",Q36*G36) -> 0 | S36: =IF(D36="","",_xlfn.XLOOKUP(A36,'6'!A:A,'6'!D:D,IF($Q$6=0,0,"ERROR"))) -> 0 | T36: =IF(G36="","",S36*G36) -> 0 | U36: =IF(D36="","",_xlfn.XLOOKUP(A36,'7'!A:A,'7'!D:D,IF($U$6=0,0,"ERROR"))) -> 0 | V36: =IF(G36="","",U36*G36) -> 0 | W36: =IF(D36="","",_xlfn.XLOOKUP(A36,'8'!A:A,'8'!D:D,IF($U$6=0,0,"ERROR"))) -> 0 | X36: =IF(G36="","",W36*G36) -> 0 | Y36: =IF(D36="","",_xlfn.XLOOKUP(A36,'9'!A:A,'9'!D:D,IF($U$6=0,0,"ERROR"))) -> 0 | Z36: =IF(G36="","",Y36*G36) -> 0 | AA36: =IF(D36="","",_xlfn.XLOOKUP(A36,'10'!A:A,'10'!D:D,IF($U$6=0,0,"ERROR"))) -> 0 | AB36: =IF(G36="","",AA36*G36) -> 0 | AC36: =IF(D36="","",_xlfn.XLOOKUP(A36,'11'!A:A,'11'!D:D,IF($U$6=0,0,"ERROR"))) -> 0 | AD36: =IF(G36="","",AC36*G36) -> 0 | AE36: =IF(D36="","",_xlfn.XLOOKUP(A36,'12'!A:A,'12'!D:D,IF($U$6=0,0,"ERROR"))) -> 0 | AF36: =IF(G36="","",AE36*G36) -> 0 | AG36: =IF(D36="","",_xlfn.XLOOKUP(A36,'13'!A:A,'13'!D:D,IF($U$6=0,0,"ERROR"))) -> 0 | AH36: =IF(G36="","",AG36*G36) -> 0 | AI36: =IF(D36="","",_xlfn.XLOOKUP(A36,'14'!A:A,'14'!D:D,IF($U$6=0,0,"ERROR"))) -> 0 | AJ36: =IF(G36="","",AI36*G36) -> 0 | AM36: =IF(D36="","",Q36+O36+M36+K36+I36+S36+U36+W36+Y36+AA36+AC36+AE36+AG36+AI36) -> 0 | AN36: =IF(D36="","",R36+P36+N36+L36+J36+T36+V36+X36+Z36+AB36+AD36+AH36+AF36+AJ36) -> 0 | AO36: =IF(AN36="","",IF(AM36*G36=AN36,"הכל טוב","לא טוב")) -> הכל טוב
A37: 12.053.0210 | B37: דלת ציר אגף אחד מאולגנת/צבועה כדוגמת קליל 4500 או ש"ע, זכוכית מחוסמת בעובי 6 מ"מ, בשטח מעל 2.0 מ"ר ועד 3.0 מ"ר | C37: מ"ר | D37: 2300 | E37: =IF(D37="","",D37*0.15) -> 345 | F37: =IF(D37="","",D37*0.05) -> 115 | G37: =IF(D37="","",D37*1.05*0.85) -> 2052.75 | J37: =IF(D37="","",I37*G37) -> 0 | L37: =IF(G37="","",K37*G37) -> 0 | M37: =IF(D37="","",_xlfn.XLOOKUP(A37,'3'!A:A,'3'!D:D,IF($M$6=0,0,"ERROR"))) -> 0 | N37: =IF(G37="","",M37*G37) -> 0 | O37: =IF(D37="","",_xlfn.XLOOKUP(A37,'4'!A:A,'4'!D:D,IF($O$6=0,0,"ERROR"))) -> 0 | P37: =IF(G37="","",O37*G37) -> 0 | Q37: =IF(D37="","",_xlfn.XLOOKUP(A37,'5'!A:A,'5'!D:D,IF($Q$6=0,0,"ERROR"))) -> 0 | R37: =IF(G37="","",Q37*G37) -> 0 | S37: =IF(D37="","",_xlfn.XLOOKUP(A37,'6'!A:A,'6'!D:D,IF($Q$6=0,0,"ERROR"))) -> 0 | T37: =IF(G37="","",S37*G37) -> 0 | U37: =IF(D37="","",_xlfn.XLOOKUP(A37,'7'!A:A,'7'!D:D,IF($U$6=0,0,"ERROR"))) -> 1.5 | V37: =IF(G37="","",U37*G37) -> 3079.125 | W37: =IF(D37="","",_xlfn.XLOOKUP(A37,'8'!A:A,'8'!D:D,IF($U$6=0,0,"ERROR"))) -> 0 | X37: =IF(G37="","",W37*G37) -> 0 | Y37: =IF(D37="","",_xlfn.XLOOKUP(A37,'9'!A:A,'9'!D:D,IF($U$6=0,0,"ERROR"))) -> 0 | Z37: =IF(G37="","",Y37*G37) -> 0 | AA37: =IF(D37="","",_xlfn.XLOOKUP(A37,'10'!A:A,'10'!D:D,IF($U$6=0,0,"ERROR"))) -> 0 | AB37: =IF(G37="","",AA37*G37) -> 0 | AC37: =IF(D37="","",_xlfn.XLOOKUP(A37,'11'!A:A,'11'!D:D,IF($U$6=0,0,"ERROR"))) -> 0 | AD37: =IF(G37="","",AC37*G37) -> 0 | AE37: =IF(D37="","",_xlfn.XLOOKUP(A37,'12'!A:A,'12'!D:D,IF($U$6=0,0,"ERROR"))) -> 0 | AF37: =IF(G37="","",AE37*G37) -> 0 | AG37: =IF(D37="","",_xlfn.XLOOKUP(A37,'13'!A:A,'13'!D:D,IF($U$6=0,0,"ERROR"))) -> 0 | AH37: =IF(G37="","",AG37*G37) -> 0 | AI37: =IF(D37="","",_xlfn.XLOOKUP(A37,'14'!A:A,'14'!D:D,IF($U$6=0,0,"ERROR"))) -> 0 | AJ37: =IF(G37="","",AI37*G37) -> 0 | AM37: =IF(D37="","",Q37+O37+M37+K37+I37+S37+U37+W37+Y37+AA37+AC37+AE37+AG37+AI37) -> 1.5 | AN37: =IF(D37="","",R37+P37+N37+L37+J37+T37+V37+X37+Z37+AB37+AD37+AH37+AF37+AJ37) -> 3079.125 | AO37: =IF(AN37="","",IF(AM37*G37=AN37,"הכל טוב","לא טוב")) -> הכל טוב
A38: 12.053.0450 | B38: דלת ציר שני אגפים מאולגנת/צבועה כדוגמת קליל קלאסי 4500 או ש"ע, זכוכית מחוסמת בעובי 6 מ"מ, בשטח מעל 3.0 מ"ר ועד 4.0 מ"ר | C38: מ"ר | D38: 3250 | E38: =IF(D38="","",D38*0.15) -> 487.5 | F38: =IF(D38="","",D38*0.05) -> 162.5 | G38: =IF(D38="","",D38*1.05*0.85) -> 2900.625 | J38: =IF(D38="","",I38*G38) -> 0 | L38: =IF(G38="","",K38*G38) -> 0 | M38: =IF(D38="","",_xlfn.XLOOKUP(A38,'3'!A:A,'3'!D:D,IF($M$6=0,0,"ERROR"))) -> 0 | N38: =IF(G38="","",M38*G38) -> 0 | O38: =IF(D38="","",_xlfn.XLOOKUP(A38,'4'!A:A,'4'!D:D,IF($O$6=0,0,"ERROR"))) -> 0 | P38: =IF(G38="","",O38*G38) -> 0 | Q38: =IF(D38="","",_xlfn.XLOOKUP(A38,'5'!A:A,'5'!D:D,IF($Q$6=0,0,"ERROR"))) -> 0 | R38: =IF(G38="","",Q38*G38) -> 0 | S38: =IF(D38="","",_xlfn.XLOOKUP(A38,'6'!A:A,'6'!D:D,IF($Q$6=0,0,"ERROR"))) -> 0 | T38: =IF(G38="","",S38*G38) -> 0 | U38: =IF(D38="","",_xlfn.XLOOKUP(A38,'7'!A:A,'7'!D:D,IF($U$6=0,0,"ERROR"))) -> 0 | V38: =IF(G38="","",U38*G38) -> 0 | W38: =IF(D38="","",_xlfn.XLOOKUP(A38,'8'!A:A,'8'!D:D,IF($U$6=0,0,"ERROR"))) -> 0 | X38: =IF(G38="","",W38*G38) -> 0 | Y38: =IF(D38="","",_xlfn.XLOOKUP(A38,'9'!A:A,'9'!D:D,IF($U$6=0,0,"ERROR"))) -> 0 | Z38: =IF(G38="","",Y38*G38) -> 0 | AA38: =IF(D38="","",_xlfn.XLOOKUP(A38,'10'!A:A,'10'!D:D,IF($U$6=0,0,"ERROR"))) -> 0 | AB38: =IF(G38="","",AA38*G38) -> 0 | AC38: =IF(D38="","",_xlfn.XLOOKUP(A38,'11'!A:A,'11'!D:D,IF($U$6=0,0,"ERROR"))) -> 0 | AD38: =IF(G38="","",AC38*G38) -> 0 | AE38: =IF(D38="","",_xlfn.XLOOKUP(A38,'12'!A:A,'12'!D:D,IF($U$6=0,0,"ERROR"))) -> 0 | AF38: =IF(G38="","",AE38*G38) -> 0 | AG38: =IF(D38="","",_xlfn.XLOOKUP(A38,'13'!A:A,'13'!D:D,IF($U$6=0,0,"ERROR"))) -> 0 | AH38: =IF(G38="","",AG38*G38) -> 0 | AI38: =IF(D38="","",_xlfn.XLOOKUP(A38,'14'!A:A,'14'!D:D,IF($U$6=0,0,"ERROR"))) -> 0 | AJ38: =IF(G38="","",AI38*G38) -> 0 | AM38: =IF(D38="","",Q38+O38+M38+K38+I38+S38+U38+W38+Y38+AA38+AC38+AE38+AG38+AI38) -> 0 | AN38: =IF(D38="","",R38+P38+N38+L38+J38+T38+V38+X38+Z38+AB38+AD38+AH38+AF38+AJ38) -> 0 | AO38: =IF(AN38="","",IF(AM38*G38=AN38,"הכל טוב","לא טוב")) -> הכל טוב
A39: 12.061 | B39: ויטרינות כניסה מאלומיניום בשטחים ציבוריים | E39: =IF(D39="","",D39*0.15) | F39: =IF(D39="","",D39*0.05) | G39: =IF(D39="","",D39*1.05*0.85) | J39: =IF(D39="","",I39*G39) | L39: =IF(G39="","",K39*G39) | M39: =IF(D39="","",_xlfn.XLOOKUP(A39,'3'!A:A,'3'!D:D,IF($M$6=0,0,"ERROR"))) | N39: =IF(G39="","",M39*G39) | O39: =IF(D39="","",_xlfn.XLOOKUP(A39,'4'!A:A,'4'!D:D,IF($O$6=0,0,"ERROR"))) | P39: =IF(G39="","",O39*G39) | Q39: =IF(D39="","",_xlfn.XLOOKUP(A39,'5'!A:A,'5'!D:D,IF($Q$6=0,0,"ERROR"))) | R39: =IF(G39="","",Q39*G39) | S39: =IF(D39="","",_xlfn.XLOOKUP(A39,'6'!A:A,'6'!D:D,IF($Q$6=0,0,"ERROR"))) | T39: =IF(G39="","",S39*G39) | U39: =IF(D39="","",_xlfn.XLOOKUP(A39,'7'!A:A,'7'!D:D,IF($U$6=0,0,"ERROR"))) | V39: =IF(G39="","",U39*G39) | W39: =IF(D39="","",_xlfn.XLOOKUP(A39,'8'!A:A,'8'!D:D,IF($U$6=0,0,"ERROR"))) | X39: =IF(G39="","",W39*G39) | Y39: =IF(D39="","",_xlfn.XLOOKUP(A39,'9'!A:A,'9'!D:D,IF($U$6=0,0,"ERROR"))) | Z39: =IF(G39="","",Y39*G39) | AA39: =IF(D39="","",_xlfn.XLOOKUP(A39,'10'!A:A,'10'!D:D,IF($U$6=0,0,"ERROR"))) | AB39: =IF(G39="","",AA39*G39) | AC39: =IF(D39="","",_xlfn.XLOOKUP(A39,'11'!A:A,'11'!D:D,IF($U$6=0,0,"ERROR"))) | AD39: =IF(G39="","",AC39*G39) | AE39: =IF(D39="","",_xlfn.XLOOKUP(A39,'12'!A:A,'12'!D:D,IF($U$6=0,0,"ERROR"))) | AF39: =IF(G39="","",AE39*G39) | AG39: =IF(D39="","",_xlfn.XLOOKUP(A39,'13'!A:A,'13'!D:D,IF($U$6=0,0,"ERROR"))) | AH39: =IF(G39="","",AG39*G39) | AI39: =IF(D39="","",_xlfn.XLOOKUP(A39,'14'!A:A,'14'!D:D,IF($U$6=0,0,"ERROR"))) | AJ39: =IF(G39="","",AI39*G39) | AM39: =IF(D39="","",Q39+O39+M39+K39+I39+S39+U39+W39+Y39+AA39+AC39+AE39+AG39+AI39) | AN39: =IF(D39="","",R39+P39+N39+L39+J39+T39+V39+X39+Z39+AB39+AD39+AH39+AF39+AJ39) | AO39: =IF(AN39="","",IF(AM39*G39=AN39,"הכל טוב","לא טוב"))
A40: 12.061.9000 | B40: פירוק ויטרינה מאלומיניום, לרבות המשקוף | C40: מ"ר | D40: 88 | E40: =IF(D40="","",D40*0.15) -> 13.2 | F40: =IF(D40="","",D40*0.05) -> 4.4 | G40: =IF(D40="","",D40*1.05*0.85) -> 78.54 | J40: =IF(D40="","",I40*G40) -> 0 | L40: =IF(G40="","",K40*G40) -> 0 | M40: =IF(D40="","",_xlfn.XLOOKUP(A40,'3'!A:A,'3'!D:D,IF($M$6=0,0,"ERROR"))) -> 8.4708 | N40: =IF(G40="","",M40*G40) -> 665.29663 | O40: =IF(D40="","",_xlfn.XLOOKUP(A40,'4'!A:A,'4'!D:D,IF($O$6=0,0,"ERROR"))) -> 0 | P40: =IF(G40="","",O40*G40) -> 0 | Q40: =IF(D40="","",_xlfn.XLOOKUP(A40,'5'!A:A,'5'!D:D,IF($Q$6=0,0,"ERROR"))) -> 9.77 | R40: =IF(G40="","",Q40*G40) -> 767.3358 | S40: =IF(D40="","",_xlfn.XLOOKUP(A40,'6'!A:A,'6'!D:D,IF($Q$6=0,0,"ERROR"))) -> 7.88 | T40: =IF(G40="","",S40*G40) -> 618.8952 | U40: =IF(D40="","",_xlfn.XLOOKUP(A40,'7'!A:A,'7'!D:D,IF($U$6=0,0,"ERROR"))) -> 10.236 | V40: =IF(G40="","",U40*G40) -> 803.93544 | W40: =IF(D40="","",_xlfn.XLOOKUP(A40,'8'!A:A,'8'!D:D,IF($U$6=0,0,"ERROR"))) -> 8.74 | X40: =IF(G40="","",W40*G40) -> 686.4396 | Y40: =IF(D40="","",_xlfn.XLOOKUP(A40,'9'!A:A,'9'!D:D,IF($U$6=0,0,"ERROR"))) -> 6.83 | Z40: =IF(G40="","",Y40*G40) -> 536.4282 | AA40: =IF(D40="","",_xlfn.XLOOKUP(A40,'10'!A:A,'10'!D:D,IF($U$6=0,0,"ERROR"))) -> 0 | AB40: =IF(G40="","",AA40*G40) -> 0 | AC40: =IF(D40="","",_xlfn.XLOOKUP(A40,'11'!A:A,'11'!D:D,IF($U$6=0,0,"ERROR"))) -> 6.33 | AD40: =IF(G40="","",AC40*G40) -> 497.1582 | AE40: =IF(D40="","",_xlfn.XLOOKUP(A40,'12'!A:A,'12'!D:D,IF($U$6=0,0,"ERROR"))) -> 0 | AF40: =IF(G40="","",AE40*G40) -> 0 | AG40: =IF(D40="","",_xlfn.XLOOKUP(A40,'13'!A:A,'13'!D:D,IF($U$6=0,0,"ERROR"))) -> 6.9 | AH40: =IF(G40="","",AG40*G40) -> 541.926 | AI40: =IF(D40="","",_xlfn.XLOOKUP(A40,'14'!A:A,'14'!D:D,IF($U$6=0,0,"ERROR"))) -> 0 | AJ40: =IF(G40="","",AI40*G40) -> 0 | AM40: =IF(D40="","",Q40+O40+M40+K40+I40+S40+U40+W40+Y40+AA40+AC40+AE40+AG40+AI40) -> 65.1568 | AN40: =IF(D40="","",R40+P40+N40+L40+J40+T40+V40+X40+Z40+AB40+AD40+AH40+AF40+AJ40) -> 5117.4151 | AO40: =IF(AN40="","",IF(AM40*G40=AN40,"הכל טוב","לא טוב")) -> הכל טוב
A41: 12.065 | B41: תריסי רפפה ותריסי גלילה מאלומיניום ומנועים חשמליים לתריסים | E41: =IF(D41="","",D41*0.15) | F41: =IF(D41="","",D41*0.05) | G41: =IF(D41="","",D41*1.05*0.85) | J41: =IF(D41="","",I41*G41) | L41: =IF(G41="","",K41*G41) | M41: =IF(D41="","",_xlfn.XLOOKUP(A41,'3'!A:A,'3'!D:D,IF($M$6=0,0,"ERROR"))) | N41: =IF(G41="","",M41*G41) | O41: =IF(D41="","",_xlfn.XLOOKUP(A41,'4'!A:A,'4'!D:D,IF($O$6=0,0,"ERROR"))) | P41: =IF(G41="","",O41*G41) | Q41: =IF(D41="","",_xlfn.XLOOKUP(A41,'5'!A:A,'5'!D:D,IF($Q$6=0,0,"ERROR"))) | R41: =IF(G41="","",Q41*G41) | S41: =IF(D41="","",_xlfn.XLOOKUP(A41,'6'!A:A,'6'!D:D,IF($Q$6=0,0,"ERROR"))) | T41: =IF(G41="","",S41*G41) | U41: =IF(D41="","",_xlfn.XLOOKUP(A41,'7'!A:A,'7'!D:D,IF($U$6=0,0,"ERROR"))) | V41: =IF(G41="","",U41*G41) | W41: =IF(D41="","",_xlfn.XLOOKUP(A41,'8'!A:A,'8'!D:D,IF($U$6=0,0,"ERROR"))) | X41: =IF(G41="","",W41*G41) | Y41: =IF(D41="","",_xlfn.XLOOKUP(A41,'9'!A:A,'9'!D:D,IF($U$6=0,0,"ERROR"))) | Z41: =IF(G41="","",Y41*G41) | AA41: =IF(D41="","",_xlfn.XLOOKUP(A41,'10'!A:A,'10'!D:D,IF($U$6=0,0,"ERROR"))) | AB41: =IF(G41="","",AA41*G41) | AC41: =IF(D41="","",_xlfn.XLOOKUP(A41,'11'!A:A,'11'!D:D,IF($U$6=0,0,"ERROR"))) | AD41: =IF(G41="","",AC41*G41) | AE41: =IF(D41="","",_xlfn.XLOOKUP(A41,'12'!A:A,'12'!D:D,IF($U$6=0,0,"ERROR"))) | AF41: =IF(G41="","",AE41*G41) | AG41: =IF(D41="","",_xlfn.XLOOKUP(A41,'13'!A:A,'13'!D:D,IF($U$6=0,0,"ERROR"))) | AH41: =IF(G41="","",AG41*G41) | AI41: =IF(D41="","",_xlfn.XLOOKUP(A41,'14'!A:A,'14'!D:D,IF($U$6=0,0,"ERROR"))) | AJ41: =IF(G41="","",AI41*G41) | AM41: =IF(D41="","",Q41+O41+M41+K41+I41+S41+U41+W41+Y41+AA41+AC41+AE41+AG41+AI41) | AN41: =IF(D41="","",R41+P41+N41+L41+J41+T41+V41+X41+Z41+AB41+AD41+AH41+AF41+AJ41) | AO41: =IF(AN41="","",IF(AM41*G41=AN41,"הכל טוב","לא טוב"))
A42: 12.065.1613 | B42: תריס גלילה עם רפפות מפח אלומיניום עם פוליאוריטן מוקצף לרבות ארגז תריס מונובלוק 40, בשטח מעל 1.0 מ"ר ועד 3.0 מ"ר | C42: מ"ר | D42: 717 | E42: =IF(D42="","",D42*0.15) -> 107.55 | F42: =IF(D42="","",D42*0.05) -> 35.85 | G42: =IF(D42="","",D42*1.05*0.85) -> 639.9225 | J42: =IF(D42="","",I42*G42) -> 0 | L42: =IF(G42="","",K42*G42) -> 0 | M42: =IF(D42="","",_xlfn.XLOOKUP(A42,'3'!A:A,'3'!D:D,IF($M$6=0,0,"ERROR"))) -> 12.325 | N42: =IF(G42="","",M42*G42) -> 7887.0448 | O42: =IF(D42="","",_xlfn.XLOOKUP(A42,'4'!A:A,'4'!D:D,IF($O$6=0,0,"ERROR"))) -> 0 | P42: =IF(G42="","",O42*G42) -> 0 | Q42: =IF(D42="","",_xlfn.XLOOKUP(A42,'5'!A:A,'5'!D:D,IF($Q$6=0,0,"ERROR"))) -> 28.785 | R42: =IF(G42="","",Q42*G42) -> 18420.169 | S42: =IF(D42="","",_xlfn.XLOOKUP(A42,'6'!A:A,'6'!D:D,IF($Q$6=0,0,"ERROR"))) -> 0 | T42: =IF(G42="","",S42*G42) -> 0 | U42: =IF(D42="","",_xlfn.XLOOKUP(A42,'7'!A:A,'7'!D:D,IF($U$6=0,0,"ERROR"))) -> 0 | V42: =IF(G42="","",U42*G42) -> 0 | W42: =IF(D42="","",_xlfn.XLOOKUP(A42,'8'!A:A,'8'!D:D,IF($U$6=0,0,"ERROR"))) -> 0 | X42: =IF(G42="","",W42*G42) -> 0 | Y42: =IF(D42="","",_xlfn.XLOOKUP(A42,'9'!A:A,'9'!D:D,IF($U$6=0,0,"ERROR"))) -> 0 | Z42: =IF(G42="","",Y42*G42) -> 0 | AA42: =IF(D42="","",_xlfn.XLOOKUP(A42,'10'!A:A,'10'!D:D,IF($U$6=0,0,"ERROR"))) -> 0 | AB42: =IF(G42="","",AA42*G42) -> 0 | AC42: =IF(D42="","",_xlfn.XLOOKUP(A42,'11'!A:A,'11'!D:D,IF($U$6=0,0,"ERROR"))) -> 0 | AD42: =IF(G42="","",AC42*G42) -> 0 | AE42: =IF(D42="","",_xlfn.XLOOKUP(A42,'12'!A:A,'12'!D:D,IF($U$6=0,0,"ERROR"))) -> 4 | AF42: =IF(G42="","",AE42*G42) -> 2559.69 | AG42: =IF(D42="","",_xlfn.XLOOKUP(A42,'13'!A:A,'13'!D:D,IF($U$6=0,0,"ERROR"))) -> 0 | AH42: =IF(G42="","",AG42*G42) -> 0 | AI42: =IF(D42="","",_xlfn.XLOOKUP(A42,'14'!A:A,'14'!D:D,IF($U$6=0,0,"ERROR"))) -> 0 | AJ42: =IF(G42="","",AI42*G42) -> 0 | AM42: =IF(D42="","",Q42+O42+M42+K42+I42+S42+U42+W42+Y42+AA42+AC42+AE42+AG42+AI42) -> 45.11 | AN42: =IF(D42="","",R42+P42+N42+L42+J42+T42+V42+X42+Z42+AB42+AD42+AH42+AF42+AJ42) -> 28866.904 | AO42: =IF(AN42="","",IF(AM42*G42=AN42,"הכל טוב","לא טוב")) -> הכל טוב
A43: 12.065.1615 | B43: תריס גלילה עם רפפות מפח אלומיניום עם פוליאוריטן מוקצף לרבות ארגז תריס מונובלוק 40, בשטח מעל 3.0 מ"ר ועד 6.0 מ"ר | C43: מ"ר | D43: 582 | E43: =IF(D43="","",D43*0.15) -> 87.3 | F43: =IF(D43="","",D43*0.05) -> 29.1 | G43: =IF(D43="","",D43*1.05*0.85) -> 519.435 | J43: =IF(D43="","",I43*G43) -> 0 | L43: =IF(G43="","",K43*G43) -> 0 | M43: =IF(D43="","",_xlfn.XLOOKUP(A43,'3'!A:A,'3'!D:D,IF($M$6=0,0,"ERROR"))) -> 8.4708 | N43: =IF(G43="","",M43*G43) -> 4400.03 | O43: =IF(D43="","",_xlfn.XLOOKUP(A43,'4'!A:A,'4'!D:D,IF($O$6=0,0,"ERROR"))) -> 0 | P43: =IF(G43="","",O43*G43) -> 0 | Q43: =IF(D43="","",_xlfn.XLOOKUP(A43,'5'!A:A,'5'!D:D,IF($Q$6=0,0,"ERROR"))) -> 9.77 | R43: =IF(G43="","",Q43*G43) -> 5074.88 | S43: =IF(D43="","",_xlfn.XLOOKUP(A43,'6'!A:A,'6'!D:D,IF($Q$6=0,0,"ERROR"))) -> 19.04 | T43: =IF(G43="","",S43*G43) -> 9890.0424 | U43: =IF(D43="","",_xlfn.XLOOKUP(A43,'7'!A:A,'7'!D:D,IF($U$6=0,0,"ERROR"))) -> 0 | V43: =IF(G43="","",U43*G43) -> 0 | W43: =IF(D43="","",_xlfn.XLOOKUP(A43,'8'!A:A,'8'!D:D,IF($U$6=0,0,"ERROR"))) -> 0 | X43: =IF(G43="","",W43*G43) -> 0 | Y43: =IF(D43="","",_xlfn.XLOOKUP(A43,'9'!A:A,'9'!D:D,IF($U$6=0,0,"ERROR"))) -> 0 | Z43: =IF(G43="","",Y43*G43) -> 0 | AA43: =IF(D43="","",_xlfn.XLOOKUP(A43,'10'!A:A,'10'!D:D,IF($U$6=0,0,"ERROR"))) -> 0 | AB43: =IF(G43="","",AA43*G43) -> 0 | AC43: =IF(D43="","",_xlfn.XLOOKUP(A43,'11'!A:A,'11'!D:D,IF($U$6=0,0,"ERROR"))) -> 0 | AD43: =IF(G43="","",AC43*G43) -> 0 | AE43: =IF(D43="","",_xlfn.XLOOKUP(A43,'12'!A:A,'12'!D:D,IF($U$6=0,0,"ERROR"))) -> 0 | AF43: =IF(G43="","",AE43*G43) -> 0 | AG43: =IF(D43="","",_xlfn.XLOOKUP(A43,'13'!A:A,'13'!D:D,IF($U$6=0,0,"ERROR"))) -> 0 | AH43: =IF(G43="","",AG43*G43) -> 0 | AI43: =IF(D43="","",_xlfn.XLOOKUP(A43,'14'!A:A,'14'!D:D,IF($U$6=0,0,"ERROR"))) -> 0 | AJ43: =IF(G43="","",AI43*G43) -> 0 | AM43: =IF(D43="","",Q43+O43+M43+K43+I43+S43+U43+W43+Y43+AA43+AC43+AE43+AG43+AI43) -> 37.2808 | AN43: =IF(D43="","",R43+P43+N43+L43+J43+T43+V43+X43+Z43+AB43+AD43+AH43+AF43+AJ43) -> 19364.952 | AO43: =IF(AN43="","",IF(AM43*G43=AN43,"הכל טוב","לא טוב")) -> הכל טוב
A44: 12.065.1710 | B44: תריס גלילה "תריס אור" עם רפפות מפח אלומיניום עם פוליאוריטן מוקצף לרבות ארגז תריס מונובלוק 40, בשטח מעל 1.0 מ"ר ועד 3.0 מ"ר | C44: מ"ר | D44: =IF(C44="","",_xlfn.XLOOKUP(A44,'[2]12 - אלומיניום'!$A:$A,'[2]12 - אלומיניום'!$D:$D,"לא נמצא")) -> 800 | E44: =IF(D44="","",D44*0.15) -> 120 | F44: =IF(D44="","",D44*0.05) -> 40 | G44: =IF(D44="","",D44*1.05*0.85) -> 714 | M44: =IF(D44="","",_xlfn.XLOOKUP(A44,'3'!A:A,'3'!D:D,IF($M$6=0,0,"ERROR"))) -> 0 | N44: =IF(G44="","",M44*G44) -> 0 | O44: =IF(D44="","",_xlfn.XLOOKUP(A44,'4'!A:A,'4'!D:D,IF($O$6=0,0,"ERROR"))) -> 2.91 | P44: =IF(G44="","",O44*G44) -> 2077.74 | Q44: =IF(D44="","",_xlfn.XLOOKUP(A44,'5'!A:A,'5'!D:D,IF($Q$6=0,0,"ERROR"))) -> 0 | R44: =IF(G44="","",Q44*G44) -> 0 | S44: =IF(D44="","",_xlfn.XLOOKUP(A44,'6'!A:A,'6'!D:D,IF($Q$6=0,0,"ERROR"))) -> 0 | T44: =IF(G44="","",S44*G44) -> 0 | U44: =IF(D44="","",_xlfn.XLOOKUP(A44,'7'!A:A,'7'!D:D,IF($U$6=0,0,"ERROR"))) -> 10.712 | V44: =IF(G44="","",U44*G44) -> 7648.368 | W44: =IF(D44="","",_xlfn.XLOOKUP(A44,'8'!A:A,'8'!D:D,IF($U$6=0,0,"ERROR"))) -> 11.21 | X44: =IF(G44="","",W44*G44) -> 8003.94 | Y44: =IF(D44="","",_xlfn.XLOOKUP(A44,'9'!A:A,'9'!D:D,IF($U$6=0,0,"ERROR"))) -> 10.18 | Z44: =IF(G44="","",Y44*G44) -> 7268.52 | AA44: =IF(D44="","",_xlfn.XLOOKUP(A44,'10'!A:A,'10'!D:D,IF($U$6=0,0,"ERROR"))) -> 9.1668 | AB44: =IF(G44="","",AA44*G44) -> 6545.0952 | AC44: =IF(D44="","",_xlfn.XLOOKUP(A44,'11'!A:A,'11'!D:D,IF($U$6=0,0,"ERROR"))) -> 11.83 | AD44: =IF(G44="","",AC44*G44) -> 8446.62 | AE44: =IF(D44="","",_xlfn.XLOOKUP(A44,'12'!A:A,'12'!D:D,IF($U$6=0,0,"ERROR"))) -> 0 | AF44: =IF(G44="","",AE44*G44) -> 0 | AG44: =IF(D44="","",_xlfn.XLOOKUP(A44,'13'!A:A,'13'!D:D,IF($U$6=0,0,"ERROR"))) -> 8.985 | AH44: =IF(G44="","",AG44*G44) -> 6415.29 | AI44: =IF(D44="","",_xlfn.XLOOKUP(A44,'14'!A:A,'14'!D:D,IF($U$6=0,0,"ERROR"))) -> 11.694 | AJ44: =IF(G44="","",AI44*G44) -> 8349.516 | AM44: =IF(D44="","",Q44+O44+M44+K44+I44+S44+U44+W44+Y44+AA44+AC44+AE44+AG44+AI44) -> 76.6878 | AN44: =IF(D44="","",R44+P44+N44+L44+J44+T44+V44+X44+Z44+AB44+AD44+AH44+AF44+AJ44) -> 54755.089 | AO44: =IF(AN44="","",IF(AM44*G44=AN44,"הכל טוב","לא טוב")) -> הכל טוב
A45: 12.065.1681 | B45: תריס גלילה "תריס אור" עם רפפות מאלומיניום שחול (משוך) וחריצים גדולים בין השלבים, צבע לבן לרבות ארגז תריס מונובלוק 40, בשטח מעל 3.0 מ"ר ועד 6.0 מ"ר | C45: מ"ר | D45: 1440 | E45: 1440 | F45: =IF(E45="","",E45*0.15) -> 216 | G45: =IF(D45="","",D45*1.05*0.85) -> 1285.2 | M45: =IF(D45="","",_xlfn.XLOOKUP(A45,'3'!A:A,'3'!D:D,IF($M$6=0,0,"ERROR"))) -> 0 | N45: =IF(G45="","",M45*G45) -> 0 | O45: =IF(D45="","",_xlfn.XLOOKUP(A45,'4'!A:A,'4'!D:D,IF($O$6=0,0,"ERROR"))) -> 0 | P45: =IF(G45="","",O45*G45) -> 0 | Q45: =IF(D45="","",_xlfn.XLOOKUP(A45,'5'!A:A,'5'!D:D,IF($Q$6=0,0,"ERROR"))) -> 0 | R45: =IF(G45="","",Q45*G45) -> 0 | S45: =IF(D45="","",_xlfn.XLOOKUP(A45,'6'!A:A,'6'!D:D,IF($Q$6=0,0,"ERROR"))) -> 0 | T45: =IF(G45="","",S45*G45) -> 0 | U45: =IF(D45="","",_xlfn.XLOOKUP(A45,'7'!A:A,'7'!D:D,IF($U$6=0,0,"ERROR"))) -> 8.736 | V45: =IF(G45="","",U45*G45) -> 11227.507 | W45: =IF(D45="","",_xlfn.XLOOKUP(A45,'8'!A:A,'8'!D:D,IF($U$6=0,0,"ERROR"))) -> 8.74 | X45: =IF(G45="","",W45*G45) -> 11232.648 | Y45: =IF(D45="","",_xlfn.XLOOKUP(A45,'9'!A:A,'9'!D:D,IF($U$6=0,0,"ERROR"))) -> 6.83 | Z45: =IF(G45="","",Y45*G45) -> 8777.916 | AA45: =IF(D45="","",_xlfn.XLOOKUP(A45,'10'!A:A,'10'!D:D,IF($U$6=0,0,"ERROR"))) -> 0 | AB45: =IF(G45="","",AA45*G45) -> 0 | AC45: =IF(D45="","",_xlfn.XLOOKUP(A45,'11'!A:A,'11'!D:D,IF($U$6=0,0,"ERROR"))) -> 7.15 | AD45: =IF(G45="","",AC45*G45) -> 9189.18 | AE45: =IF(D45="","",_xlfn.XLOOKUP(A45,'12'!A:A,'12'!D:D,IF($U$6=0,0,"ERROR"))) -> 0 | AF45: =IF(G45="","",AE45*G45) -> 0 | AG45: =IF(D45="","",_xlfn.XLOOKUP(A45,'13'!A:A,'13'!D:D,IF($U$6=0,0,"ERROR"))) -> 6.9 | AH45: =IF(G45="","",AG45*G45) -> 8867.88 | AI45: =IF(D45="","",_xlfn.XLOOKUP(A45,'14'!A:A,'14'!D:D,IF($U$6=0,0,"ERROR"))) -> 7.54 | AJ45: =IF(G45="","",AI45*G45) -> 9690.408 | AM45: =IF(D45="","",Q45+O45+M45+K45+I45+S45+U45+W45+Y45+AA45+AC45+AE45+AG45+AI45) -> 45.896 | AN45: =IF(D45="","",R45+P45+N45+L45+J45+T45+V45+X45+Z45+AB45+AD45+AH45+AF45+AJ45) -> 58985.539 | AO45: =IF(AN45="","",IF(AM45*G45=AN45,"הכל טוב","לא טוב")) -> הכל טוב
A46: 12.065.2000 | B46: מנוע חשמלי לתריס במשקל עד 20 ק"ג, לא כולל נק' החשמל | C46: יח' | D46: 620 | E46: =IF(D46="","",D46*0.15) -> 93 | F46: =IF(D46="","",D46*0.05) -> 31 | G46: =IF(D46="","",D46*1.05*0.85) -> 553.35 | J46: =IF(D46="","",I46*G46) -> 0 | L46: =IF(G46="","",K46*G46) -> 0 | M46: =IF(D46="","",_xlfn.XLOOKUP(A46,'3'!A:A,'3'!D:D,IF($M$6=0,0,"ERROR"))) -> 0 | N46: =IF(G46="","",M46*G46) -> 0 | O46: =IF(D46="","",_xlfn.XLOOKUP(A46,'4'!A:A,'4'!D:D,IF($O$6=0,0,"ERROR"))) -> 0 | P46: =IF(G46="","",O46*G46) -> 0 | Q46: =IF(D46="","",_xlfn.XLOOKUP(A46,'5'!A:A,'5'!D:D,IF($Q$6=0,0,"ERROR"))) -> 0 | R46: =IF(G46="","",Q46*G46) -> 0 | S46: =IF(D46="","",_xlfn.XLOOKUP(A46,'6'!A:A,'6'!D:D,IF($Q$6=0,0,"ERROR"))) -> 0 | T46: =IF(G46="","",S46*G46) -> 0 | U46: =IF(D46="","",_xlfn.XLOOKUP(A46,'7'!A:A,'7'!D:D,IF($U$6=0,0,"ERROR"))) -> 0 | V46: =IF(G46="","",U46*G46) -> 0 | W46: =IF(D46="","",_xlfn.XLOOKUP(A46,'8'!A:A,'8'!D:D,IF($U$6=0,0,"ERROR"))) -> 0 | X46: =IF(G46="","",W46*G46) -> 0 | Y46: =IF(D46="","",_xlfn.XLOOKUP(A46,'9'!A:A,'9'!D:D,IF($U$6=0,0,"ERROR"))) -> 0 | Z46: =IF(G46="","",Y46*G46) -> 0 | AA46: =IF(D46="","",_xlfn.XLOOKUP(A46,'10'!A:A,'10'!D:D,IF($U$6=0,0,"ERROR"))) -> 0 | AB46: =IF(G46="","",AA46*G46) -> 0 | AC46: =IF(D46="","",_xlfn.XLOOKUP(A46,'11'!A:A,'11'!D:D,IF($U$6=0,0,"ERROR"))) -> 0 | AD46: =IF(G46="","",AC46*G46) -> 0 | AE46: =IF(D46="","",_xlfn.XLOOKUP(A46,'12'!A:A,'12'!D:D,IF($U$6=0,0,"ERROR"))) -> 0 | AF46: =IF(G46="","",AE46*G46) -> 0 | AG46: =IF(D46="","",_xlfn.XLOOKUP(A46,'13'!A:A,'13'!D:D,IF($U$6=0,0,"ERROR"))) -> 0 | AH46: =IF(G46="","",AG46*G46) -> 0 | AI46: =IF(D46="","",_xlfn.XLOOKUP(A46,'14'!A:A,'14'!D:D,IF($U$6=0,0,"ERROR"))) -> 0 | AJ46: =IF(G46="","",AI46*G46) -> 0 | AM46: =IF(D46="","",Q46+O46+M46+K46+I46+S46+U46+W46+Y46+AA46+AC46+AE46+AG46+AI46) -> 0 | AN46: =IF(D46="","",R46+P46+N46+L46+J46+T46+V46+X46+Z46+AB46+AD46+AH46+AF46+AJ46) -> 0 | AO46: =IF(AN46="","",IF(AM46*G46=AN46,"הכל טוב","לא טוב")) -> הכל טוב
A47: 12.065.2010 | B47: מנוע חשמלי לתריס במשקל מעל 20 ק"ג ועד 30 ק"ג, לא כולל נק' החשמל | C47: יח' | D47: 750 | E47: =IF(D47="","",D47*0.15) -> 112.5 | F47: =IF(D47="","",D47*0.05) -> 37.5 | G47: =IF(D47="","",D47*1.05*0.85) -> 669.375 | J47: =IF(D47="","",I47*G47) -> 0 | L47: =IF(G47="","",K47*G47) -> 0 | M47: =IF(D47="","",_xlfn.XLOOKUP(A47,'3'!A:A,'3'!D:D,IF($M$6=0,0,"ERROR"))) -> 0 | N47: =IF(G47="","",M47*G47) -> 0 | O47: =IF(D47="","",_xlfn.XLOOKUP(A47,'4'!A:A,'4'!D:D,IF($O$6=0,0,"ERROR"))) -> 0 | P47: =IF(G47="","",O47*G47) -> 0 | Q47: =IF(D47="","",_xlfn.XLOOKUP(A47,'5'!A:A,'5'!D:D,IF($Q$6=0,0,"ERROR"))) -> 0 | R47: =IF(G47="","",Q47*G47) -> 0 | S47: =IF(D47="","",_xlfn.XLOOKUP(A47,'6'!A:A,'6'!D:D,IF($Q$6=0,0,"ERROR"))) -> 0 | T47: =IF(G47="","",S47*G47) -> 0 | U47: =IF(D47="","",_xlfn.XLOOKUP(A47,'7'!A:A,'7'!D:D,IF($U$6=0,0,"ERROR"))) -> 0 | V47: =IF(G47="","",U47*G47) -> 0 | W47: =IF(D47="","",_xlfn.XLOOKUP(A47,'8'!A:A,'8'!D:D,IF($U$6=0,0,"ERROR"))) -> 0 | X47: =IF(G47="","",W47*G47) -> 0 | Y47: =IF(D47="","",_xlfn.XLOOKUP(A47,'9'!A:A,'9'!D:D,IF($U$6=0,0,"ERROR"))) -> 0 | Z47: =IF(G47="","",Y47*G47) -> 0 | AA47: =IF(D47="","",_xlfn.XLOOKUP(A47,'10'!A:A,'10'!D:D,IF($U$6=0,0,"ERROR"))) -> 0 | AB47: =IF(G47="","",AA47*G47) -> 0 | AC47: =IF(D47="","",_xlfn.XLOOKUP(A47,'11'!A:A,'11'!D:D,IF($U$6=0,0,"ERROR"))) -> 0 | AD47: =IF(G47="","",AC47*G47) -> 0 | AE47: =IF(D47="","",_xlfn.XLOOKUP(A47,'12'!A:A,'12'!D:D,IF($U$6=0,0,"ERROR"))) -> 0 | AF47: =IF(G47="","",AE47*G47) -> 0 | AG47: =IF(D47="","",_xlfn.XLOOKUP(A47,'13'!A:A,'13'!D:D,IF($U$6=0,0,"ERROR"))) -> 0 | AH47: =IF(G47="","",AG47*G47) -> 0 | AI47: =IF(D47="","",_xlfn.XLOOKUP(A47,'14'!A:A,'14'!D:D,IF($U$6=0,0,"ERROR"))) -> 0 | AJ47: =IF(G47="","",AI47*G47) -> 0 | AM47: =IF(D47="","",Q47+O47+M47+K47+I47+S47+U47+W47+Y47+AA47+AC47+AE47+AG47+AI47) -> 0 | AN47: =IF(D47="","",R47+P47+N47+L47+J47+T47+V47+X47+Z47+AB47+AD47+AH47+AF47+AJ47) -> 0 | AO47: =IF(AN47="","",IF(AM47*G47=AN47,"הכל טוב","לא טוב")) -> הכל טוב
A48: 12.065.2020 | B48: מנוע חשמלי לתריס במשקל מעל 30 ק"ג ועד 50 ק"ג, לא כולל נק' החשמל | C48: יח' | D48: 1020 | E48: =IF(D48="","",D48*0.15) -> 153 | F48: =IF(D48="","",D48*0.05) -> 51 | G48: =IF(D48="","",D48*1.05*0.85) -> 910.35 | J48: =IF(D48="","",I48*G48) -> 0 | L48: =IF(G48="","",K48*G48) -> 0 | M48: =IF(D48="","",_xlfn.XLOOKUP(A48,'3'!A:A,'3'!D:D,IF($M$6=0,0,"ERROR"))) -> 5 | N48: =IF(G48="","",M48*G48) -> 4551.75 | O48: =IF(D48="","",_xlfn.XLOOKUP(A48,'4'!A:A,'4'!D:D,IF($O$6=0,0,"ERROR"))) -> 0 | P48: =IF(G48="","",O48*G48) -> 0 | Q48: =IF(D48="","",_xlfn.XLOOKUP(A48,'5'!A:A,'5'!D:D,IF($Q$6=0,0,"ERROR"))) -> 0 | R48: =IF(G48="","",Q48*G48) -> 0 | S48: =IF(D48="","",_xlfn.XLOOKUP(A48,'6'!A:A,'6'!D:D,IF($Q$6=0,0,"ERROR"))) -> 0 | T48: =IF(G48="","",S48*G48) -> 0 | U48: =IF(D48="","",_xlfn.XLOOKUP(A48,'7'!A:A,'7'!D:D,IF($U$6=0,0,"ERROR"))) -> 5 | V48: =IF(G48="","",U48*G48) -> 4551.75 | W48: =IF(D48="","",_xlfn.XLOOKUP(A48,'8'!A:A,'8'!D:D,IF($U$6=0,0,"ERROR"))) -> 1 | X48: =IF(G48="","",W48*G48) -> 910.35 | Y48: =IF(D48="","",_xlfn.XLOOKUP(A48,'9'!A:A,'9'!D:D,IF($U$6=0,0,"ERROR"))) -> 1 | Z48: =IF(G48="","",Y48*G48) -> 910.35 | AA48: =IF(D48="","",_xlfn.XLOOKUP(A48,'10'!A:A,'10'!D:D,IF($U$6=0,0,"ERROR"))) -> 1 | AB48: =IF(G48="","",AA48*G48) -> 910.35 | AC48: =IF(D48="","",_xlfn.XLOOKUP(A48,'11'!A:A,'11'!D:D,IF($U$6=0,0,"ERROR"))) -> 0 | AD48: =IF(G48="","",AC48*G48) -> 0 | AE48: =IF(D48="","",_xlfn.XLOOKUP(A48,'12'!A:A,'12'!D:D,IF($U$6=0,0,"ERROR"))) -> 2 | AF48: =IF(G48="","",AE48*G48) -> 1820.7 | AG48: =IF(D48="","",_xlfn.XLOOKUP(A48,'13'!A:A,'13'!D:D,IF($U$6=0,0,"ERROR"))) -> 0 | AH48: =IF(G48="","",AG48*G48) -> 0 | AI48: =IF(D48="","",_xlfn.XLOOKUP(A48,'14'!A:A,'14'!D:D,IF($U$6=0,0,"ERROR"))) -> 0 | AJ48: =IF(G48="","",AI48*G48) -> 0 | AM48: =IF(D48="","",Q48+O48+M48+K48+I48+S48+U48+W48+Y48+AA48+AC48+AE48+AG48+AI48) -> 15 | AN48: =IF(D48="","",R48+P48+N48+L48+J48+T48+V48+X48+Z48+AB48+AD48+AH48+AF48+AJ48) -> 13655.25 | AO48: =IF(AN48="","",IF(AM48*G48=AN48,"הכל טוב","לא טוב")) -> הכל טוב
A49: 12.065.2030 | B49: מנוע חשמלי לתריס במשקל מעל 50 ק"ג ועד 70 ק"ג, לא כולל נק' החשמל | C49: יח' | D49: 1370 | E49: =IF(D49="","",D49*0.15) -> 205.5 | F49: =IF(D49="","",D49*0.05) -> 68.5 | G49: =IF(D49="","",D49*1.05*0.85) -> 1222.725 | J49: =IF(D49="","",I49*G49) -> 0 | L49: =IF(G49="","",K49*G49) -> 0 | M49: =IF(D49="","",_xlfn.XLOOKUP(A49,'3'!A:A,'3'!D:D,IF($M$6=0,0,"ERROR"))) -> 0 | N49: =IF(G49="","",M49*G49) -> 0 | O49: =IF(D49="","",_xlfn.XLOOKUP(A49,'4'!A:A,'4'!D:D,IF($O$6=0,0,"ERROR"))) -> 1 | P49: =IF(G49="","",O49*G49) -> 1222.725 | Q49: =IF(D49="","",_xlfn.XLOOKUP(A49,'5'!A:A,'5'!D:D,IF($Q$6=0,0,"ERROR"))) -> 5 | R49: =IF(G49="","",Q49*G49) -> 6113.625 | S49: =IF(D49="","",_xlfn.XLOOKUP(A49,'6'!A:A,'6'!D:D,IF($Q$6=0,0,"ERROR"))) -> 3 | T49: =IF(G49="","",S49*G49) -> 3668.175 | U49: =IF(D49="","",_xlfn.XLOOKUP(A49,'7'!A:A,'7'!D:D,IF($U$6=0,0,"ERROR"))) -> 0 | V49: =IF(G49="","",U49*G49) -> 0 | W49: =IF(D49="","",_xlfn.XLOOKUP(A49,'8'!A:A,'8'!D:D,IF($U$6=0,0,"ERROR"))) -> 5 | X49: =IF(G49="","",W49*G49) -> 6113.625 | Y49: =IF(D49="","",_xlfn.XLOOKUP(A49,'9'!A:A,'9'!D:D,IF($U$6=0,0,"ERROR"))) -> 3 | Z49: =IF(G49="","",Y49*G49) -> 3668.175 | AA49: =IF(D49="","",_xlfn.XLOOKUP(A49,'10'!A:A,'10'!D:D,IF($U$6=0,0,"ERROR"))) -> 4 | AB49: =IF(G49="","",AA49*G49) -> 4890.9 | AC49: =IF(D49="","",_xlfn.XLOOKUP(A49,'11'!A:A,'11'!D:D,IF($U$6=0,0,"ERROR"))) -> 2 | AD49: =IF(G49="","",AC49*G49) -> 2445.45 | AE49: =IF(D49="","",_xlfn.XLOOKUP(A49,'12'!A:A,'12'!D:D,IF($U$6=0,0,"ERROR"))) -> 0 | AF49: =IF(G49="","",AE49*G49) -> 0 | AG49: =IF(D49="","",_xlfn.XLOOKUP(A49,'13'!A:A,'13'!D:D,IF($U$6=0,0,"ERROR"))) -> 3 | AH49: =IF(G49="","",AG49*G49) -> 3668.175 | AI49: =IF(D49="","",_xlfn.XLOOKUP(A49,'14'!A:A,'14'!D:D,IF($U$6=0,0,"ERROR"))) -> 2 | AJ49: =IF(G49="","",AI49*G49) -> 2445.45 | AM49: =IF(D49="","",Q49+O49+M49+K49+I49+S49+U49+W49+Y49+AA49+AC49+AE49+AG49+AI49) -> 28 | AN49: =IF(D49="","",R49+P49+N49+L49+J49+T49+V49+X49+Z49+AB49+AD49+AH49+AF49+AJ49) -> 34236.3 | AO49: =IF(AN49="","",IF(AM49*G49=AN49,"הכל טוב","לא טוב")) -> הכל טוב
A50: 12.065.2040 | B50: מנוע חשמלי לתריס במשקל מעל 70 ק"ג ועד 90 ק"ג, לא כולל נק' החשמל | C50: יח' | D50: 1650 | E50: =IF(D50="","",D50*0.15) -> 247.5 | F50: =IF(D50="","",D50*0.05) -> 82.5 | G50: =IF(D50="","",D50*1.05*0.85) -> 1472.625 | J50: =IF(D50="","",I50*G50) -> 0 | L50: =IF(G50="","",K50*G50) -> 0 | M50: =IF(D50="","",_xlfn.XLOOKUP(A50,'3'!A:A,'3'!D:D,IF($M$6=0,0,"ERROR"))) -> 0 | N50: =IF(G50="","",M50*G50) -> 0 | O50: =IF(D50="","",_xlfn.XLOOKUP(A50,'4'!A:A,'4'!D:D,IF($O$6=0,0,"ERROR"))) -> 0 | P50: =IF(G50="","",O50*G50) -> 0 | Q50: =IF(D50="","",_xlfn.XLOOKUP(A50,'5'!A:A,'5'!D:D,IF($Q$6=0,0,"ERROR"))) -> 0 | R50: =IF(G50="","",Q50*G50) -> 0 | S50: =IF(D50="","",_xlfn.XLOOKUP(A50,'6'!A:A,'6'!D:D,IF($Q$6=0,0,"ERROR"))) -> 0 | T50: =IF(G50="","",S50*G50) -> 0 | U50: =IF(D50="","",_xlfn.XLOOKUP(A50,'7'!A:A,'7'!D:D,IF($U$6=0,0,"ERROR"))) -> 0 | V50: =IF(G50="","",U50*G50) -> 0 | W50: =IF(D50="","",_xlfn.XLOOKUP(A50,'8'!A:A,'8'!D:D,IF($U$6=0,0,"ERROR"))) -> 0 | X50: =IF(G50="","",W50*G50) -> 0 | Y50: =IF(D50="","",_xlfn.XLOOKUP(A50,'9'!A:A,'9'!D:D,IF($U$6=0,0,"ERROR"))) -> 1 | Z50: =IF(G50="","",Y50*G50) -> 1472.625 | AA50: =IF(D50="","",_xlfn.XLOOKUP(A50,'10'!A:A,'10'!D:D,IF($U$6=0,0,"ERROR"))) -> 0 | AB50: =IF(G50="","",AA50*G50) -> 0 | AC50: =IF(D50="","",_xlfn.XLOOKUP(A50,'11'!A:A,'11'!D:D,IF($U$6=0,0,"ERROR"))) -> 0 | AD50: =IF(G50="","",AC50*G50) -> 0 | AE50: =IF(D50="","",_xlfn.XLOOKUP(A50,'12'!A:A,'12'!D:D,IF($U$6=0,0,"ERROR"))) -> 0 | AF50: =IF(G50="","",AE50*G50) -> 0 | AG50: =IF(D50="","",_xlfn.XLOOKUP(A50,'13'!A:A,'13'!D:D,IF($U$6=0,0,"ERROR"))) -> 1 | AH50: =IF(G50="","",AG50*G50) -> 1472.625 | AI50: =IF(D50="","",_xlfn.XLOOKUP(A50,'14'!A:A,'14'!D:D,IF($U$6=0,0,"ERROR"))) -> 1 | AJ50: =IF(G50="","",AI50*G50) -> 1472.625 | AM50: =IF(D50="","",Q50+O50+M50+K50+I50+S50+U50+W50+Y50+AA50+AC50+AE50+AG50+AI50) -> 3 | AN50: =IF(D50="","",R50+P50+N50+L50+J50+T50+V50+X50+Z50+AB50+AD50+AH50+AF50+AJ50) -> 4417.875 | AO50: =IF(AN50="","",IF(AM50*G50=AN50,"הכל טוב","לא טוב")) -> הכל טוב
A51: 12.065.2050 | B51: מנוע חשמלי לתריס במשקל מעל 90 ק"ג ועד 120 ק"ג, לא כולל נק' החשמל | C51: יח' | D51: 1820 | E51: =IF(D51="","",D51*0.15) -> 273 | F51: =IF(D51="","",D51*0.05) -> 91 | G51: =IF(D51="","",D51*1.05*0.85) -> 1624.35 | J51: =IF(D51="","",I51*G51) -> 0 | L51: =IF(G51="","",K51*G51) -> 0 | M51: =IF(D51="","",_xlfn.XLOOKUP(A51,'3'!A:A,'3'!D:D,IF($M$6=0,0,"ERROR"))) -> 1 | N51: =IF(G51="","",M51*G51) -> 1624.35 | O51: =IF(D51="","",_xlfn.XLOOKUP(A51,'4'!A:A,'4'!D:D,IF($O$6=0,0,"ERROR"))) -> 0 | P51: =IF(G51="","",O51*G51) -> 0 | Q51: =IF(D51="","",_xlfn.XLOOKUP(A51,'5'!A:A,'5'!D:D,IF($Q$6=0,0,"ERROR"))) -> 0 | R51: =IF(G51="","",Q51*G51) -> 0 | S51: =IF(D51="","",_xlfn.XLOOKUP(A51,'6'!A:A,'6'!D:D,IF($Q$6=0,0,"ERROR"))) -> 1 | T51: =IF(G51="","",S51*G51) -> 1624.35 | U51: =IF(D51="","",_xlfn.XLOOKUP(A51,'7'!A:A,'7'!D:D,IF($U$6=0,0,"ERROR"))) -> 2 | V51: =IF(G51="","",U51*G51) -> 3248.7 | W51: =IF(D51="","",_xlfn.XLOOKUP(A51,'8'!A:A,'8'!D:D,IF($U$6=0,0,"ERROR"))) -> 1 | X51: =IF(G51="","",W51*G51) -> 1624.35 | Y51: =IF(D51="","",_xlfn.XLOOKUP(A51,'9'!A:A,'9'!D:D,IF($U$6=0,0,"ERROR"))) -> 1 | Z51: =IF(G51="","",Y51*G51) -> 1624.35 | AA51: =IF(D51="","",_xlfn.XLOOKUP(A51,'10'!A:A,'10'!D:D,IF($U$6=0,0,"ERROR"))) -> 0 | AB51: =IF(G51="","",AA51*G51) -> 0 | AC51: =IF(D51="","",_xlfn.XLOOKUP(A51,'11'!A:A,'11'!D:D,IF($U$6=0,0,"ERROR"))) -> 2 | AD51: =IF(G51="","",AC51*G51) -> 3248.7 | AE51: =IF(D51="","",_xlfn.XLOOKUP(A51,'12'!A:A,'12'!D:D,IF($U$6=0,0,"ERROR"))) -> 0 | AF51: =IF(G51="","",AE51*G51) -> 0 | AG51: =IF(D51="","",_xlfn.XLOOKUP(A51,'13'!A:A,'13'!D:D,IF($U$6=0,0,"ERROR"))) -> 1 | AH51: =IF(G51="","",AG51*G51) -> 1624.35 | AI51: =IF(D51="","",_xlfn.XLOOKUP(A51,'14'!A:A,'14'!D:D,IF($U$6=0,0,"ERROR"))) -> 1 | AJ51: =IF(G51="","",AI51*G51) -> 1624.35 | AM51: =IF(D51="","",Q51+O51+M51+K51+I51+S51+U51+W51+Y51+AA51+AC51+AE51+AG51+AI51) -> 10 | AN51: =IF(D51="","",R51+P51+N51+L51+J51+T51+V51+X51+Z51+AB51+AD51+AH51+AF51+AJ51) -> 16243.5 | AO51: =IF(AN51="","",IF(AM51*G51=AN51,"הכל טוב","לא טוב")) -> הכל טוב
A52: 12.065.9000 | B52: פירוק תריסי אלומיניום ומשקופיהם בשטח של עד 2 מ"ר | C52: יח' | D52: 130 | E52: =IF(D52="","",D52*0.15) -> 19.5 | F52: =IF(D52="","",D52*0.05) -> 6.5 | G52: =IF(D52="","",D52*1.05*0.85) -> 116.025 | J52: =IF(D52="","",I52*G52) -> 0 | L52: =IF(G52="","",K52*G52) -> 0 | M52: =IF(D52="","",_xlfn.XLOOKUP(A52,'3'!A:A,'3'!D:D,IF($M$6=0,0,"ERROR"))) -> 0 | N52: =IF(G52="","",M52*G52) -> 0 | O52: =IF(D52="","",_xlfn.XLOOKUP(A52,'4'!A:A,'4'!D:D,IF($O$6=0,0,"ERROR"))) -> 0 | P52: =IF(G52="","",O52*G52) -> 0 | Q52: =IF(D52="","",_xlfn.XLOOKUP(A52,'5'!A:A,'5'!D:D,IF($Q$6=0,0,"ERROR"))) -> 0 | R52: =IF(G52="","",Q52*G52) -> 0 | S52: =IF(D52="","",_xlfn.XLOOKUP(A52,'6'!A:A,'6'!D:D,IF($Q$6=0,0,"ERROR"))) -> 0 | T52: =IF(G52="","",S52*G52) -> 0 | U52: =IF(D52="","",_xlfn.XLOOKUP(A52,'7'!A:A,'7'!D:D,IF($U$6=0,0,"ERROR"))) -> 2 | V52: =IF(G52="","",U52*G52) -> 232.05 | W52: =IF(D52="","",_xlfn.XLOOKUP(A52,'8'!A:A,'8'!D:D,IF($U$6=0,0,"ERROR"))) -> 0 | X52: =IF(G52="","",W52*G52) -> 0 | Y52: =IF(D52="","",_xlfn.XLOOKUP(A52,'9'!A:A,'9'!D:D,IF($U$6=0,0,"ERROR"))) -> 1 | Z52: =IF(G52="","",Y52*G52) -> 116.025 | AA52: =IF(D52="","",_xlfn.XLOOKUP(A52,'10'!A:A,'10'!D:D,IF($U$6=0,0,"ERROR"))) -> 0 | AB52: =IF(G52="","",AA52*G52) -> 0 | AC52: =IF(D52="","",_xlfn.XLOOKUP(A52,'11'!A:A,'11'!D:D,IF($U$6=0,0,"ERROR"))) -> 0 | AD52: =IF(G52="","",AC52*G52) -> 0 | AE52: =IF(D52="","",_xlfn.XLOOKUP(A52,'12'!A:A,'12'!D:D,IF($U$6=0,0,"ERROR"))) -> 2 | AF52: =IF(G52="","",AE52*G52) -> 232.05 | AG52: =IF(D52="","",_xlfn.XLOOKUP(A52,'13'!A:A,'13'!D:D,IF($U$6=0,0,"ERROR"))) -> 3 | AH52: =IF(G52="","",AG52*G52) -> 348.075 | AI52: =IF(D52="","",_xlfn.XLOOKUP(A52,'14'!A:A,'14'!D:D,IF($U$6=0,0,"ERROR"))) -> 0 | AJ52: =IF(G52="","",AI52*G52) -> 0 | AM52: =IF(D52="","",Q52+O52+M52+K52+I52+S52+U52+W52+Y52+AA52+AC52+AE52+AG52+AI52) -> 8 | AN52: =IF(D52="","",R52+P52+N52+L52+J52+T52+V52+X52+Z52+AB52+AD52+AH52+AF52+AJ52) -> 928.2 | AO52: =IF(AN52="","",IF(AM52*G52=AN52,"הכל טוב","לא טוב")) -> הכל טוב
A53: 12.065.9020 | B53: פירוק תריסי אלומיניום ומשקופיהם בשטח של מעל 2 מ"ר | C53: מ"ר | D53: 60 | E53: =IF(D53="","",D53*0.15) -> 9 | F53: =IF(D53="","",D53*0.05) -> 3 | G53: =IF(D53="","",D53*1.05*0.85) -> 53.55 | M53: =IF(D53="","",_xlfn.XLOOKUP(A53,'3'!A:A,'3'!D:D,IF($M$6=0,0,"ERROR"))) -> 20.7958 | N53: =IF(G53="","",M53*G53) -> 1113.6151 | O53: =IF(D53="","",_xlfn.XLOOKUP(A53,'4'!A:A,'4'!D:D,IF($O$6=0,0,"ERROR"))) -> 0 | P53: =IF(G53="","",O53*G53) -> 0 | Q53: =IF(D53="","",_xlfn.XLOOKUP(A53,'5'!A:A,'5'!D:D,IF($Q$6=0,0,"ERROR"))) -> 38.555 | R53: =IF(G53="","",Q53*G53) -> 2064.6202 | S53: =IF(D53="","",_xlfn.XLOOKUP(A53,'6'!A:A,'6'!D:D,IF($Q$6=0,0,"ERROR"))) -> 19.04 | T53: =IF(G53="","",S53*G53) -> 1019.592 | U53: =IF(D53="","",_xlfn.XLOOKUP(A53,'7'!A:A,'7'!D:D,IF($U$6=0,0,"ERROR"))) -> 16.364 | V53: =IF(G53="","",U53*G53) -> 876.2922 | W53: =IF(D53="","",_xlfn.XLOOKUP(A53,'8'!A:A,'8'!D:D,IF($U$6=0,0,"ERROR"))) -> 19.95 | X53: =IF(G53="","",W53*G53) -> 1068.3225 | Y53: =IF(D53="","",_xlfn.XLOOKUP(A53,'9'!A:A,'9'!D:D,IF($U$6=0,0,"ERROR"))) -> 15.306 | Z53: =IF(G53="","",Y53*G53) -> 819.6363 | AA53: =IF(D53="","",_xlfn.XLOOKUP(A53,'10'!A:A,'10'!D:D,IF($U$6=0,0,"ERROR"))) -> 9.1668 | AB53: =IF(G53="","",AA53*G53) -> 490.88214 | AC53: =IF(D53="","",_xlfn.XLOOKUP(A53,'11'!A:A,'11'!D:D,IF($U$6=0,0,"ERROR"))) -> 18.98 | AD53: =IF(G53="","",AC53*G53) -> 1016.379 | AE53: =IF(D53="","",_xlfn.XLOOKUP(A53,'12'!A:A,'12'!D:D,IF($U$6=0,0,"ERROR"))) -> 4 | AF53: =IF(G53="","",AE53*G53) -> 214.2 | AG53: =IF(D53="","",_xlfn.XLOOKUP(A53,'13'!A:A,'13'!D:D,IF($U$6=0,0,"ERROR"))) -> 10.23 | AH53: =IF(G53="","",AG53*G53) -> 547.8165 | AI53: =IF(D53="","",_xlfn.XLOOKUP(A53,'14'!A:A,'14'!D:D,IF($U$6=0,0,"ERROR"))) -> 0 | AJ53: =IF(G53="","",AI53*G53) -> 0 | AM53: =IF(D53="","",Q53+O53+M53+K53+I53+S53+U53+W53+Y53+AA53+AC53+AE53+AG53+AI53) -> 172.3876 | AN53: =IF(D53="","",R53+P53+N53+L53+J53+T53+V53+X53+Z53+AB53+AD53+AH53+AF53+AJ53) -> 9231.356 | AO53: =IF(AN53="","",IF(AM53*G53=AN53,"הכל טוב","לא טוב")) -> הכל טוב
A54: 12.065.9100 | B54: פירוק ארגז תריס קיים במידות 35/100 ס"מ | C54: יח' | D54: 109 | E54: =IF(D54="","",D54*0.15) -> 16.35 | F54: =IF(D54="","",D54*0.05) -> 5.45 | G54: =IF(D54="","",D54*1.05*0.85) -> 97.2825 | J54: =IF(D54="","",I54*G54) -> 0 | L54: =IF(G54="","",K54*G54) -> 0 | M54: =IF(D54="","",_xlfn.XLOOKUP(A54,'3'!A:A,'3'!D:D,IF($M$6=0,0,"ERROR"))) -> 0 | N54: =IF(G54="","",M54*G54) -> 0 | O54: =IF(D54="","",_xlfn.XLOOKUP(A54,'4'!A:A,'4'!D:D,IF($O$6=0,0,"ERROR"))) -> 0 | P54: =IF(G54="","",O54*G54) -> 0 | Q54: =IF(D54="","",_xlfn.XLOOKUP(A54,'5'!A:A,'5'!D:D,IF($Q$6=0,0,"ERROR"))) -> 0 | R54: =IF(G54="","",Q54*G54) -> 0 | S54: =IF(D54="","",_xlfn.XLOOKUP(A54,'6'!A:A,'6'!D:D,IF($Q$6=0,0,"ERROR"))) -> 0 | T54: =IF(G54="","",S54*G54) -> 0 | U54: =IF(D54="","",_xlfn.XLOOKUP(A54,'7'!A:A,'7'!D:D,IF($U$6=0,0,"ERROR"))) -> 1 | V54: =IF(G54="","",U54*G54) -> 97.2825 | W54: =IF(D54="","",_xlfn.XLOOKUP(A54,'8'!A:A,'8'!D:D,IF($U$6=0,0,"ERROR"))) -> 1 | X54: =IF(G54="","",W54*G54) -> 97.2825 | Y54: =IF(D54="","",_xlfn.XLOOKUP(A54,'9'!A:A,'9'!D:D,IF($U$6=0,0,"ERROR"))) -> 0 | Z54: =IF(G54="","",Y54*G54) -> 0 | AA54: =IF(D54="","",_xlfn.XLOOKUP(A54,'10'!A:A,'10'!D:D,IF($U$6=0,0,"ERROR"))) -> 1 | AB54: =IF(G54="","",AA54*G54) -> 97.2825 | AC54: =IF(D54="","",_xlfn.XLOOKUP(A54,'11'!A:A,'11'!D:D,IF($U$6=0,0,"ERROR"))) -> 0 | AD54: =IF(G54="","",AC54*G54) -> 0 | AE54: =IF(D54="","",_xlfn.XLOOKUP(A54,'12'!A:A,'12'!D:D,IF($U$6=0,0,"ERROR"))) -> 0 | AF54: =IF(G54="","",AE54*G54) -> 0 | AG54: =IF(D54="","",_xlfn.XLOOKUP(A54,'13'!A:A,'13'!D:D,IF($U$6=0,0,"ERROR"))) -> 0 | AH54: =IF(G54="","",AG54*G54) -> 0 | AI54: =IF(D54="","",_xlfn.XLOOKUP(A54,'14'!A:A,'14'!D:D,IF($U$6=0,0,"ERROR"))) -> 0 | AJ54: =IF(G54="","",AI54*G54) -> 0 | AM54: =IF(D54="","",Q54+O54+M54+K54+I54+S54+U54+W54+Y54+AA54+AC54+AE54+AG54+AI54) -> 3 | AN54: =IF(D54="","",R54+P54+N54+L54+J54+T54+V54+X54+Z54+AB54+AD54+AH54+AF54+AJ54) -> 291.8475 | AO54: =IF(AN54="","",IF(AM54*G54=AN54,"הכל טוב","לא טוב")) -> הכל טוב
A55: 12.065.9110 | B55: פירוק ארגז תריס קיים במידות 35/150 ס"מ | C55: יח' | D55: 121 | E55: =IF(D55="","",D55*0.15) -> 18.15 | F55: =IF(D55="","",D55*0.05) -> 6.05 | G55: =IF(D55="","",D55*1.05*0.85) -> 107.9925 | J55: =IF(D55="","",I55*G55) -> 0 | L55: =IF(G55="","",K55*G55) -> 0 | M55: =IF(D55="","",_xlfn.XLOOKUP(A55,'3'!A:A,'3'!D:D,IF($M$6=0,0,"ERROR"))) -> 0 | N55: =IF(G55="","",M55*G55) -> 0 | O55: =IF(D55="","",_xlfn.XLOOKUP(A55,'4'!A:A,'4'!D:D,IF($O$6=0,0,"ERROR"))) -> 0 | P55: =IF(G55="","",O55*G55) -> 0 | Q55: =IF(D55="","",_xlfn.XLOOKUP(A55,'5'!A:A,'5'!D:D,IF($Q$6=0,0,"ERROR"))) -> 6 | R55: =IF(G55="","",Q55*G55) -> 647.955 | S55: =IF(D55="","",_xlfn.XLOOKUP(A55,'6'!A:A,'6'!D:D,IF($Q$6=0,0,"ERROR"))) -> 3 | T55: =IF(G55="","",S55*G55) -> 323.9775 | U55: =IF(D55="","",_xlfn.XLOOKUP(A55,'7'!A:A,'7'!D:D,IF($U$6=0,0,"ERROR"))) -> 5 | V55: =IF(G55="","",U55*G55) -> 539.9625 | W55: =IF(D55="","",_xlfn.XLOOKUP(A55,'8'!A:A,'8'!D:D,IF($U$6=0,0,"ERROR"))) -> 5 | X55: =IF(G55="","",W55*G55) -> 539.9625 | Y55: =IF(D55="","",_xlfn.XLOOKUP(A55,'9'!A:A,'9'!D:D,IF($U$6=0,0,"ERROR"))) -> 4 | Z55: =IF(G55="","",Y55*G55) -> 431.97 | AA55: =IF(D55="","",_xlfn.XLOOKUP(A55,'10'!A:A,'10'!D:D,IF($U$6=0,0,"ERROR"))) -> 4 | AB55: =IF(G55="","",AA55*G55) -> 431.97 | AC55: =IF(D55="","",_xlfn.XLOOKUP(A55,'11'!A:A,'11'!D:D,IF($U$6=0,0,"ERROR"))) -> 2 | AD55: =IF(G55="","",AC55*G55) -> 215.985 | AE55: =IF(D55="","",_xlfn.XLOOKUP(A55,'12'!A:A,'12'!D:D,IF($U$6=0,0,"ERROR"))) -> 2 | AF55: =IF(G55="","",AE55*G55) -> 215.985 | AG55: =IF(D55="","",_xlfn.XLOOKUP(A55,'13'!A:A,'13'!D:D,IF($U$6=0,0,"ERROR"))) -> 3 | AH55: =IF(G55="","",AG55*G55) -> 323.9775 | AI55: =IF(D55="","",_xlfn.XLOOKUP(A55,'14'!A:A,'14'!D:D,IF($U$6=0,0,"ERROR"))) -> 0 | AJ55: =IF(G55="","",AI55*G55) -> 0 | AM55: =IF(D55="","",Q55+O55+M55+K55+I55+S55+U55+W55+Y55+AA55+AC55+AE55+AG55+AI55) -> 34 | AN55: =IF(D55="","",R55+P55+N55+L55+J55+T55+V55+X55+Z55+AB55+AD55+AH55+AF55+AJ55) -> 3671.745 | AO55: =IF(AN55="","",IF(AM55*G55=AN55,"הכל טוב","לא טוב")) -> הכל טוב
A56: 12.065.0001 | B56: פירוק ארגז תריס קיים 35/200 | C56: יח' | D56: 133 | E56: =IF(D56="","",D56*0.15) -> 19.95 | F56: =IF(D56="","",D56*0.05) -> 6.65 | G56: =IF(D56="","",D56*1.05*0.85) -> 118.7025 | J56: =IF(D56="","",I56*G56) -> 0 | L56: =IF(G56="","",K56*G56) -> 0 | M56: =IF(D56="","",_xlfn.XLOOKUP(A56,'3'!A:A,'3'!D:D,IF($M$6=0,0,"ERROR"))) -> 5 | N56: =IF(G56="","",M56*G56) -> 593.5125 | O56: =IF(D56="","",_xlfn.XLOOKUP(A56,'4'!A:A,'4'!D:D,IF($O$6=0,0,"ERROR"))) -> 0 | P56: =IF(G56="","",O56*G56) -> 0 | Q56: =IF(D56="","",_xlfn.XLOOKUP(A56,'5'!A:A,'5'!D:D,IF($Q$6=0,0,"ERROR"))) -> 0 | R56: =IF(G56="","",Q56*G56) -> 0 | S56: =IF(D56="","",_xlfn.XLOOKUP(A56,'6'!A:A,'6'!D:D,IF($Q$6=0,0,"ERROR"))) -> 0 | T56: =IF(G56="","",S56*G56) -> 0 | U56: =IF(D56="","",_xlfn.XLOOKUP(A56,'7'!A:A,'7'!D:D,IF($U$6=0,0,"ERROR"))) -> 0 | V56: =IF(G56="","",U56*G56) -> 0 | W56: =IF(D56="","",_xlfn.XLOOKUP(A56,'8'!A:A,'8'!D:D,IF($U$6=0,0,"ERROR"))) -> 0 | X56: =IF(G56="","",W56*G56) -> 0 | Y56: =IF(D56="","",_xlfn.XLOOKUP(A56,'9'!A:A,'9'!D:D,IF($U$6=0,0,"ERROR"))) -> 1 | Z56: =IF(G56="","",Y56*G56) -> 118.7025 | AA56: =IF(D56="","",_xlfn.XLOOKUP(A56,'10'!A:A,'10'!D:D,IF($U$6=0,0,"ERROR"))) -> 0 | AB56: =IF(G56="","",AA56*G56) -> 0 | AC56: =IF(D56="","",_xlfn.XLOOKUP(A56,'11'!A:A,'11'!D:D,IF($U$6=0,0,"ERROR"))) -> 0 | AD56: =IF(G56="","",AC56*G56) -> 0 | AE56: =IF(D56="","",_xlfn.XLOOKUP(A56,'12'!A:A,'12'!D:D,IF($U$6=0,0,"ERROR"))) -> 0 | AF56: =IF(G56="","",AE56*G56) -> 0 | AG56: =IF(D56="","",_xlfn.XLOOKUP(A56,'13'!A:A,'13'!D:D,IF($U$6=0,0,"ERROR"))) -> 1 | AH56: =IF(G56="","",AG56*G56) -> 118.7025 | AI56: =IF(D56="","",_xlfn.XLOOKUP(A56,'14'!A:A,'14'!D:D,IF($U$6=0,0,"ERROR"))) -> 0 | AJ56: =IF(G56="","",AI56*G56) -> 0 | AM56: =IF(D56="","",Q56+O56+M56+K56+I56+S56+U56+W56+Y56+AA56+AC56+AE56+AG56+AI56) -> 7 | AN56: =IF(D56="","",R56+P56+N56+L56+J56+T56+V56+X56+Z56+AB56+AD56+AH56+AF56+AJ56) -> 830.9175
A57: 12.065.0002 | B57: פירוק ארגז תריס קיים 35/250 | C57: יח' | D57: 145 | E57: =IF(D57="","",D57*0.15) -> 21.75 | F57: =IF(D57="","",D57*0.05) -> 7.25 | G57: =IF(D57="","",D57*1.05*0.85) -> 129.4125 | J57: =IF(D57="","",I57*G57) -> 0 | L57: =IF(G57="","",K57*G57) -> 0 | M57: =IF(D57="","",_xlfn.XLOOKUP(A57,'3'!A:A,'3'!D:D,IF($M$6=0,0,"ERROR"))) -> 0 | N57: =IF(G57="","",M57*G57) -> 0 | O57: =IF(D57="","",_xlfn.XLOOKUP(A57,'4'!A:A,'4'!D:D,IF($O$6=0,0,"ERROR"))) -> 0 | P57: =IF(G57="","",O57*G57) -> 0 | Q57: =IF(D57="","",_xlfn.XLOOKUP(A57,'5'!A:A,'5'!D:D,IF($Q$6=0,0,"ERROR"))) -> 0 | R57: =IF(G57="","",Q57*G57) -> 0 | S57: =IF(D57="","",_xlfn.XLOOKUP(A57,'6'!A:A,'6'!D:D,IF($Q$6=0,0,"ERROR"))) -> 0 | T57: =IF(G57="","",S57*G57) -> 0 | U57: =IF(D57="","",_xlfn.XLOOKUP(A57,'7'!A:A,'7'!D:D,IF($U$6=0,0,"ERROR"))) -> 0 | V57: =IF(G57="","",U57*G57) -> 0 | W57: =IF(D57="","",_xlfn.XLOOKUP(A57,'8'!A:A,'8'!D:D,IF($U$6=0,0,"ERROR"))) -> 0 | X57: =IF(G57="","",W57*G57) -> 0 | Y57: =IF(D57="","",_xlfn.XLOOKUP(A57,'9'!A:A,'9'!D:D,IF($U$6=0,0,"ERROR"))) -> 0 | Z57: =IF(G57="","",Y57*G57) -> 0 | AA57: =IF(D57="","",_xlfn.XLOOKUP(A57,'10'!A:A,'10'!D:D,IF($U$6=0,0,"ERROR"))) -> 0 | AB57: =IF(G57="","",AA57*G57) -> 0 | AC57: =IF(D57="","",_xlfn.XLOOKUP(A57,'11'!A:A,'11'!D:D,IF($U$6=0,0,"ERROR"))) -> 0 | AD57: =IF(G57="","",AC57*G57) -> 0 | AE57: =IF(D57="","",_xlfn.XLOOKUP(A57,'12'!A:A,'12'!D:D,IF($U$6=0,0,"ERROR"))) -> 0 | AF57: =IF(G57="","",AE57*G57) -> 0 | AG57: =IF(D57="","",_xlfn.XLOOKUP(A57,'13'!A:A,'13'!D:D,IF($U$6=0,0,"ERROR"))) -> 0 | AH57: =IF(G57="","",AG57*G57) -> 0 | AI57: =IF(D57="","",_xlfn.XLOOKUP(A57,'14'!A:A,'14'!D:D,IF($U$6=0,0,"ERROR"))) -> 0 | AJ57: =IF(G57="","",AI57*G57) -> 0 | AM57: =IF(D57="","",Q57+O57+M57+K57+I57+S57+U57+W57+Y57+AA57+AC57+AE57+AG57+AI57) -> 0 | AN57: =IF(D57="","",R57+P57+N57+L57+J57+T57+V57+X57+Z57+AB57+AD57+AH57+AF57+AJ57) -> 0
A58: 12.065.0003 | B58: פירוק ארגז תריס קיים 35/300 | C58: יח' | D58: 157 | E58: =IF(D58="","",D58*0.15) -> 23.55 | F58: =IF(D58="","",D58*0.05) -> 7.85 | G58: =IF(D58="","",D58*1.05*0.85) -> 140.1225 | J58: =IF(D58="","",I58*G58) -> 0 | L58: =IF(G58="","",K58*G58) -> 0 | M58: =IF(D58="","",_xlfn.XLOOKUP(A58,'3'!A:A,'3'!D:D,IF($M$6=0,0,"ERROR"))) -> 0 | N58: =IF(G58="","",M58*G58) -> 0 | O58: =IF(D58="","",_xlfn.XLOOKUP(A58,'4'!A:A,'4'!D:D,IF($O$6=0,0,"ERROR"))) -> 0 | P58: =IF(G58="","",O58*G58) -> 0 | Q58: =IF(D58="","",_xlfn.XLOOKUP(A58,'5'!A:A,'5'!D:D,IF($Q$6=0,0,"ERROR"))) -> 0 | R58: =IF(G58="","",Q58*G58) -> 0 | S58: =IF(D58="","",_xlfn.XLOOKUP(A58,'6'!A:A,'6'!D:D,IF($Q$6=0,0,"ERROR"))) -> 0 | T58: =IF(G58="","",S58*G58) -> 0 | U58: =IF(D58="","",_xlfn.XLOOKUP(A58,'7'!A:A,'7'!D:D,IF($U$6=0,0,"ERROR"))) -> 0 | V58: =IF(G58="","",U58*G58) -> 0 | W58: =IF(D58="","",_xlfn.XLOOKUP(A58,'8'!A:A,'8'!D:D,IF($U$6=0,0,"ERROR"))) -> 0 | X58: =IF(G58="","",W58*G58) -> 0 | Y58: =IF(D58="","",_xlfn.XLOOKUP(A58,'9'!A:A,'9'!D:D,IF($U$6=0,0,"ERROR"))) -> 1 | Z58: =IF(G58="","",Y58*G58) -> 140.1225 | AA58: =IF(D58="","",_xlfn.XLOOKUP(A58,'10'!A:A,'10'!D:D,IF($U$6=0,0,"ERROR"))) -> 0 | AB58: =IF(G58="","",AA58*G58) -> 0 | AC58: =IF(D58="","",_xlfn.XLOOKUP(A58,'11'!A:A,'11'!D:D,IF($U$6=0,0,"ERROR"))) -> 2 | AD58: =IF(G58="","",AC58*G58) -> 280.245 | AE58: =IF(D58="","",_xlfn.XLOOKUP(A58,'12'!A:A,'12'!D:D,IF($U$6=0,0,"ERROR"))) -> 0 | AF58: =IF(G58="","",AE58*G58) -> 0 | AG58: =IF(D58="","",_xlfn.XLOOKUP(A58,'13'!A:A,'13'!D:D,IF($U$6=0,0,"ERROR"))) -> 1 | AH58: =IF(G58="","",AG58*G58) -> 140.1225 | AI58: =IF(D58="","",_xlfn.XLOOKUP(A58,'14'!A:A,'14'!D:D,IF($U$6=0,0,"ERROR"))) -> 0 | AJ58: =IF(G58="","",AI58*G58) -> 0 | AM58: =IF(D58="","",Q58+O58+M58+K58+I58+S58+U58+W58+Y58+AA58+AC58+AE58+AG58+AI58) -> 4 | AN58: =IF(D58="","",R58+P58+N58+L58+J58+T58+V58+X58+Z58+AB58+AD58+AH58+AF58+AJ58) -> 560.49
A59: 12.065.0004 | B59: פירוק ארגז תריס קיים 35/350 | C59: יח' | D59: 169 | E59: =IF(D59="","",D59*0.15) -> 25.35 | F59: =IF(D59="","",D59*0.05) -> 8.45 | G59: =IF(D59="","",D59*1.05*0.85) -> 150.8325 | J59: =IF(D59="","",I59*G59) -> 0 | L59: =IF(G59="","",K59*G59) -> 0 | M59: =IF(D59="","",_xlfn.XLOOKUP(A59,'3'!A:A,'3'!D:D,IF($M$6=0,0,"ERROR"))) -> 0 | N59: =IF(G59="","",M59*G59) -> 0 | O59: =IF(D59="","",_xlfn.XLOOKUP(A59,'4'!A:A,'4'!D:D,IF($O$6=0,0,"ERROR"))) -> 0 | P59: =IF(G59="","",O59*G59) -> 0 | Q59: =IF(D59="","",_xlfn.XLOOKUP(A59,'5'!A:A,'5'!D:D,IF($Q$6=0,0,"ERROR"))) -> 0 | R59: =IF(G59="","",Q59*G59) -> 0 | S59: =IF(D59="","",_xlfn.XLOOKUP(A59,'6'!A:A,'6'!D:D,IF($Q$6=0,0,"ERROR"))) -> 1 | T59: =IF(G59="","",S59*G59) -> 150.8325 | U59: =IF(D59="","",_xlfn.XLOOKUP(A59,'7'!A:A,'7'!D:D,IF($U$6=0,0,"ERROR"))) -> 1 | V59: =IF(G59="","",U59*G59) -> 150.8325 | W59: =IF(D59="","",_xlfn.XLOOKUP(A59,'8'!A:A,'8'!D:D,IF($U$6=0,0,"ERROR"))) -> 1 | X59: =IF(G59="","",W59*G59) -> 150.8325 | Y59: =IF(D59="","",_xlfn.XLOOKUP(A59,'9'!A:A,'9'!D:D,IF($U$6=0,0,"ERROR"))) -> 0 | Z59: =IF(G59="","",Y59*G59) -> 0 | AA59: =IF(D59="","",_xlfn.XLOOKUP(A59,'10'!A:A,'10'!D:D,IF($U$6=0,0,"ERROR"))) -> 0 | AB59: =IF(G59="","",AA59*G59) -> 0 | AC59: =IF(D59="","",_xlfn.XLOOKUP(A59,'11'!A:A,'11'!D:D,IF($U$6=0,0,"ERROR"))) -> 0 | AD59: =IF(G59="","",AC59*G59) -> 0 | AE59: =IF(D59="","",_xlfn.XLOOKUP(A59,'12'!A:A,'12'!D:D,IF($U$6=0,0,"ERROR"))) -> 0 | AF59: =IF(G59="","",AE59*G59) -> 0 | AG59: =IF(D59="","",_xlfn.XLOOKUP(A59,'13'!A:A,'13'!D:D,IF($U$6=0,0,"ERROR"))) -> 0 | AH59: =IF(G59="","",AG59*G59) -> 0 | AI59: =IF(D59="","",_xlfn.XLOOKUP(A59,'14'!A:A,'14'!D:D,IF($U$6=0,0,"ERROR"))) -> 0 | AJ59: =IF(G59="","",AI59*G59) -> 0 | AM59: =IF(D59="","",Q59+O59+M59+K59+I59+S59+U59+W59+Y59+AA59+AC59+AE59+AG59+AI59) -> 3 | AN59: =IF(D59="","",R59+P59+N59+L59+J59+T59+V59+X59+Z59+AB59+AD59+AH59+AF59+AJ59) -> 452.4975
A60: 12.065.0005 | B60: פירוק ארגז תריס קיים 35/400 | C60: יח' | D60: 181 | E60: =IF(D60="","",D60*0.15) -> 27.15 | F60: =IF(D60="","",D60*0.05) -> 9.05 | G60: =IF(D60="","",D60*1.05*0.85) -> 161.5425 | J60: =IF(D60="","",I60*G60) -> 0 | L60: =IF(G60="","",K60*G60) -> 0 | M60: =IF(D60="","",_xlfn.XLOOKUP(A60,'3'!A:A,'3'!D:D,IF($M$6=0,0,"ERROR"))) -> 1 | N60: =IF(G60="","",M60*G60) -> 161.5425 | O60: =IF(D60="","",_xlfn.XLOOKUP(A60,'4'!A:A,'4'!D:D,IF($O$6=0,0,"ERROR"))) -> 0 | P60: =IF(G60="","",O60*G60) -> 0 | Q60: =IF(D60="","",_xlfn.XLOOKUP(A60,'5'!A:A,'5'!D:D,IF($Q$6=0,0,"ERROR"))) -> 0 | R60: =IF(G60="","",Q60*G60) -> 0 | S60: =IF(D60="","",_xlfn.XLOOKUP(A60,'6'!A:A,'6'!D:D,IF($Q$6=0,0,"ERROR"))) -> 0 | T60: =IF(G60="","",S60*G60) -> 0 | U60: =IF(D60="","",_xlfn.XLOOKUP(A60,'7'!A:A,'7'!D:D,IF($U$6=0,0,"ERROR"))) -> 1 | V60: =IF(G60="","",U60*G60) -> 161.5425 | W60: =IF(D60="","",_xlfn.XLOOKUP(A60,'8'!A:A,'8'!D:D,IF($U$6=0,0,"ERROR"))) -> 0 | X60: =IF(G60="","",W60*G60) -> 0 | Y60: =IF(D60="","",_xlfn.XLOOKUP(A60,'9'!A:A,'9'!D:D,IF($U$6=0,0,"ERROR"))) -> 0 | Z60: =IF(G60="","",Y60*G60) -> 0 | AA60: =IF(D60="","",_xlfn.XLOOKUP(A60,'10'!A:A,'10'!D:D,IF($U$6=0,0,"ERROR"))) -> 0 | AB60: =IF(G60="","",AA60*G60) -> 0 | AC60: =IF(D60="","",_xlfn.XLOOKUP(A60,'11'!A:A,'11'!D:D,IF($U$6=0,0,"ERROR"))) -> 0 | AD60: =IF(G60="","",AC60*G60) -> 0 | AE60: =IF(D60="","",_xlfn.XLOOKUP(A60,'12'!A:A,'12'!D:D,IF($U$6=0,0,"ERROR"))) -> 0 | AF60: =IF(G60="","",AE60*G60) -> 0 | AG60: =IF(D60="","",_xlfn.XLOOKUP(A60,'13'!A:A,'13'!D:D,IF($U$6=0,0,"ERROR"))) -> 0 | AH60: =IF(G60="","",AG60*G60) -> 0 | AI60: =IF(D60="","",_xlfn.XLOOKUP(A60,'14'!A:A,'14'!D:D,IF($U$6=0,0,"ERROR"))) -> 0 | AJ60: =IF(G60="","",AI60*G60) -> 0 | AM60: =IF(D60="","",Q60+O60+M60+K60+I60+S60+U60+W60+Y60+AA60+AC60+AE60+AG60+AI60) -> 2 | AN60: =IF(D60="","",R60+P60+N60+L60+J60+T60+V60+X60+Z60+AB60+AD60+AH60+AF60+AJ60) -> 323.085
A61: 12.065.0006 | B61: פירוק ארגז תריס קיים 35/450 | C61: יח' | D61: 193 | E61: =IF(D61="","",D61*0.15) -> 28.95 | F61: =IF(D61="","",D61*0.05) -> 9.65 | G61: =IF(D61="","",D61*1.05*0.85) -> 172.2525 | J61: =IF(D61="","",I61*G61) -> 0 | L61: =IF(G61="","",K61*G61) -> 0 | M61: =IF(D61="","",_xlfn.XLOOKUP(A61,'3'!A:A,'3'!D:D,IF($M$6=0,0,"ERROR"))) -> 0 | N61: =IF(G61="","",M61*G61) -> 0 | O61: =IF(D61="","",_xlfn.XLOOKUP(A61,'4'!A:A,'4'!D:D,IF($O$6=0,0,"ERROR"))) -> 0 | P61: =IF(G61="","",O61*G61) -> 0 | Q61: =IF(D61="","",_xlfn.XLOOKUP(A61,'5'!A:A,'5'!D:D,IF($Q$6=0,0,"ERROR"))) -> 2 | R61: =IF(G61="","",Q61*G61) -> 344.505 | S61: =IF(D61="","",_xlfn.XLOOKUP(A61,'6'!A:A,'6'!D:D,IF($Q$6=0,0,"ERROR"))) -> 0 | T61: =IF(G61="","",S61*G61) -> 0 | U61: =IF(D61="","",_xlfn.XLOOKUP(A61,'7'!A:A,'7'!D:D,IF($U$6=0,0,"ERROR"))) -> 0 | V61: =IF(G61="","",U61*G61) -> 0 | W61: =IF(D61="","",_xlfn.XLOOKUP(A61,'8'!A:A,'8'!D:D,IF($U$6=0,0,"ERROR"))) -> 0 | X61: =IF(G61="","",W61*G61) -> 0 | Y61: =IF(D61="","",_xlfn.XLOOKUP(A61,'9'!A:A,'9'!D:D,IF($U$6=0,0,"ERROR"))) -> 0 | Z61: =IF(G61="","",Y61*G61) -> 0 | AA61: =IF(D61="","",_xlfn.XLOOKUP(A61,'10'!A:A,'10'!D:D,IF($U$6=0,0,"ERROR"))) -> 0 | AB61: =IF(G61="","",AA61*G61) -> 0 | AC61: =IF(D61="","",_xlfn.XLOOKUP(A61,'11'!A:A,'11'!D:D,IF($U$6=0,0,"ERROR"))) -> 0 | AD61: =IF(G61="","",AC61*G61) -> 0 | AE61: =IF(D61="","",_xlfn.XLOOKUP(A61,'12'!A:A,'12'!D:D,IF($U$6=0,0,"ERROR"))) -> 0 | AF61: =IF(G61="","",AE61*G61) -> 0 | AG61: =IF(D61="","",_xlfn.XLOOKUP(A61,'13'!A:A,'13'!D:D,IF($U$6=0,0,"ERROR"))) -> 0 | AH61: =IF(G61="","",AG61*G61) -> 0 | AI61: =IF(D61="","",_xlfn.XLOOKUP(A61,'14'!A:A,'14'!D:D,IF($U$6=0,0,"ERROR"))) -> 0 | AJ61: =IF(G61="","",AI61*G61) -> 0 | AM61: =IF(D61="","",Q61+O61+M61+K61+I61+S61+U61+W61+Y61+AA61+AC61+AE61+AG61+AI61) -> 2 | AN61: =IF(D61="","",R61+P61+N61+L61+J61+T61+V61+X61+Z61+AB61+AD61+AH61+AF61+AJ61) -> 344.505
A62: 12.067 | B62: רשתות גלילה ורשתות יתושים | E62: =IF(D62="","",D62*0.15) | F62: =IF(D62="","",D62*0.05) | G62: =IF(D62="","",D62*1.05*0.85) | J62: =IF(D62="","",I62*G62) | L62: =IF(G62="","",K62*G62) | M62: =IF(D62="","",_xlfn.XLOOKUP(A62,'3'!A:A,'3'!D:D,IF($M$6=0,0,"ERROR"))) | N62: =IF(G62="","",M62*G62) | O62: =IF(D62="","",_xlfn.XLOOKUP(A62,'4'!A:A,'4'!D:D,IF($O$6=0,0,"ERROR"))) | P62: =IF(G62="","",O62*G62) | Q62: =IF(D62="","",_xlfn.XLOOKUP(A62,'5'!A:A,'5'!D:D,IF($Q$6=0,0,"ERROR"))) | R62: =IF(G62="","",Q62*G62) | S62: =IF(D62="","",_xlfn.XLOOKUP(A62,'6'!A:A,'6'!D:D,IF($Q$6=0,0,"ERROR"))) | T62: =IF(G62="","",S62*G62) | U62: =IF(D62="","",_xlfn.XLOOKUP(A62,'7'!A:A,'7'!D:D,IF($U$6=0,0,"ERROR"))) | V62: =IF(G62="","",U62*G62) | W62: =IF(D62="","",_xlfn.XLOOKUP(A62,'8'!A:A,'8'!D:D,IF($U$6=0,0,"ERROR"))) | X62: =IF(G62="","",W62*G62) | Y62: =IF(D62="","",_xlfn.XLOOKUP(A62,'9'!A:A,'9'!D:D,IF($U$6=0,0,"ERROR"))) | Z62: =IF(G62="","",Y62*G62) | AA62: =IF(D62="","",_xlfn.XLOOKUP(A62,'10'!A:A,'10'!D:D,IF($U$6=0,0,"ERROR"))) | AB62: =IF(G62="","",AA62*G62) | AC62: =IF(D62="","",_xlfn.XLOOKUP(A62,'11'!A:A,'11'!D:D,IF($U$6=0,0,"ERROR"))) | AD62: =IF(G62="","",AC62*G62) | AE62: =IF(D62="","",_xlfn.XLOOKUP(A62,'12'!A:A,'12'!D:D,IF($U$6=0,0,"ERROR"))) | AF62: =IF(G62="","",AE62*G62) | AG62: =IF(D62="","",_xlfn.XLOOKUP(A62,'13'!A:A,'13'!D:D,IF($U$6=0,0,"ERROR"))) | AH62: =IF(G62="","",AG62*G62) | AI62: =IF(D62="","",_xlfn.XLOOKUP(A62,'14'!A:A,'14'!D:D,IF($U$6=0,0,"ERROR"))) | AJ62: =IF(G62="","",AI62*G62) | AM62: =IF(D62="","",Q62+O62+M62+K62+I62+S62+U62+W62+Y62+AA62+AC62+AE62+AG62+AI62) | AN62: =IF(D62="","",R62+P62+N62+L62+J62+T62+V62+X62+Z62+AB62+AD62+AH62+AF62+AJ62) | AO62: =IF(AN62="","",IF(AM62*G62=AN62,"הכל טוב","לא טוב"))
A63: 12.067.9000 | B63: פירוק רשתות יתושים, לרבות מסגרת | C63: מ"ר | D63: 53 | E63: =IF(D63="","",D63*0.15) -> 7.95 | F63: =IF(D63="","",D63*0.05) -> 2.65 | G63: =IF(D63="","",D63*1.05*0.85) -> 47.3025 | J63: =IF(D63="","",I63*G63) -> 0 | L63: =IF(G63="","",K63*G63) -> 0 | M63: =IF(D63="","",_xlfn.XLOOKUP(A63,'3'!A:A,'3'!D:D,IF($M$6=0,0,"ERROR"))) -> 13.81 | N63: =IF(G63="","",M63*G63) -> 653.24752 | O63: =IF(D63="","",_xlfn.XLOOKUP(A63,'4'!A:A,'4'!D:D,IF($O$6=0,0,"ERROR"))) -> 0 | P63: =IF(G63="","",O63*G63) -> 0 | Q63: =IF(D63="","",_xlfn.XLOOKUP(A63,'5'!A:A,'5'!D:D,IF($Q$6=0,0,"ERROR"))) -> 20.905833 | R63: =IF(G63="","",Q63*G63) -> 988.89818 | S63: =IF(D63="","",_xlfn.XLOOKUP(A63,'6'!A:A,'6'!D:D,IF($Q$6=0,0,"ERROR"))) -> 0 | T63: =IF(G63="","",S63*G63) -> 0 | U63: =IF(D63="","",_xlfn.XLOOKUP(A63,'7'!A:A,'7'!D:D,IF($U$6=0,0,"ERROR"))) -> 5.59 | V63: =IF(G63="","",U63*G63) -> 264.42097 | W63: =IF(D63="","",_xlfn.XLOOKUP(A63,'8'!A:A,'8'!D:D,IF($U$6=0,0,"ERROR"))) -> 0 | X63: =IF(G63="","",W63*G63) -> 0 | Y63: =IF(D63="","",_xlfn.XLOOKUP(A63,'9'!A:A,'9'!D:D,IF($U$6=0,0,"ERROR"))) -> 11.35 | Z63: =IF(G63="","",Y63*G63) -> 536.88338 | AA63: =IF(D63="","",_xlfn.XLOOKUP(A63,'10'!A:A,'10'!D:D,IF($U$6=0,0,"ERROR"))) -> 0 | AB63: =IF(G63="","",AA63*G63) -> 0 | AC63: =IF(D63="","",_xlfn.XLOOKUP(A63,'11'!A:A,'11'!D:D,IF($U$6=0,0,"ERROR"))) -> 7.06 | AD63: =IF(G63="","",AC63*G63) -> 333.95565 | AE63: =IF(D63="","",_xlfn.XLOOKUP(A63,'12'!A:A,'12'!D:D,IF($U$6=0,0,"ERROR"))) -> 1.968 | AF63: =IF(G63="","",AE63*G63) -> 93.09132 | AG63: =IF(D63="","",_xlfn.XLOOKUP(A63,'13'!A:A,'13'!D:D,IF($U$6=0,0,"ERROR"))) -> 0 | AH63: =IF(G63="","",AG63*G63) -> 0 | AI63: =IF(D63="","",_xlfn.XLOOKUP(A63,'14'!A:A,'14'!D:D,IF($U$6=0,0,"ERROR"))) -> 9.3 | AJ63: =IF(G63="","",AI63*G63) -> 439.91325 | AM63: =IF(D63="","",Q63+O63+M63+K63+I63+S63+U63+W63+Y63+AA63+AC63+AE63+AG63+AI63) -> 69.983833 | AN63: =IF(D63="","",R63+P63+N63+L63+J63+T63+V63+X63+Z63+AB63+AD63+AH63+AF63+AJ63) -> 3310.4103 | AO63: =IF(AN63="","",IF(AM63*G63=AN63,"הכל טוב","לא טוב")) -> הכל טוב
A64: 12.067.0200 | B64: רשת יתושים קטנה מפיברגלס, עבור חלון הזזה (הרשת על חצי הפתח) לרבות מסגרת מפרופיל אלומיניום מאולגן במידות 40/15 מ"מ, לרבות מסילה בתוך משקוף החלון, בשטח מעל 0.6 מ"ר ועד 1.0 מ"ר. המדידה לפי שטח הרשת | C64: מ"ר | D64: 880 | E64: =IF(D64="","",D64*0.15) -> 132 | F64: =IF(D64="","",D64*0.05) -> 44 | G64: =IF(D64="","",D64*1.05*0.85) -> 785.4 | J64: =IF(D64="","",I64*G64) -> 0 | L64: =IF(G64="","",K64*G64) -> 0 | M64: =IF(D64="","",_xlfn.XLOOKUP(A64,'3'!A:A,'3'!D:D,IF($M$6=0,0,"ERROR"))) -> 0 | N64: =IF(G64="","",M64*G64) -> 0 | O64: =IF(D64="","",_xlfn.XLOOKUP(A64,'4'!A:A,'4'!D:D,IF($O$6=0,0,"ERROR"))) -> 0 | P64: =IF(G64="","",O64*G64) -> 0 | Q64: =IF(D64="","",_xlfn.XLOOKUP(A64,'5'!A:A,'5'!D:D,IF($Q$6=0,0,"ERROR"))) -> 0 | R64: =IF(G64="","",Q64*G64) -> 0 | S64: =IF(D64="","",_xlfn.XLOOKUP(A64,'6'!A:A,'6'!D:D,IF($Q$6=0,0,"ERROR"))) -> 0 | T64: =IF(G64="","",S64*G64) -> 0 | U64: =IF(D64="","",_xlfn.XLOOKUP(A64,'7'!A:A,'7'!D:D,IF($U$6=0,0,"ERROR"))) -> 0 | V64: =IF(G64="","",U64*G64) -> 0 | W64: =IF(D64="","",_xlfn.XLOOKUP(A64,'8'!A:A,'8'!D:D,IF($U$6=0,0,"ERROR"))) -> 0 | X64: =IF(G64="","",W64*G64) -> 0 | Y64: =IF(D64="","",_xlfn.XLOOKUP(A64,'9'!A:A,'9'!D:D,IF($U$6=0,0,"ERROR"))) -> 0 | Z64: =IF(G64="","",Y64*G64) -> 0 | AA64: =IF(D64="","",_xlfn.XLOOKUP(A64,'10'!A:A,'10'!D:D,IF($U$6=0,0,"ERROR"))) -> 0 | AB64: =IF(G64="","",AA64*G64) -> 0 | AC64: =IF(D64="","",_xlfn.XLOOKUP(A64,'11'!A:A,'11'!D:D,IF($U$6=0,0,"ERROR"))) -> 0 | AD64: =IF(G64="","",AC64*G64) -> 0 | AE64: =IF(D64="","",_xlfn.XLOOKUP(A64,'12'!A:A,'12'!D:D,IF($U$6=0,0,"ERROR"))) -> 1.968 | AF64: =IF(G64="","",AE64*G64) -> 1545.6672 | AG64: =IF(D64="","",_xlfn.XLOOKUP(A64,'13'!A:A,'13'!D:D,IF($U$6=0,0,"ERROR"))) -> 0 | AH64: =IF(G64="","",AG64*G64) -> 0 | AI64: =IF(D64="","",_xlfn.XLOOKUP(A64,'14'!A:A,'14'!D:D,IF($U$6=0,0,"ERROR"))) -> 0 | AJ64: =IF(G64="","",AI64*G64) -> 0 | AM64: =IF(D64="","",Q64+O64+M64+K64+I64+S64+U64+W64+Y64+AA64+AC64+AE64+AG64+AI64) -> 1.968 | AN64: =IF(D64="","",R64+P64+N64+L64+J64+T64+V64+X64+Z64+AB64+AD64+AH64+AF64+AJ64) -> 1545.6672 | AO64: =IF(AN64="","",IF(AM64*G64=AN64,"הכל טוב","לא טוב")) -> הכל טוב
A65: 12.067.0210 | B65: רשת יתושים קטנה מפיברגלס, עבור חלון הזזה (הרשת על חצי הפתח) לרבות מסגרת מפרופיל אלומיניום מאולגן במידות 40/15 מ"מ, לרבות מסילה בתוך משקוף החלון, בשטח מעל 1.0 מ"ר ועד 2.0 מ"ר. המדידה לפי שטח הרשת | C65: מ"ר | D65: 650 | E65: =IF(D65="","",D65*0.15) -> 97.5 | F65: =IF(D65="","",D65*0.05) -> 32.5 | G65: =IF(D65="","",D65*1.05*0.85) -> 580.125 | J65: =IF(D65="","",I65*G65) -> 0 | L65: =IF(G65="","",K65*G65) -> 0 | M65: =IF(D65="","",_xlfn.XLOOKUP(A65,'3'!A:A,'3'!D:D,IF($M$6=0,0,"ERROR"))) -> 13.81 | N65: =IF(G65="","",M65*G65) -> 8011.5262 | O65: =IF(D65="","",_xlfn.XLOOKUP(A65,'4'!A:A,'4'!D:D,IF($O$6=0,0,"ERROR"))) -> 0 | P65: =IF(G65="","",O65*G65) -> 0 | Q65: =IF(D65="","",_xlfn.XLOOKUP(A65,'5'!A:A,'5'!D:D,IF($Q$6=0,0,"ERROR"))) -> 20.905833 | R65: =IF(G65="","",Q65*G65) -> 12127.997 | S65: =IF(D65="","",_xlfn.XLOOKUP(A65,'6'!A:A,'6'!D:D,IF($Q$6=0,0,"ERROR"))) -> 0 | T65: =IF(G65="","",S65*G65) -> 0 | U65: =IF(D65="","",_xlfn.XLOOKUP(A65,'7'!A:A,'7'!D:D,IF($U$6=0,0,"ERROR"))) -> 5.59 | V65: =IF(G65="","",U65*G65) -> 3242.8987 | W65: =IF(D65="","",_xlfn.XLOOKUP(A65,'8'!A:A,'8'!D:D,IF($U$6=0,0,"ERROR"))) -> 0 | X65: =IF(G65="","",W65*G65) -> 0 | Y65: =IF(D65="","",_xlfn.XLOOKUP(A65,'9'!A:A,'9'!D:D,IF($U$6=0,0,"ERROR"))) -> 11.35 | Z65: =IF(G65="","",Y65*G65) -> 6584.4187 | AA65: =IF(D65="","",_xlfn.XLOOKUP(A65,'10'!A:A,'10'!D:D,IF($U$6=0,0,"ERROR"))) -> 0 | AB65: =IF(G65="","",AA65*G65) -> 0 | AC65: =IF(D65="","",_xlfn.XLOOKUP(A65,'11'!A:A,'11'!D:D,IF($U$6=0,0,"ERROR"))) -> 7.06 | AD65: =IF(G65="","",AC65*G65) -> 4095.6825 | AE65: =IF(D65="","",_xlfn.XLOOKUP(A65,'12'!A:A,'12'!D:D,IF($U$6=0,0,"ERROR"))) -> 0 | AF65: =IF(G65="","",AE65*G65) -> 0 | AG65: =IF(D65="","",_xlfn.XLOOKUP(A65,'13'!A:A,'13'!D:D,IF($U$6=0,0,"ERROR"))) -> 0 | AH65: =IF(G65="","",AG65*G65) -> 0 | AI65: =IF(D65="","",_xlfn.XLOOKUP(A65,'14'!A:A,'14'!D:D,IF($U$6=0,0,"ERROR"))) -> 9.3 | AJ65: =IF(G65="","",AI65*G65) -> 5395.1625 | AM65: =IF(D65="","",Q65+O65+M65+K65+I65+S65+U65+W65+Y65+AA65+AC65+AE65+AG65+AI65) -> 68.015833 | AN65: =IF(D65="","",R65+P65+N65+L65+J65+T65+V65+X65+Z65+AB65+AD65+AH65+AF65+AJ65) -> 39457.685 | AO65: =IF(AN65="","",IF(AM65*G65=AN65,"הכל טוב","לא טוב")) -> הכל טוב
A66: 12.068 | B66: זכוכית לזיגוג דלתות וחלונות, ציפויי חלונות וקירות וזכוכית לסגירת מרפסות | E66: =IF(D66="","",D66*0.15) | F66: =IF(D66="","",D66*0.05) | G66: =IF(D66="","",D66*1.05*0.85) | J66: =IF(D66="","",I66*G66) | L66: =IF(G66="","",K66*G66) | M66: =IF(D66="","",_xlfn.XLOOKUP(A66,'3'!A:A,'3'!D:D,IF($M$6=0,0,"ERROR"))) | N66: =IF(G66="","",M66*G66) | O66: =IF(D66="","",_xlfn.XLOOKUP(A66,'4'!A:A,'4'!D:D,IF($O$6=0,0,"ERROR"))) | P66: =IF(G66="","",O66*G66) | Q66: =IF(D66="","",_xlfn.XLOOKUP(A66,'5'!A:A,'5'!D:D,IF($Q$6=0,0,"ERROR"))) | R66: =IF(G66="","",Q66*G66) | S66: =IF(D66="","",_xlfn.XLOOKUP(A66,'6'!A:A,'6'!D:D,IF($Q$6=0,0,"ERROR"))) | T66: =IF(G66="","",S66*G66) | U66: =IF(D66="","",_xlfn.XLOOKUP(A66,'7'!A:A,'7'!D:D,IF($U$6=0,0,"ERROR"))) | V66: =IF(G66="","",U66*G66) | W66: =IF(D66="","",_xlfn.XLOOKUP(A66,'8'!A:A,'8'!D:D,IF($U$6=0,0,"ERROR"))) | X66: =IF(G66="","",W66*G66) | Y66: =IF(D66="","",_xlfn.XLOOKUP(A66,'9'!A:A,'9'!D:D,IF($U$6=0,0,"ERROR"))) | Z66: =IF(G66="","",Y66*G66) | AA66: =IF(D66="","",_xlfn.XLOOKUP(A66,'10'!A:A,'10'!D:D,IF($U$6=0,0,"ERROR"))) | AB66: =IF(G66="","",AA66*G66) | AC66: =IF(D66="","",_xlfn.XLOOKUP(A66,'11'!A:A,'11'!D:D,IF($U$6=0,0,"ERROR"))) | AD66: =IF(G66="","",AC66*G66) | AE66: =IF(D66="","",_xlfn.XLOOKUP(A66,'12'!A:A,'12'!D:D,IF($U$6=0,0,"ERROR"))) | AF66: =IF(G66="","",AE66*G66) | AG66: =IF(D66="","",_xlfn.XLOOKUP(A66,'13'!A:A,'13'!D:D,IF($U$6=0,0,"ERROR"))) | AH66: =IF(G66="","",AG66*G66) | AI66: =IF(D66="","",_xlfn.XLOOKUP(A66,'14'!A:A,'14'!D:D,IF($U$6=0,0,"ERROR"))) | AJ66: =IF(G66="","",AI66*G66) | AM66: =IF(D66="","",Q66+O66+M66+K66+I66+S66+U66+W66+Y66+AA66+AC66+AE66+AG66+AI66) | AN66: =IF(D66="","",R66+P66+N66+L66+J66+T66+V66+X66+Z66+AB66+AD66+AH66+AF66+AJ66) | AO66: =IF(AN66="","",IF(AM66*G66=AN66,"הכל טוב","לא טוב"))
A67: 12.068.1320 | B67: זכוכית בטחון 5+5 מ"מ עם 0.76 P.V.B | C67: מ"ר | D67: 265 | E67: =IF(D67="","",D67*0.15) -> 39.75 | F67: =IF(D67="","",D67*0.05) -> 13.25 | G67: =IF(D67="","",D67*1.05*0.85) -> 236.5125 | J67: =IF(D67="","",I67*G67) -> 0 | L67: =IF(G67="","",K67*G67) -> 0 | M67: =IF(D67="","",_xlfn.XLOOKUP(A67,'3'!A:A,'3'!D:D,IF($M$6=0,0,"ERROR"))) -> 0 | N67: =IF(G67="","",M67*G67) -> 0 | O67: =IF(D67="","",_xlfn.XLOOKUP(A67,'4'!A:A,'4'!D:D,IF($O$6=0,0,"ERROR"))) -> 0 | P67: =IF(G67="","",O67*G67) -> 0 | Q67: =IF(D67="","",_xlfn.XLOOKUP(A67,'5'!A:A,'5'!D:D,IF($Q$6=0,0,"ERROR"))) -> 0 | R67: =IF(G67="","",Q67*G67) -> 0 | S67: =IF(D67="","",_xlfn.XLOOKUP(A67,'6'!A:A,'6'!D:D,IF($Q$6=0,0,"ERROR"))) -> 0 | T67: =IF(G67="","",S67*G67) -> 0 | U67: =IF(D67="","",_xlfn.XLOOKUP(A67,'7'!A:A,'7'!D:D,IF($U$6=0,0,"ERROR"))) -> 0 | V67: =IF(G67="","",U67*G67) -> 0 | W67: =IF(D67="","",_xlfn.XLOOKUP(A67,'8'!A:A,'8'!D:D,IF($U$6=0,0,"ERROR"))) -> 0 | X67: =IF(G67="","",W67*G67) -> 0 | Y67: =IF(D67="","",_xlfn.XLOOKUP(A67,'9'!A:A,'9'!D:D,IF($U$6=0,0,"ERROR"))) -> 0 | Z67: =IF(G67="","",Y67*G67) -> 0 | AA67: =IF(D67="","",_xlfn.XLOOKUP(A67,'10'!A:A,'10'!D:D,IF($U$6=0,0,"ERROR"))) -> 0 | AB67: =IF(G67="","",AA67*G67) -> 0 | AC67: =IF(D67="","",_xlfn.XLOOKUP(A67,'11'!A:A,'11'!D:D,IF($U$6=0,0,"ERROR"))) -> 0 | AD67: =IF(G67="","",AC67*G67) -> 0 | AE67: =IF(D67="","",_xlfn.XLOOKUP(A67,'12'!A:A,'12'!D:D,IF($U$6=0,0,"ERROR"))) -> 0 | AF67: =IF(G67="","",AE67*G67) -> 0 | AG67: =IF(D67="","",_xlfn.XLOOKUP(A67,'13'!A:A,'13'!D:D,IF($U$6=0,0,"ERROR"))) -> 0 | AH67: =IF(G67="","",AG67*G67) -> 0 | AI67: =IF(D67="","",_xlfn.XLOOKUP(A67,'14'!A:A,'14'!D:D,IF($U$6=0,0,"ERROR"))) -> 0 | AJ67: =IF(G67="","",AI67*G67) -> 0 | AM67: =IF(D67="","",Q67+O67+M67+K67+I67+S67+U67+W67+Y67+AA67+AC67+AE67+AG67+AI67) -> 0 | AN67: =IF(D67="","",R67+P67+N67+L67+J67+T67+V67+X67+Z67+AB67+AD67+AH67+AF67+AJ67) -> 0 | AO67: =IF(AN67="","",IF(AM67*G67=AN67,"הכל טוב","לא טוב")) -> הכל טוב
A68: 12.068.1216 | B68: זכוכית שקופה בידודית מחוסמת משני הצדדים 6+10+8 מ"מ | C68: מ"ר | D68: 375 | E68: =IF(D68="","",D68*0.15) -> 56.25 | F68: =IF(D68="","",D68*0.05) -> 18.75 | G68: =IF(D68="","",D68*1.05*0.85) -> 334.6875 | J68: =IF(D68="","",I68*G68) -> 0 | L68: =IF(G68="","",K68*G68) -> 0 | M68: =IF(D68="","",_xlfn.XLOOKUP(A68,'3'!A:A,'3'!D:D,IF($M$6=0,0,"ERROR"))) -> 19.129 | N68: =IF(G68="","",M68*G68) -> 6402.2372 | O68: =IF(D68="","",_xlfn.XLOOKUP(A68,'4'!A:A,'4'!D:D,IF($O$6=0,0,"ERROR"))) -> 2.485 | P68: =IF(G68="","",O68*G68) -> 831.69844 | Q68: =IF(D68="","",_xlfn.XLOOKUP(A68,'5'!A:A,'5'!D:D,IF($Q$6=0,0,"ERROR"))) -> 26.643 | R68: =IF(G68="","",Q68*G68) -> 8917.0791 | S68: =IF(D68="","",_xlfn.XLOOKUP(A68,'6'!A:A,'6'!D:D,IF($Q$6=0,0,"ERROR"))) -> 19.035 | T68: =IF(G68="","",S68*G68) -> 6370.7766 | U68: =IF(D68="","",_xlfn.XLOOKUP(A68,'7'!A:A,'7'!D:D,IF($U$6=0,0,"ERROR"))) -> 16.364 | V68: =IF(G68="","",U68*G68) -> 5476.8263 | W68: =IF(D68="","",_xlfn.XLOOKUP(A68,'8'!A:A,'8'!D:D,IF($U$6=0,0,"ERROR"))) -> 8.74 | X68: =IF(G68="","",W68*G68) -> 2925.1688 | Y68: =IF(D68="","",_xlfn.XLOOKUP(A68,'9'!A:A,'9'!D:D,IF($U$6=0,0,"ERROR"))) -> 10.089 | Z68: =IF(G68="","",Y68*G68) -> 3376.6622 | AA68: =IF(D68="","",_xlfn.XLOOKUP(A68,'10'!A:A,'10'!D:D,IF($U$6=0,0,"ERROR"))) -> 9.097 | AB68: =IF(G68="","",AA68*G68) -> 3044.6522 | AC68: =IF(D68="","",_xlfn.XLOOKUP(A68,'11'!A:A,'11'!D:D,IF($U$6=0,0,"ERROR"))) -> 6.33 | AD68: =IF(G68="","",AC68*G68) -> 2118.5719 | AE68: =IF(D68="","",_xlfn.XLOOKUP(A68,'12'!A:A,'12'!D:D,IF($U$6=0,0,"ERROR"))) -> 3.936 | AF68: =IF(G68="","",AE68*G68) -> 1317.33 | AG68: =IF(D68="","",_xlfn.XLOOKUP(A68,'13'!A:A,'13'!D:D,IF($U$6=0,0,"ERROR"))) -> 15.394 | AH68: =IF(G68="","",AG68*G68) -> 5152.1794 | AI68: =IF(D68="","",_xlfn.XLOOKUP(A68,'14'!A:A,'14'!D:D,IF($U$6=0,0,"ERROR"))) -> 16.64 | AJ68: =IF(G68="","",AI68*G68) -> 5569.2 | AM68: =IF(D68="","",Q68+O68+M68+K68+I68+S68+U68+W68+Y68+AA68+AC68+AE68+AG68+AI68) -> 153.882 | AN68: =IF(D68="","",R68+P68+N68+L68+J68+T68+V68+X68+Z68+AB68+AD68+AH68+AF68+AJ68) -> 51502.382 | AO68: =IF(AN68="","",IF(AM68*G68=AN68,"הכל טוב","לא טוב")) -> הכל טוב
A69: 12.068.1172 | B69: זכוכית שקופה בידודית מחוסמת משני הצדדים 5+6+6 מ"מ | C69: מ"ר | D69: 317 | E69: =IF(D69="","",D69*0.15) -> 47.55 | F69: =IF(D69="","",D69*0.05) -> 15.85 | G69: =IF(D69="","",D69*1.05*0.85) -> 282.9225 | J69: =IF(D69="","",I69*G69) -> 0 | L69: =IF(G69="","",K69*G69) -> 0 | M69: =IF(D69="","",_xlfn.XLOOKUP(A69,'3'!A:A,'3'!D:D,IF($M$6=0,0,"ERROR"))) -> 0 | N69: =IF(G69="","",M69*G69) -> 0 | O69: =IF(D69="","",_xlfn.XLOOKUP(A69,'4'!A:A,'4'!D:D,IF($O$6=0,0,"ERROR"))) -> 0 | P69: =IF(G69="","",O69*G69) -> 0 | Q69: =IF(D69="","",_xlfn.XLOOKUP(A69,'5'!A:A,'5'!D:D,IF($Q$6=0,0,"ERROR"))) -> 0 | R69: =IF(G69="","",Q69*G69) -> 0 | S69: =IF(D69="","",_xlfn.XLOOKUP(A69,'6'!A:A,'6'!D:D,IF($Q$6=0,0,"ERROR"))) -> 0 | T69: =IF(G69="","",S69*G69) -> 0 | U69: =IF(D69="","",_xlfn.XLOOKUP(A69,'7'!A:A,'7'!D:D,IF($U$6=0,0,"ERROR"))) -> 0 | V69: =IF(G69="","",U69*G69) -> 0 | W69: =IF(D69="","",_xlfn.XLOOKUP(A69,'8'!A:A,'8'!D:D,IF($U$6=0,0,"ERROR"))) -> 0 | X69: =IF(G69="","",W69*G69) -> 0 | Y69: =IF(D69="","",_xlfn.XLOOKUP(A69,'9'!A:A,'9'!D:D,IF($U$6=0,0,"ERROR"))) -> 0 | Z69: =IF(G69="","",Y69*G69) -> 0 | AA69: =IF(D69="","",_xlfn.XLOOKUP(A69,'10'!A:A,'10'!D:D,IF($U$6=0,0,"ERROR"))) -> -3.049 | AB69: =IF(G69="","",AA69*G69) -> -862.6307 | AC69: =IF(D69="","",_xlfn.XLOOKUP(A69,'11'!A:A,'11'!D:D,IF($U$6=0,0,"ERROR"))) -> 0 | AD69: =IF(G69="","",AC69*G69) -> 0 | AE69: =IF(D69="","",_xlfn.XLOOKUP(A69,'12'!A:A,'12'!D:D,IF($U$6=0,0,"ERROR"))) -> 0 | AF69: =IF(G69="","",AE69*G69) -> 0 | AG69: =IF(D69="","",_xlfn.XLOOKUP(A69,'13'!A:A,'13'!D:D,IF($U$6=0,0,"ERROR"))) -> -8.494 | AH69: =IF(G69="","",AG69*G69) -> -2403.1437 | AI69: =IF(D69="","",_xlfn.XLOOKUP(A69,'14'!A:A,'14'!D:D,IF($U$6=0,0,"ERROR"))) -> 0 | AJ69: =IF(G69="","",AI69*G69) -> 0 | AM69: =IF(D69="","",Q69+O69+M69+K69+I69+S69+U69+W69+Y69+AA69+AC69+AE69+AG69+AI69) -> -11.543 | AN69: =IF(D69="","",R69+P69+N69+L69+J69+T69+V69+X69+Z69+AB69+AD69+AH69+AF69+AJ69) -> -3265.7744 | AO69: =IF(AN69="","",IF(AM69*G69=AN69,"הכל טוב","לא טוב")) -> הכל טוב
A70: 12.068.1004 | B70: זכוכית שטוחה מחוסמת בעובי 6 מ"מ | C70: מ"ר | D70: 172 | E70: =IF(D70="","",D70*0.15) -> 25.8 | F70: =IF(D70="","",D70*0.05) -> 8.6 | G70: =IF(D70="","",D70*1.05*0.85) -> 153.51 | J70: =IF(D70="","",I70*G70) -> 0 | L70: =IF(G70="","",K70*G70) -> 0 | M70: =IF(D70="","",_xlfn.XLOOKUP(A70,'3'!A:A,'3'!D:D,IF($M$6=0,0,"ERROR"))) -> -19.129 | N70: =IF(G70="","",M70*G70) -> -2936.4928 | O70: =IF(D70="","",_xlfn.XLOOKUP(A70,'4'!A:A,'4'!D:D,IF($O$6=0,0,"ERROR"))) -> -2.485 | P70: =IF(G70="","",O70*G70) -> -381.47235 | Q70: =IF(D70="","",_xlfn.XLOOKUP(A70,'5'!A:A,'5'!D:D,IF($Q$6=0,0,"ERROR"))) -> -26.643 | R70: =IF(G70="","",Q70*G70) -> -4089.9669 | S70: =IF(D70="","",_xlfn.XLOOKUP(A70,'6'!A:A,'6'!D:D,IF($Q$6=0,0,"ERROR"))) -> -19.035 | T70: =IF(G70="","",S70*G70) -> -2922.0628 | U70: =IF(D70="","",_xlfn.XLOOKUP(A70,'7'!A:A,'7'!D:D,IF($U$6=0,0,"ERROR"))) -> -16.364 | V70: =IF(G70="","",U70*G70) -> -2512.0376 | W70: =IF(D70="","",_xlfn.XLOOKUP(A70,'8'!A:A,'8'!D:D,IF($U$6=0,0,"ERROR"))) -> -8.74 | X70: =IF(G70="","",W70*G70) -> -1341.6774 | Y70: =IF(D70="","",_xlfn.XLOOKUP(A70,'9'!A:A,'9'!D:D,IF($U$6=0,0,"ERROR"))) -> -10.089 | Z70: =IF(G70="","",Y70*G70) -> -1548.7624 | AA70: =IF(D70="","",_xlfn.XLOOKUP(A70,'10'!A:A,'10'!D:D,IF($U$6=0,0,"ERROR"))) -> -6.048 | AB70: =IF(G70="","",AA70*G70) -> -928.42848 | AC70: =IF(D70="","",_xlfn.XLOOKUP(A70,'11'!A:A,'11'!D:D,IF($U$6=0,0,"ERROR"))) -> -6.33 | AD70: =IF(G70="","",AC70*G70) -> -971.7183 | AE70: =IF(D70="","",_xlfn.XLOOKUP(A70,'12'!A:A,'12'!D:D,IF($U$6=0,0,"ERROR"))) -> -3.936 | AF70: =IF(G70="","",AE70*G70) -> -604.21536 | AG70: =IF(D70="","",_xlfn.XLOOKUP(A70,'13'!A:A,'13'!D:D,IF($U$6=0,0,"ERROR"))) -> -6.9 | AH70: =IF(G70="","",AG70*G70) -> -1059.219 | AI70: =IF(D70="","",_xlfn.XLOOKUP(A70,'14'!A:A,'14'!D:D,IF($U$6=0,0,"ERROR"))) -> -16.64 | AJ70: =IF(G70="","",AI70*G70) -> -2554.4064 | AM70: =IF(D70="","",Q70+O70+M70+K70+I70+S70+U70+W70+Y70+AA70+AC70+AE70+AG70+AI70) -> -142.339 | AN70: =IF(D70="","",R70+P70+N70+L70+J70+T70+V70+X70+Z70+AB70+AD70+AH70+AF70+AJ70) -> -21850.46 | AO70: =IF(AN70="","",IF(AM70*G70=AN70,"הכל טוב","לא טוב")) -> הכל טוב
A71: 12.068.0902 | B71: זכוכית שטוחה שקופה בעובי 5 מ"מ | C71: מ"ר | D71: 94 | E71: =IF(D71="","",D71*0.15) -> 14.1 | F71: =IF(D71="","",D71*0.05) -> 4.7 | G71: =IF(D71="","",D71*1.05*0.85) -> 83.895 | J71: =IF(D71="","",I71*G71) -> 0 | L71: =IF(G71="","",K71*G71) -> 0 | M71: =IF(D71="","",_xlfn.XLOOKUP(A71,'3'!A:A,'3'!D:D,IF($M$6=0,0,"ERROR"))) -> 0 | N71: =IF(G71="","",M71*G71) -> 0 | O71: =IF(D71="","",_xlfn.XLOOKUP(A71,'4'!A:A,'4'!D:D,IF($O$6=0,0,"ERROR"))) -> 0 | P71: =IF(G71="","",O71*G71) -> 0 | Q71: =IF(D71="","",_xlfn.XLOOKUP(A71,'5'!A:A,'5'!D:D,IF($Q$6=0,0,"ERROR"))) -> 0 | R71: =IF(G71="","",Q71*G71) -> 0 | S71: =IF(D71="","",_xlfn.XLOOKUP(A71,'6'!A:A,'6'!D:D,IF($Q$6=0,0,"ERROR"))) -> 0 | T71: =IF(G71="","",S71*G71) -> 0 | U71: =IF(D71="","",_xlfn.XLOOKUP(A71,'7'!A:A,'7'!D:D,IF($U$6=0,0,"ERROR"))) -> 0 | V71: =IF(G71="","",U71*G71) -> 0 | W71: =IF(D71="","",_xlfn.XLOOKUP(A71,'8'!A:A,'8'!D:D,IF($U$6=0,0,"ERROR"))) -> 0 | X71: =IF(G71="","",W71*G71) -> 0 | Y71: =IF(D71="","",_xlfn.XLOOKUP(A71,'9'!A:A,'9'!D:D,IF($U$6=0,0,"ERROR"))) -> 0 | Z71: =IF(G71="","",Y71*G71) -> 0 | AA71: =IF(D71="","",_xlfn.XLOOKUP(A71,'10'!A:A,'10'!D:D,IF($U$6=0,0,"ERROR"))) -> 0 | AB71: =IF(G71="","",AA71*G71) -> 0 | AC71: =IF(D71="","",_xlfn.XLOOKUP(A71,'11'!A:A,'11'!D:D,IF($U$6=0,0,"ERROR"))) -> 0 | AD71: =IF(G71="","",AC71*G71) -> 0 | AE71: =IF(D71="","",_xlfn.XLOOKUP(A71,'12'!A:A,'12'!D:D,IF($U$6=0,0,"ERROR"))) -> 0 | AF71: =IF(G71="","",AE71*G71) -> 0 | AG71: =IF(D71="","",_xlfn.XLOOKUP(A71,'13'!A:A,'13'!D:D,IF($U$6=0,0,"ERROR"))) -> 0 | AH71: =IF(G71="","",AG71*G71) -> 0 | AI71: =IF(D71="","",_xlfn.XLOOKUP(A71,'14'!A:A,'14'!D:D,IF($U$6=0,0,"ERROR"))) -> 0 | AJ71: =IF(G71="","",AI71*G71) -> 0 | AM71: =IF(D71="","",Q71+O71+M71+K71+I71+S71+U71+W71+Y71+AA71+AC71+AE71+AG71+AI71) -> 0 | AN71: =IF(D71="","",R71+P71+N71+L71+J71+T71+V71+X71+Z71+AB71+AD71+AH71+AF71+AJ71) -> 0 | AO71: =IF(AN71="","",IF(AM71*G71=AN71,"הכל טוב","לא טוב")) -> הכל טוב
A72: 12.068.1002 | B72: זכוכית שטוחה מחוסמת בעובי 5 מ"מ | C72: מ"ר | D72: 157 | E72: =IF(D72="","",D72*0.15) -> 23.55 | F72: =IF(D72="","",D72*0.05) -> 7.85 | G72: =IF(D72="","",D72*1.05*0.85) -> 140.1225 | J72: =IF(D72="","",I72*G72) -> 0 | L72: =IF(G72="","",K72*G72) -> 0 | M72: =IF(D72="","",_xlfn.XLOOKUP(A72,'3'!A:A,'3'!D:D,IF($M$6=0,0,"ERROR"))) -> 0 | N72: =IF(G72="","",M72*G72) -> 0 | O72: =IF(D72="","",_xlfn.XLOOKUP(A72,'4'!A:A,'4'!D:D,IF($O$6=0,0,"ERROR"))) -> 0 | P72: =IF(G72="","",O72*G72) -> 0 | Q72: =IF(D72="","",_xlfn.XLOOKUP(A72,'5'!A:A,'5'!D:D,IF($Q$6=0,0,"ERROR"))) -> 0 | R72: =IF(G72="","",Q72*G72) -> 0 | S72: =IF(D72="","",_xlfn.XLOOKUP(A72,'6'!A:A,'6'!D:D,IF($Q$6=0,0,"ERROR"))) -> 0 | T72: =IF(G72="","",S72*G72) -> 0 | U72: =IF(D72="","",_xlfn.XLOOKUP(A72,'7'!A:A,'7'!D:D,IF($U$6=0,0,"ERROR"))) -> 0 | V72: =IF(G72="","",U72*G72) -> 0 | W72: =IF(D72="","",_xlfn.XLOOKUP(A72,'8'!A:A,'8'!D:D,IF($U$6=0,0,"ERROR"))) -> 0 | X72: =IF(G72="","",W72*G72) -> 0 | Y72: =IF(D72="","",_xlfn.XLOOKUP(A72,'9'!A:A,'9'!D:D,IF($U$6=0,0,"ERROR"))) -> 0 | Z72: =IF(G72="","",Y72*G72) -> 0 | AA72: =IF(D72="","",_xlfn.XLOOKUP(A72,'10'!A:A,'10'!D:D,IF($U$6=0,0,"ERROR"))) -> 0 | AB72: =IF(G72="","",AA72*G72) -> 0 | AC72: =IF(D72="","",_xlfn.XLOOKUP(A72,'11'!A:A,'11'!D:D,IF($U$6=0,0,"ERROR"))) -> 0 | AD72: =IF(G72="","",AC72*G72) -> 0 | AE72: =IF(D72="","",_xlfn.XLOOKUP(A72,'12'!A:A,'12'!D:D,IF($U$6=0,0,"ERROR"))) -> 0 | AF72: =IF(G72="","",AE72*G72) -> 0 | AG72: =IF(D72="","",_xlfn.XLOOKUP(A72,'13'!A:A,'13'!D:D,IF($U$6=0,0,"ERROR"))) -> 0 | AH72: =IF(G72="","",AG72*G72) -> 0 | AI72: =IF(D72="","",_xlfn.XLOOKUP(A72,'14'!A:A,'14'!D:D,IF($U$6=0,0,"ERROR"))) -> 0 | AJ72: =IF(G72="","",AI72*G72) -> 0 | AM72: =IF(D72="","",Q72+O72+M72+K72+I72+S72+U72+W72+Y72+AA72+AC72+AE72+AG72+AI72) -> 0 | AN72: =IF(D72="","",R72+P72+N72+L72+J72+T72+V72+X72+Z72+AB72+AD72+AH72+AF72+AJ72) -> 0 | AO72: =IF(AN72="","",IF(AM72*G72=AN72,"הכל טוב","לא טוב")) -> הכל טוב
A73: 15 | B73: מתקני מיזוג אוויר | E73: =IF(D73="","",D73*0.15) | F73: =IF(D73="","",D73*0.05) | G73: =IF(D73="","",D73*1.05*0.85) | J73: =IF(D73="","",I73*G73) | L73: =IF(G73="","",K73*G73) | M73: =IF(D73="","",_xlfn.XLOOKUP(A73,'3'!A:A,'3'!D:D,IF($M$6=0,0,"ERROR"))) | N73: =IF(G73="","",M73*G73) | O73: =IF(D73="","",_xlfn.XLOOKUP(A73,'4'!A:A,'4'!D:D,IF($O$6=0,0,"ERROR"))) | P73: =IF(G73="","",O73*G73) | Q73: =IF(D73="","",_xlfn.XLOOKUP(A73,'5'!A:A,'5'!D:D,IF($Q$6=0,0,"ERROR"))) | R73: =IF(G73="","",Q73*G73) | S73: =IF(D73="","",_xlfn.XLOOKUP(A73,'6'!A:A,'6'!D:D,IF($Q$6=0,0,"ERROR"))) | T73: =IF(G73="","",S73*G73) | U73: =IF(D73="","",_xlfn.XLOOKUP(A73,'7'!A:A,'7'!D:D,IF($U$6=0,0,"ERROR"))) | V73: =IF(G73="","",U73*G73) | W73: =IF(D73="","",_xlfn.XLOOKUP(A73,'8'!A:A,'8'!D:D,IF($U$6=0,0,"ERROR"))) | X73: =IF(G73="","",W73*G73) | Y73: =IF(D73="","",_xlfn.XLOOKUP(A73,'9'!A:A,'9'!D:D,IF($U$6=0,0,"ERROR"))) | Z73: =IF(G73="","",Y73*G73) | AA73: =IF(D73="","",_xlfn.XLOOKUP(A73,'10'!A:A,'10'!D:D,IF($U$6=0,0,"ERROR"))) | AB73: =IF(G73="","",AA73*G73) | AC73: =IF(D73="","",_xlfn.XLOOKUP(A73,'11'!A:A,'11'!D:D,IF($U$6=0,0,"ERROR"))) | AD73: =IF(G73="","",AC73*G73) | AE73: =IF(D73="","",_xlfn.XLOOKUP(A73,'12'!A:A,'12'!D:D,IF($U$6=0,0,"ERROR"))) | AF73: =IF(G73="","",AE73*G73) | AG73: =IF(D73="","",_xlfn.XLOOKUP(A73,'13'!A:A,'13'!D:D,IF($U$6=0,0,"ERROR"))) | AH73: =IF(G73="","",AG73*G73) | AI73: =IF(D73="","",_xlfn.XLOOKUP(A73,'14'!A:A,'14'!D:D,IF($U$6=0,0,"ERROR"))) | AJ73: =IF(G73="","",AI73*G73) | AM73: =IF(D73="","",Q73+O73+M73+K73+I73+S73+U73+W73+Y73+AA73+AC73+AE73+AG73+AI73) | AN73: =IF(D73="","",R73+P73+N73+L73+J73+T73+V73+X73+Z73+AB73+AD73+AH73+AF73+AJ73) | AO73: =IF(AN73="","",IF(AM73*G73=AN73,"הכל טוב","לא טוב"))
A74: 15.041 | B74: מזגנים מפוצלים ויחידות מיני מרכזיות | E74: =IF(D74="","",D74*0.15) | F74: =IF(D74="","",D74*0.05) | G74: =IF(D74="","",D74*1.05*0.85) | J74: =IF(D74="","",I74*G74) | L74: =IF(G74="","",K74*G74) | M74: =IF(D74="","",_xlfn.XLOOKUP(A74,'3'!A:A,'3'!D:D,IF($M$6=0,0,"ERROR"))) | N74: =IF(G74="","",M74*G74) | O74: =IF(D74="","",_xlfn.XLOOKUP(A74,'4'!A:A,'4'!D:D,IF($O$6=0,0,"ERROR"))) | P74: =IF(G74="","",O74*G74) | Q74: =IF(D74="","",_xlfn.XLOOKUP(A74,'5'!A:A,'5'!D:D,IF($Q$6=0,0,"ERROR"))) | R74: =IF(G74="","",Q74*G74) | S74: =IF(D74="","",_xlfn.XLOOKUP(A74,'6'!A:A,'6'!D:D,IF($Q$6=0,0,"ERROR"))) | T74: =IF(G74="","",S74*G74) | U74: =IF(D74="","",_xlfn.XLOOKUP(A74,'7'!A:A,'7'!D:D,IF($U$6=0,0,"ERROR"))) | V74: =IF(G74="","",U74*G74) | W74: =IF(D74="","",_xlfn.XLOOKUP(A74,'8'!A:A,'8'!D:D,IF($U$6=0,0,"ERROR"))) | X74: =IF(G74="","",W74*G74) | Y74: =IF(D74="","",_xlfn.XLOOKUP(A74,'9'!A:A,'9'!D:D,IF($U$6=0,0,"ERROR"))) | Z74: =IF(G74="","",Y74*G74) | AA74: =IF(D74="","",_xlfn.XLOOKUP(A74,'10'!A:A,'10'!D:D,IF($U$6=0,0,"ERROR"))) | AB74: =IF(G74="","",AA74*G74) | AC74: =IF(D74="","",_xlfn.XLOOKUP(A74,'11'!A:A,'11'!D:D,IF($U$6=0,0,"ERROR"))) | AD74: =IF(G74="","",AC74*G74) | AE74: =IF(D74="","",_xlfn.XLOOKUP(A74,'12'!A:A,'12'!D:D,IF($U$6=0,0,"ERROR"))) | AF74: =IF(G74="","",AE74*G74) | AG74: =IF(D74="","",_xlfn.XLOOKUP(A74,'13'!A:A,'13'!D:D,IF($U$6=0,0,"ERROR"))) | AH74: =IF(G74="","",AG74*G74) | AI74: =IF(D74="","",_xlfn.XLOOKUP(A74,'14'!A:A,'14'!D:D,IF($U$6=0,0,"ERROR"))) | AJ74: =IF(G74="","",AI74*G74) | AM74: =IF(D74="","",Q74+O74+M74+K74+I74+S74+U74+W74+Y74+AA74+AC74+AE74+AG74+AI74) | AN74: =IF(D74="","",R74+P74+N74+L74+J74+T74+V74+X74+Z74+AB74+AD74+AH74+AF74+AJ74) | AO74: =IF(AN74="","",IF(AM74*G74=AN74,"הכל טוב","לא טוב"))
A75: 15.041.1210 | B75: מזגן מפוצל אינוורטר (התקנה סטנדרטית) כדוגמת "אלקטרה" או ש"ע לתפוקת קירור נומינלית BTU/HR 12,000 (1.2 כ"ס) לרבות 2.0 מ"א ראשונים של צנרת גז וחשמל, מותקן מושלם | C75: קומפ | D75: 3500 | E75: =IF(D75="","",D75*0.15) -> 525 | F75: =IF(D75="","",D75*0.05) -> 175 | G75: =IF(D75="","",D75*1.05*0.85) -> 3123.75 | J75: =IF(D75="","",I75*G75) -> 0 | L75: =IF(G75="","",K75*G75) -> 0 | M75: =IF(D75="","",_xlfn.XLOOKUP(A75,'3'!A:A,'3'!D:D,IF($M$6=0,0,"ERROR"))) -> 0 | N75: =IF(G75="","",M75*G75) -> 0 | O75: =IF(D75="","",_xlfn.XLOOKUP(A75,'4'!A:A,'4'!D:D,IF($O$6=0,0,"ERROR"))) -> 0 | P75: =IF(G75="","",O75*G75) -> 0 | Q75: =IF(D75="","",_xlfn.XLOOKUP(A75,'5'!A:A,'5'!D:D,IF($Q$6=0,0,"ERROR"))) -> 0 | R75: =IF(G75="","",Q75*G75) -> 0 | S75: =IF(D75="","",_xlfn.XLOOKUP(A75,'6'!A:A,'6'!D:D,IF($Q$6=0,0,"ERROR"))) -> 0 | T75: =IF(G75="","",S75*G75) -> 0 | U75: =IF(D75="","",_xlfn.XLOOKUP(A75,'7'!A:A,'7'!D:D,IF($U$6=0,0,"ERROR"))) -> 0 | V75: =IF(G75="","",U75*G75) -> 0 | W75: =IF(D75="","",_xlfn.XLOOKUP(A75,'8'!A:A,'8'!D:D,IF($U$6=0,0,"ERROR"))) -> 0 | X75: =IF(G75="","",W75*G75) -> 0 | Y75: =IF(D75="","",_xlfn.XLOOKUP(A75,'9'!A:A,'9'!D:D,IF($U$6=0,0,"ERROR"))) -> 0 | Z75: =IF(G75="","",Y75*G75) -> 0 | AA75: =IF(D75="","",_xlfn.XLOOKUP(A75,'10'!A:A,'10'!D:D,IF($U$6=0,0,"ERROR"))) -> 0 | AB75: =IF(G75="","",AA75*G75) -> 0 | AC75: =IF(D75="","",_xlfn.XLOOKUP(A75,'11'!A:A,'11'!D:D,IF($U$6=0,0,"ERROR"))) -> 0 | AD75: =IF(G75="","",AC75*G75) -> 0 | AE75: =IF(D75="","",_xlfn.XLOOKUP(A75,'12'!A:A,'12'!D:D,IF($U$6=0,0,"ERROR"))) -> 0 | AF75: =IF(G75="","",AE75*G75) -> 0 | AG75: =IF(D75="","",_xlfn.XLOOKUP(A75,'13'!A:A,'13'!D:D,IF($U$6=0,0,"ERROR"))) -> 0 | AH75: =IF(G75="","",AG75*G75) -> 0 | AI75: =IF(D75="","",_xlfn.XLOOKUP(A75,'14'!A:A,'14'!D:D,IF($U$6=0,0,"ERROR"))) -> 0 | AJ75: =IF(G75="","",AI75*G75) -> 0 | AM75: =IF(D75="","",Q75+O75+M75+K75+I75+S75+U75+W75+Y75+AA75+AC75+AE75+AG75+AI75) -> 0 | AN75: =IF(D75="","",R75+P75+N75+L75+J75+T75+V75+X75+Z75+AB75+AD75+AH75+AF75+AJ75) -> 0 | AO75: =IF(AN75="","",IF(AM75*G75=AN75,"הכל טוב","לא טוב")) -> הכל טוב
A76: 15.041.4010 | B76: צנרת גז וחשמל למזגן עם מעטה למיזוג אוויר (צמ"א) הכוללת 2 צינורות נחושת מבודדים בקטרים "1/2, "7/8, צינור חשמל עם כבל רב גידי, הכל מאוגד יחדיו בשרוול (מעל 2.0 מ"א הראשונים הכלולים במחיר התקנת מזגן), לרבות מילוי גז ושמן כנדרש לתוספת צנרת זו | C76: מ' | D76: 172 | E76: =IF(D76="","",D76*0.15) -> 25.8 | F76: =IF(D76="","",D76*0.05) -> 8.6 | G76: =IF(D76="","",D76*1.05*0.85) -> 153.51 | J76: =IF(D76="","",I76*G76) -> 0 | L76: =IF(G76="","",K76*G76) -> 0 | M76: =IF(D76="","",_xlfn.XLOOKUP(A76,'3'!A:A,'3'!D:D,IF($M$6=0,0,"ERROR"))) -> 0 | N76: =IF(G76="","",M76*G76) -> 0 | O76: =IF(D76="","",_xlfn.XLOOKUP(A76,'4'!A:A,'4'!D:D,IF($O$6=0,0,"ERROR"))) -> 0 | P76: =IF(G76="","",O76*G76) -> 0 | Q76: =IF(D76="","",_xlfn.XLOOKUP(A76,'5'!A:A,'5'!D:D,IF($Q$6=0,0,"ERROR"))) -> 0 | R76: =IF(G76="","",Q76*G76) -> 0 | S76: =IF(D76="","",_xlfn.XLOOKUP(A76,'6'!A:A,'6'!D:D,IF($Q$6=0,0,"ERROR"))) -> 0 | T76: =IF(G76="","",S76*G76) -> 0 | U76: =IF(D76="","",_xlfn.XLOOKUP(A76,'7'!A:A,'7'!D:D,IF($U$6=0,0,"ERROR"))) -> 0 | V76: =IF(G76="","",U76*G76) -> 0 | W76: =IF(D76="","",_xlfn.XLOOKUP(A76,'8'!A:A,'8'!D:D,IF($U$6=0,0,"ERROR"))) -> 0 | X76: =IF(G76="","",W76*G76) -> 0 | Y76: =IF(D76="","",_xlfn.XLOOKUP(A76,'9'!A:A,'9'!D:D,IF($U$6=0,0,"ERROR"))) -> 0 | Z76: =IF(G76="","",Y76*G76) -> 0 | AA76: =IF(D76="","",_xlfn.XLOOKUP(A76,'10'!A:A,'10'!D:D,IF($U$6=0,0,"ERROR"))) -> 0 | AB76: =IF(G76="","",AA76*G76) -> 0 | AC76: =IF(D76="","",_xlfn.XLOOKUP(A76,'11'!A:A,'11'!D:D,IF($U$6=0,0,"ERROR"))) -> 0 | AD76: =IF(G76="","",AC76*G76) -> 0 | AE76: =IF(D76="","",_xlfn.XLOOKUP(A76,'12'!A:A,'12'!D:D,IF($U$6=0,0,"ERROR"))) -> 0 | AF76: =IF(G76="","",AE76*G76) -> 0 | AG76: =IF(D76="","",_xlfn.XLOOKUP(A76,'13'!A:A,'13'!D:D,IF($U$6=0,0,"ERROR"))) -> 0 | AH76: =IF(G76="","",AG76*G76) -> 0 | AI76: =IF(D76="","",_xlfn.XLOOKUP(A76,'14'!A:A,'14'!D:D,IF($U$6=0,0,"ERROR"))) -> 0 | AJ76: =IF(G76="","",AI76*G76) -> 0 | AM76: =IF(D76="","",Q76+O76+M76+K76+I76+S76+U76+W76+Y76+AA76+AC76+AE76+AG76+AI76) -> 0 | AN76: =IF(D76="","",R76+P76+N76+L76+J76+T76+V76+X76+Z76+AB76+AD76+AH76+AF76+AJ76) -> 0 | AO76: =IF(AN76="","",IF(AM76*G76=AN76,"הכל טוב","לא טוב")) -> הכל טוב
A77: 30.050.9010 | B77: פירוק צלונים/וילונות ונציאניים מסוגים שונים לשימוש חוזר, לרבות קונסטרוקצית תליה וכבלים | C77: מ"ר | D77: 48 | E77: =IF(D77="","",D77*0.15) -> 7.2 | F77: =IF(D77="","",D77*0.05) -> 2.4 | G77: =IF(D77="","",D77*1.05*0.85) -> 42.84 | J77: =IF(D77="","",I77*G77) -> 0 | L77: =IF(G77="","",K77*G77) -> 0 | M77: =IF(D77="","",_xlfn.XLOOKUP(A77,'3'!A:A,'3'!D:D,IF($M$6=0,0,"ERROR"))) -> 20.7958 | N77: =IF(G77="","",M77*G77) -> 890.89207 | O77: =IF(D77="","",_xlfn.XLOOKUP(A77,'4'!A:A,'4'!D:D,IF($O$6=0,0,"ERROR"))) -> 0 | P77: =IF(G77="","",O77*G77) -> 0 | Q77: =IF(D77="","",_xlfn.XLOOKUP(A77,'5'!A:A,'5'!D:D,IF($Q$6=0,0,"ERROR"))) -> 38.555 | R77: =IF(G77="","",Q77*G77) -> 1651.6962 | S77: =IF(D77="","",_xlfn.XLOOKUP(A77,'6'!A:A,'6'!D:D,IF($Q$6=0,0,"ERROR"))) -> 19.04 | T77: =IF(G77="","",S77*G77) -> 815.6736 | U77: =IF(D77="","",_xlfn.XLOOKUP(A77,'7'!A:A,'7'!D:D,IF($U$6=0,0,"ERROR"))) -> 19.448 | V77: =IF(G77="","",U77*G77) -> 833.15232 | W77: =IF(D77="","",_xlfn.XLOOKUP(A77,'8'!A:A,'8'!D:D,IF($U$6=0,0,"ERROR"))) -> 19.95 | X77: =IF(G77="","",W77*G77) -> 854.658 | Y77: =IF(D77="","",_xlfn.XLOOKUP(A77,'9'!A:A,'9'!D:D,IF($U$6=0,0,"ERROR"))) -> 17.01 | Z77: =IF(G77="","",Y77*G77) -> 728.7084 | AA77: =IF(D77="","",_xlfn.XLOOKUP(A77,'10'!A:A,'10'!D:D,IF($U$6=0,0,"ERROR"))) -> 9.1668 | AB77: =IF(G77="","",AA77*G77) -> 392.70571 | AC77: =IF(D77="","",_xlfn.XLOOKUP(A77,'11'!A:A,'11'!D:D,IF($U$6=0,0,"ERROR"))) -> 16.375 | AD77: =IF(G77="","",AC77*G77) -> 701.505 | AE77: =IF(D77="","",_xlfn.XLOOKUP(A77,'12'!A:A,'12'!D:D,IF($U$6=0,0,"ERROR"))) -> 4 | AF77: =IF(G77="","",AE77*G77) -> 171.36 | AG77: =IF(D77="","",_xlfn.XLOOKUP(A77,'13'!A:A,'13'!D:D,IF($U$6=0,0,"ERROR"))) -> 15.885 | AH77: =IF(G77="","",AG77*G77) -> 680.5134 | AI77: =IF(D77="","",_xlfn.XLOOKUP(A77,'14'!A:A,'14'!D:D,IF($U$6=0,0,"ERROR"))) -> 0 | AJ77: =IF(G77="","",AI77*G77) -> 0 | AM77: =IF(D77="","",Q77+O77+M77+K77+I77+S77+U77+W77+Y77+AA77+AC77+AE77+AG77+AI77) -> 180.2256 | AN77: =IF(D77="","",R77+P77+N77+L77+J77+T77+V77+X77+Z77+AB77+AD77+AH77+AF77+AJ77) -> 7720.8647 | AO77: =IF(AN77="","",IF(AM77*G77=AN77,"הכל טוב","לא טוב")) -> הכל טוב
A78: 30.050.0342 | B78: תוספת לוילון מסוג "דואט" תוצרת "אורגון" או ש"ע עבור מנוע חשמלי 220 וולט מדגם V16 RTS להפעלה באמצעות שלט (לא כולל שלט). מחיר המנוע כולל חיבור לנקודת חשמל קיימת. (נקודת החשמל נמדדת בנפרד) | C78: יח' | D78: 2079 | E78: =IF(D78="","",D78*0.15) -> 311.85 | F78: =IF(D78="","",D78*0.05) -> 103.95 | G78: =IF(D78="","",D78*1.05*0.85) -> 1855.5075 | J78: =IF(D78="","",I78*G78) -> 0 | L78: =IF(G78="","",K78*G78) -> 0 | AC78: 1 | AD78: =IF(G78="","",AC78*G78) -> 1855.5075 | AM78: =IF(D78="","",Q78+O78+M78+K78+I78+S78+U78+W78+Y78+AA78+AC78+AE78+AG78+AI78) -> 1 | AN78: =IF(D78="","",R78+P78+N78+L78+J78+T78+V78+X78+Z78+AB78+AD78+AH78+AF78+AJ78) -> 1855.5075
A79: 60 | B79: מחירי שעות עבודה ושכירת ציוד | E79: =IF(D79="","",D79*0.15) | F79: =IF(D79="","",D79*0.05) | G79: =IF(D79="","",D79*1.05*0.85) | J79: =IF(D79="","",I79*G79) | L79: =IF(G79="","",K79*G79) | M79: =IF(D79="","",_xlfn.XLOOKUP(A79,'3'!A:A,'3'!D:D,IF($M$6=0,0,"ERROR"))) | N79: =IF(G79="","",M79*G79) | O79: =IF(D79="","",_xlfn.XLOOKUP(A79,'4'!A:A,'4'!D:D,IF($O$6=0,0,"ERROR"))) | P79: =IF(G79="","",O79*G79) | Q79: =IF(D79="","",_xlfn.XLOOKUP(A79,'5'!A:A,'5'!D:D,IF($Q$6=0,0,"ERROR"))) | R79: =IF(G79="","",Q79*G79) | S79: =IF(D79="","",_xlfn.XLOOKUP(A79,'6'!A:A,'6'!D:D,IF($Q$6=0,0,"ERROR"))) | T79: =IF(G79="","",S79*G79) | U79: =IF(D79="","",_xlfn.XLOOKUP(A79,'7'!A:A,'7'!D:D,IF($U$6=0,0,"ERROR"))) | V79: =IF(G79="","",U79*G79) | W79: =IF(D79="","",_xlfn.XLOOKUP(A79,'8'!A:A,'8'!D:D,IF($U$6=0,0,"ERROR"))) | X79: =IF(G79="","",W79*G79) | Y79: =IF(D79="","",_xlfn.XLOOKUP(A79,'9'!A:A,'9'!D:D,IF($U$6=0,0,"ERROR"))) | Z79: =IF(G79="","",Y79*G79) | AA79: =IF(D79="","",_xlfn.XLOOKUP(A79,'10'!A:A,'10'!D:D,IF($U$6=0,0,"ERROR"))) | AB79: =IF(G79="","",AA79*G79) | AC79: =IF(D79="","",_xlfn.XLOOKUP(A79,'11'!A:A,'11'!D:D,IF($U$6=0,0,"ERROR"))) | AD79: =IF(G79="","",AC79*G79) | AE79: =IF(D79="","",_xlfn.XLOOKUP(A79,'12'!A:A,'12'!D:D,IF($U$6=0,0,"ERROR"))) | AF79: =IF(G79="","",AE79*G79) | AG79: =IF(D79="","",_xlfn.XLOOKUP(A79,'13'!A:A,'13'!D:D,IF($U$6=0,0,"ERROR"))) | AH79: =IF(G79="","",AG79*G79) | AI79: =IF(D79="","",_xlfn.XLOOKUP(A79,'14'!A:A,'14'!D:D,IF($U$6=0,0,"ERROR"))) | AJ79: =IF(G79="","",AI79*G79) | AM79: =IF(D79="","",Q79+O79+M79+K79+I79+S79+U79+W79+Y79+AA79+AC79+AE79+AG79+AI79) | AN79: =IF(D79="","",R79+P79+N79+L79+J79+T79+V79+X79+Z79+AB79+AD79+AH79+AF79+AJ79) | AO79: =IF(AN79="","",IF(AM79*G79=AN79,"הכל טוב","לא טוב"))
A80: 60.020 | B80: ש"ע פועלי בנין - מחירי קבלן משנה | E80: =IF(D80="","",D80*0.15) | F80: =IF(D80="","",D80*0.05) | G80: =IF(D80="","",D80*1.05*0.85) | J80: =IF(D80="","",I80*G80) | L80: =IF(G80="","",K80*G80) | M80: =IF(D80="","",_xlfn.XLOOKUP(A80,'3'!A:A,'3'!D:D,IF($M$6=0,0,"ERROR"))) | N80: =IF(G80="","",M80*G80) | O80: =IF(D80="","",_xlfn.XLOOKUP(A80,'4'!A:A,'4'!D:D,IF($O$6=0,0,"ERROR"))) | P80: =IF(G80="","",O80*G80) | Q80: =IF(D80="","",_xlfn.XLOOKUP(A80,'5'!A:A,'5'!D:D,IF($Q$6=0,0,"ERROR"))) | R80: =IF(G80="","",Q80*G80) | S80: =IF(D80="","",_xlfn.XLOOKUP(A80,'6'!A:A,'6'!D:D,IF($Q$6=0,0,"ERROR"))) | T80: =IF(G80="","",S80*G80) | U80: =IF(D80="","",_xlfn.XLOOKUP(A80,'7'!A:A,'7'!D:D,IF($U$6=0,0,"ERROR"))) | V80: =IF(G80="","",U80*G80) | W80: =IF(D80="","",_xlfn.XLOOKUP(A80,'8'!A:A,'8'!D:D,IF($U$6=0,0,"ERROR"))) | X80: =IF(G80="","",W80*G80) | Y80: =IF(D80="","",_xlfn.XLOOKUP(A80,'9'!A:A,'9'!D:D,IF($U$6=0,0,"ERROR"))) | Z80: =IF(G80="","",Y80*G80) | AA80: =IF(D80="","",_xlfn.XLOOKUP(A80,'10'!A:A,'10'!D:D,IF($U$6=0,0,"ERROR"))) | AB80: =IF(G80="","",AA80*G80) | AC80: =IF(D80="","",_xlfn.XLOOKUP(A80,'11'!A:A,'11'!D:D,IF($U$6=0,0,"ERROR"))) | AD80: =IF(G80="","",AC80*G80) | AE80: =IF(D80="","",_xlfn.XLOOKUP(A80,'12'!A:A,'12'!D:D,IF($U$6=0,0,"ERROR"))) | AF80: =IF(G80="","",AE80*G80) | AG80: =IF(D80="","",_xlfn.XLOOKUP(A80,'13'!A:A,'13'!D:D,IF($U$6=0,0,"ERROR"))) | AH80: =IF(G80="","",AG80*G80) | AI80: =IF(D80="","",_xlfn.XLOOKUP(A80,'14'!A:A,'14'!D:D,IF($U$6=0,0,"ERROR"))) | AJ80: =IF(G80="","",AI80*G80) | AM80: =IF(D80="","",Q80+O80+M80+K80+I80+S80+U80+W80+Y80+AA80+AC80+AE80+AG80+AI80) | AN80: =IF(D80="","",R80+P80+N80+L80+J80+T80+V80+X80+Z80+AB80+AD80+AH80+AF80+AJ80) | AO80: =IF(AN80="","",IF(AM80*G80=AN80,"הכל טוב","לא טוב"))
A81: 60.020.0090 | B81: חשמלאי מוסמך | C81: ש"ע | D81: 150 | E81: =IF(D81="","",D81*0.15) -> 22.5 | F81: =IF(D81="","",D81*0.05) -> 7.5 | G81: =IF(D81="","",D81*1.05*0.85) -> 133.875 | M81: =IF(D81="","",_xlfn.XLOOKUP(A81,'3'!A:A,'3'!D:D,IF($M$6=0,0,"ERROR"))) -> 2 | N81: =IF(G81="","",M81*G81) -> 267.75 | O81: =IF(D81="","",_xlfn.XLOOKUP(A81,'4'!A:A,'4'!D:D,IF($O$6=0,0,"ERROR"))) -> 0 | P81: =IF(G81="","",O81*G81) -> 0 | Q81: =IF(D81="","",_xlfn.XLOOKUP(A81,'5'!A:A,'5'!D:D,IF($Q$6=0,0,"ERROR"))) -> 2 | R81: =IF(G81="","",Q81*G81) -> 267.75 | S81: =IF(D81="","",_xlfn.XLOOKUP(A81,'6'!A:A,'6'!D:D,IF($Q$6=0,0,"ERROR"))) -> 2 | T81: =IF(G81="","",S81*G81) -> 267.75 | U81: =IF(D81="","",_xlfn.XLOOKUP(A81,'7'!A:A,'7'!D:D,IF($U$6=0,0,"ERROR"))) -> 2 | V81: =IF(G81="","",U81*G81) -> 267.75 | W81: =IF(D81="","",_xlfn.XLOOKUP(A81,'8'!A:A,'8'!D:D,IF($U$6=0,0,"ERROR"))) -> 2 | X81: =IF(G81="","",W81*G81) -> 267.75 | Y81: =IF(D81="","",_xlfn.XLOOKUP(A81,'9'!A:A,'9'!D:D,IF($U$6=0,0,"ERROR"))) -> 2 | Z81: =IF(G81="","",Y81*G81) -> 267.75 | AA81: =IF(D81="","",_xlfn.XLOOKUP(A81,'10'!A:A,'10'!D:D,IF($U$6=0,0,"ERROR"))) -> 2 | AB81: =IF(G81="","",AA81*G81) -> 267.75 | AC81: =IF(D81="","",_xlfn.XLOOKUP(A81,'11'!A:A,'11'!D:D,IF($U$6=0,0,"ERROR"))) -> 2 | AD81: =IF(G81="","",AC81*G81) -> 267.75 | AE81: =IF(D81="","",_xlfn.XLOOKUP(A81,'12'!A:A,'12'!D:D,IF($U$6=0,0,"ERROR"))) -> 2 | AF81: =IF(G81="","",AE81*G81) -> 267.75 | AG81: =IF(D81="","",_xlfn.XLOOKUP(A81,'13'!A:A,'13'!D:D,IF($U$6=0,0,"ERROR"))) -> 2 | AH81: =IF(G81="","",AG81*G81) -> 267.75 | AI81: =IF(D81="","",_xlfn.XLOOKUP(A81,'14'!A:A,'14'!D:D,IF($U$6=0,0,"ERROR"))) -> 0 | AJ81: =IF(G81="","",AI81*G81) -> 0 | AM81: =IF(D81="","",Q81+O81+M81+K81+I81+S81+U81+W81+Y81+AA81+AC81+AE81+AG81+AI81) -> 20 | AN81: =IF(D81="","",R81+P81+N81+L81+J81+T81+V81+X81+Z81+AB81+AD81+AH81+AF81+AJ81) -> 2677.5 | AO81: =IF(AN81="","",IF(AM81*G81=AN81,"הכל טוב","לא טוב")) -> הכל טוב
A82: 60.010.0010 | B82: פועל בנין מקצועי | C82: ש"ע | D82: 145 | E82: =IF(D82="","",D82*0.15) -> 21.75 | F82: =IF(D82="","",D82*0.05) -> 7.25 | G82: =IF(D82="","",D82*1.05*0.85) -> 129.4125 | J82: =IF(D82="","",I82*G82) -> 0 | L82: =IF(G82="","",K82*G82) -> 0 | M82: =IF(D82="","",_xlfn.XLOOKUP(A82,'3'!A:A,'3'!D:D,IF($M$6=0,0,"ERROR"))) -> 7 | N82: =IF(G82="","",M82*G82) -> 905.8875 | O82: =IF(D82="","",_xlfn.XLOOKUP(A82,'4'!A:A,'4'!D:D,IF($O$6=0,0,"ERROR"))) -> 2 | P82: =IF(G82="","",O82*G82) -> 258.825 | Q82: =IF(D82="","",_xlfn.XLOOKUP(A82,'5'!A:A,'5'!D:D,IF($Q$6=0,0,"ERROR"))) -> 9 | R82: =IF(G82="","",Q82*G82) -> 1164.7125 | S82: =IF(D82="","",_xlfn.XLOOKUP(A82,'6'!A:A,'6'!D:D,IF($Q$6=0,0,"ERROR"))) -> 8 | T82: =IF(G82="","",S82*G82) -> 1035.3 | U82: =IF(D82="","",_xlfn.XLOOKUP(A82,'7'!A:A,'7'!D:D,IF($U$6=0,0,"ERROR"))) -> 8 | V82: =IF(G82="","",U82*G82) -> 1035.3 | W82: =IF(D82="","",_xlfn.XLOOKUP(A82,'8'!A:A,'8'!D:D,IF($U$6=0,0,"ERROR"))) -> 8 | X82: =IF(G82="","",W82*G82) -> 1035.3 | Y82: =IF(D82="","",_xlfn.XLOOKUP(A82,'9'!A:A,'9'!D:D,IF($U$6=0,0,"ERROR"))) -> 7 | Z82: =IF(G82="","",Y82*G82) -> 905.8875 | AA82: =IF(D82="","",_xlfn.XLOOKUP(A82,'10'!A:A,'10'!D:D,IF($U$6=0,0,"ERROR"))) -> 5 | AB82: =IF(G82="","",AA82*G82) -> 647.0625 | AC82: =IF(D82="","",_xlfn.XLOOKUP(A82,'11'!A:A,'11'!D:D,IF($U$6=0,0,"ERROR"))) -> 5 | AD82: =IF(G82="","",AC82*G82) -> 647.0625 | AE82: =IF(D82="","",_xlfn.XLOOKUP(A82,'12'!A:A,'12'!D:D,IF($U$6=0,0,"ERROR"))) -> 2 | AF82: =IF(G82="","",AE82*G82) -> 258.825 | AG82: =IF(D82="","",_xlfn.XLOOKUP(A82,'13'!A:A,'13'!D:D,IF($U$6=0,0,"ERROR"))) -> 6 | AH82: =IF(G82="","",AG82*G82) -> 776.475 | AI82: =IF(D82="","",_xlfn.XLOOKUP(A82,'14'!A:A,'14'!D:D,IF($U$6=0,0,"ERROR"))) -> 0 | AJ82: =IF(G82="","",AI82*G82) -> 0 | AM82: =IF(D82="","",Q82+O82+M82+K82+I82+S82+U82+W82+Y82+AA82+AC82+AE82+AG82+AI82) -> 67 | AN82: =IF(D82="","",R82+P82+N82+L82+J82+T82+V82+X82+Z82+AB82+AD82+AH82+AF82+AJ82) -> 8670.6375 | AO82: =IF(AN82="","",IF(AM82*G82=AN82,"הכל טוב","לא טוב")) -> הכל טוב
A83: 60.010.0020 | B83: פועל בנין פשוט | C83: ש"ע | D83: 130 | E83: =IF(D83="","",D83*0.15) -> 19.5 | F83: =IF(D83="","",D83*0.05) -> 6.5 | G83: =IF(D83="","",D83*1.05*0.85) -> 116.025 | M83: =IF(D83="","",_xlfn.XLOOKUP(A83,'3'!A:A,'3'!D:D,IF($M$6=0,0,"ERROR"))) -> 3 | N83: =IF(G83="","",M83*G83) -> 348.075 | O83: =IF(D83="","",_xlfn.XLOOKUP(A83,'4'!A:A,'4'!D:D,IF($O$6=0,0,"ERROR"))) -> 0 | P83: =IF(G83="","",O83*G83) -> 0 | Q83: =IF(D83="","",_xlfn.XLOOKUP(A83,'5'!A:A,'5'!D:D,IF($Q$6=0,0,"ERROR"))) -> 3 | R83: =IF(G83="","",Q83*G83) -> 348.075 | S83: =IF(D83="","",_xlfn.XLOOKUP(A83,'6'!A:A,'6'!D:D,IF($Q$6=0,0,"ERROR"))) -> 3 | T83: =IF(G83="","",S83*G83) -> 348.075 | U83: =IF(D83="","",_xlfn.XLOOKUP(A83,'7'!A:A,'7'!D:D,IF($U$6=0,0,"ERROR"))) -> 3 | V83: =IF(G83="","",U83*G83) -> 348.075 | W83: =IF(D83="","",_xlfn.XLOOKUP(A83,'8'!A:A,'8'!D:D,IF($U$6=0,0,"ERROR"))) -> 3 | X83: =IF(G83="","",W83*G83) -> 348.075 | Y83: =IF(D83="","",_xlfn.XLOOKUP(A83,'9'!A:A,'9'!D:D,IF($U$6=0,0,"ERROR"))) -> 3 | Z83: =IF(G83="","",Y83*G83) -> 348.075 | AA83: =IF(D83="","",_xlfn.XLOOKUP(A83,'10'!A:A,'10'!D:D,IF($U$6=0,0,"ERROR"))) -> 3 | AB83: =IF(G83="","",AA83*G83) -> 348.075 | AC83: =IF(D83="","",_xlfn.XLOOKUP(A83,'11'!A:A,'11'!D:D,IF($U$6=0,0,"ERROR"))) -> 3 | AD83: =IF(G83="","",AC83*G83) -> 348.075 | AE83: =IF(D83="","",_xlfn.XLOOKUP(A83,'12'!A:A,'12'!D:D,IF($U$6=0,0,"ERROR"))) -> 3 | AF83: =IF(G83="","",AE83*G83) -> 348.075 | AG83: =IF(D83="","",_xlfn.XLOOKUP(A83,'13'!A:A,'13'!D:D,IF($U$6=0,0,"ERROR"))) -> 3 | AH83: =IF(G83="","",AG83*G83) -> 348.075 | AI83: =IF(D83="","",_xlfn.XLOOKUP(A83,'14'!A:A,'14'!D:D,IF($U$6=0,0,"ERROR"))) -> 0 | AJ83: =IF(G83="","",AI83*G83) -> 0 | AM83: =IF(D83="","",Q83+O83+M83+K83+I83+S83+U83+W83+Y83+AA83+AC83+AE83+AG83+AI83) -> 30 | AN83: =IF(D83="","",R83+P83+N83+L83+J83+T83+V83+X83+Z83+AB83+AD83+AH83+AF83+AJ83) -> 3480.75 | AO83: =IF(AN83="","",IF(AM83*G83=AN83,"הכל טוב","לא טוב")) -> הכל טוב
A84: 60.020.0067 | B84: צוות לעב' אלומיניום - 2 פועלים (מרכיב מקצועי ועוזר) - לרבות ציוד ורכב/טנדר למרחק עד 70 ק"מ. הסעיף הינו עבור קריאה מיוחדת, לאחר סיום העבודה או באישור מיוחד של המפקח, ובתנאי שלא ניתן לתמחר את העבודה לפי סעיפים אחרים והיא אינה כלולה כחלק מחובת תיקון הליקויים של הקבלן. מחיר ליום עבודה לפי 8 ש"ע, בשעות רגילות | C84: י"ע | D84: 3200 | E84: =IF(D84="","",D84*0.15) -> 480 | F84: =IF(D84="","",D84*0.05) -> 160 | G84: =IF(D84="","",D84*1.05*0.85) -> 2856 | J84: =IF(D84="","",I84*G84) -> 0 | K84: 0 | L84: =IF(G84="","",K84*G84) -> 0 | M84: =IF(D84="","",_xlfn.XLOOKUP(A84,'3'!A:A,'3'!D:D,IF($M$6=0,0,"ERROR"))) -> 0 | N84: =IF(G84="","",M84*G84) -> 0 | O84: =IF(D84="","",_xlfn.XLOOKUP(A84,'4'!A:A,'4'!D:D,IF($O$6=0,0,"ERROR"))) -> 0 | P84: =IF(G84="","",O84*G84) -> 0 | Q84: =IF(D84="","",_xlfn.XLOOKUP(A84,'5'!A:A,'5'!D:D,IF($Q$6=0,0,"ERROR"))) -> 0 | R84: =IF(G84="","",Q84*G84) -> 0 | S84: =IF(D84="","",_xlfn.XLOOKUP(A84,'6'!A:A,'6'!D:D,IF($Q$6=0,0,"ERROR"))) -> 0 | T84: =IF(G84="","",S84*G84) -> 0 | U84: =IF(D84="","",_xlfn.XLOOKUP(A84,'7'!A:A,'7'!D:D,IF($U$6=0,0,"ERROR"))) -> 0 | V84: =IF(G84="","",U84*G84) -> 0 | W84: =IF(D84="","",_xlfn.XLOOKUP(A84,'8'!A:A,'8'!D:D,IF($U$6=0,0,"ERROR"))) -> 0 | X84: =IF(G84="","",W84*G84) -> 0 | Y84: =IF(D84="","",_xlfn.XLOOKUP(A84,'9'!A:A,'9'!D:D,IF($U$6=0,0,"ERROR"))) -> 0 | Z84: =IF(G84="","",Y84*G84) -> 0 | AA84: =IF(D84="","",_xlfn.XLOOKUP(A84,'10'!A:A,'10'!D:D,IF($U$6=0,0,"ERROR"))) -> 0 | AB84: =IF(G84="","",AA84*G84) -> 0 | AC84: =IF(D84="","",_xlfn.XLOOKUP(A84,'11'!A:A,'11'!D:D,IF($U$6=0,0,"ERROR"))) -> 0 | AD84: =IF(G84="","",AC84*G84) -> 0 | AE84: =IF(D84="","",_xlfn.XLOOKUP(A84,'12'!A:A,'12'!D:D,IF($U$6=0,0,"ERROR"))) -> 0 | AF84: =IF(G84="","",AE84*G84) -> 0 | AG84: =IF(D84="","",_xlfn.XLOOKUP(A84,'13'!A:A,'13'!D:D,IF($U$6=0,0,"ERROR"))) -> 0 | AH84: =IF(G84="","",AG84*G84) -> 0 | AI84: =IF(D84="","",_xlfn.XLOOKUP(A84,'14'!A:A,'14'!D:D,IF($U$6=0,0,"ERROR"))) -> 0 | AJ84: =IF(G84="","",AI84*G84) -> 0 | AM84: =IF(D84="","",Q84+O84+M84+K84+I84+S84+U84+W84+Y84+AA84+AC84+AE84+AG84+AI84) -> 0 | AN84: =IF(D84="","",R84+P84+N84+L84+J84+T84+V84+X84+Z84+AB84+AD84+AH84+AF84+AJ84) -> 0 | AO84: =IF(AN84="","",IF(AM84*G84=AN84,"הכל טוב","לא טוב")) -> הכל טוב
A85: 60.030 | B85: ש"ע לשכירת ציוד מכני הנדסי, רכב משא ומיכליות מים | E85: =IF(D85="","",D85*0.15) | F85: =IF(D85="","",D85*0.05) | G85: =IF(D85="","",D85*1.05*0.85) | J85: =IF(D85="","",I85*G85) | L85: =IF(G85="","",K85*G85) | M85: =IF(D85="","",_xlfn.XLOOKUP(A85,'3'!A:A,'3'!D:D,IF($M$6=0,0,"ERROR"))) | N85: =IF(G85="","",M85*G85) | O85: =IF(D85="","",_xlfn.XLOOKUP(A85,'4'!A:A,'4'!D:D,IF($O$6=0,0,"ERROR"))) | P85: =IF(G85="","",O85*G85) | Q85: =IF(D85="","",_xlfn.XLOOKUP(A85,'5'!A:A,'5'!D:D,IF($Q$6=0,0,"ERROR"))) | R85: =IF(G85="","",Q85*G85) | S85: =IF(D85="","",_xlfn.XLOOKUP(A85,'6'!A:A,'6'!D:D,IF($Q$6=0,0,"ERROR"))) | T85: =IF(G85="","",S85*G85) | U85: =IF(D85="","",_xlfn.XLOOKUP(A85,'7'!A:A,'7'!D:D,IF($U$6=0,0,"ERROR"))) | V85: =IF(G85="","",U85*G85) | W85: =IF(D85="","",_xlfn.XLOOKUP(A85,'8'!A:A,'8'!D:D,IF($U$6=0,0,"ERROR"))) | X85: =IF(G85="","",W85*G85) | Y85: =IF(D85="","",_xlfn.XLOOKUP(A85,'9'!A:A,'9'!D:D,IF($U$6=0,0,"ERROR"))) | Z85: =IF(G85="","",Y85*G85) | AA85: =IF(D85="","",_xlfn.XLOOKUP(A85,'10'!A:A,'10'!D:D,IF($U$6=0,0,"ERROR"))) | AB85: =IF(G85="","",AA85*G85) | AC85: =IF(D85="","",_xlfn.XLOOKUP(A85,'11'!A:A,'11'!D:D,IF($U$6=0,0,"ERROR"))) | AD85: =IF(G85="","",AC85*G85) | AE85: =IF(D85="","",_xlfn.XLOOKUP(A85,'12'!A:A,'12'!D:D,IF($U$6=0,0,"ERROR"))) | AF85: =IF(G85="","",AE85*G85) | AG85: =IF(D85="","",_xlfn.XLOOKUP(A85,'13'!A:A,'13'!D:D,IF($U$6=0,0,"ERROR"))) | AH85: =IF(G85="","",AG85*G85) | AI85: =IF(D85="","",_xlfn.XLOOKUP(A85,'14'!A:A,'14'!D:D,IF($U$6=0,0,"ERROR"))) | AJ85: =IF(G85="","",AI85*G85) | AM85: =IF(D85="","",Q85+O85+M85+K85+I85+S85+U85+W85+Y85+AA85+AC85+AE85+AG85+AI85) | AN85: =IF(D85="","",R85+P85+N85+L85+J85+T85+V85+X85+Z85+AB85+AD85+AH85+AF85+AJ85) | AO85: =IF(AN85="","",IF(AM85*G85=AN85,"הכל טוב","לא טוב"))
A86: 60.030.0605 | B86: משאית מנוף 23-30 טון, אורך זרוע 15-20 מ' (כושר הרמה לפי מפרט היצרן). המחיר הינו לשעתיים עבודה | C86: יח' | D86: 1460 | E86: =IF(D86="","",D86*0.15) -> 219 | F86: =IF(D86="","",D86*0.05) -> 73 | G86: =IF(D86="","",D86*1.05*0.85) -> 1303.05 | J86: =IF(D86="","",I86*G86) -> 0 | L86: =IF(G86="","",K86*G86) -> 0 | M86: =IF(D86="","",_xlfn.XLOOKUP(A86,'3'!A:A,'3'!D:D,IF($M$6=0,0,"ERROR"))) -> 0 | N86: =IF(G86="","",M86*G86) -> 0 | O86: =IF(D86="","",_xlfn.XLOOKUP(A86,'4'!A:A,'4'!D:D,IF($O$6=0,0,"ERROR"))) -> 0 | P86: =IF(G86="","",O86*G86) -> 0 | Q86: =IF(D86="","",_xlfn.XLOOKUP(A86,'5'!A:A,'5'!D:D,IF($Q$6=0,0,"ERROR"))) -> 2 | R86: =IF(G86="","",Q86*G86) -> 2606.1 | S86: =IF(D86="","",_xlfn.XLOOKUP(A86,'6'!A:A,'6'!D:D,IF($Q$6=0,0,"ERROR"))) -> 0 | T86: =IF(G86="","",S86*G86) -> 0 | U86: =IF(D86="","",_xlfn.XLOOKUP(A86,'7'!A:A,'7'!D:D,IF($U$6=0,0,"ERROR"))) -> 0 | V86: =IF(G86="","",U86*G86) -> 0 | W86: =IF(D86="","",_xlfn.XLOOKUP(A86,'8'!A:A,'8'!D:D,IF($U$6=0,0,"ERROR"))) -> 0 | X86: =IF(G86="","",W86*G86) -> 0 | Y86: =IF(D86="","",_xlfn.XLOOKUP(A86,'9'!A:A,'9'!D:D,IF($U$6=0,0,"ERROR"))) -> 0 | Z86: =IF(G86="","",Y86*G86) -> 0 | AA86: =IF(D86="","",_xlfn.XLOOKUP(A86,'10'!A:A,'10'!D:D,IF($U$6=0,0,"ERROR"))) -> 1 | AB86: =IF(G86="","",AA86*G86) -> 1303.05 | AC86: =IF(D86="","",_xlfn.XLOOKUP(A86,'11'!A:A,'11'!D:D,IF($U$6=0,0,"ERROR"))) -> 1 | AD86: =IF(G86="","",AC86*G86) -> 1303.05 | AE86: =IF(D86="","",_xlfn.XLOOKUP(A86,'12'!A:A,'12'!D:D,IF($U$6=0,0,"ERROR"))) -> 0 | AF86: =IF(G86="","",AE86*G86) -> 0 | AG86: =IF(D86="","",_xlfn.XLOOKUP(A86,'13'!A:A,'13'!D:D,IF($U$6=0,0,"ERROR"))) -> 0 | AH86: =IF(G86="","",AG86*G86) -> 0 | AI86: =IF(D86="","",_xlfn.XLOOKUP(A86,'14'!A:A,'14'!D:D,IF($U$6=0,0,"ERROR"))) -> 0 | AJ86: =IF(G86="","",AI86*G86) -> 0 | AM86: =IF(D86="","",Q86+O86+M86+K86+I86+S86+U86+W86+Y86+AA86+AC86+AE86+AG86+AI86) -> 4 | AN86: =IF(D86="","",R86+P86+N86+L86+J86+T86+V86+X86+Z86+AB86+AD86+AH86+AF86+AJ86) -> 5212.2 | AO86: =IF(AN86="","",IF(AM86*G86=AN86,"הכל טוב","לא טוב")) -> הכל טוב
A87: 60.030.0634 | B87: משאית מנוף 55-70 טון, אורך זרוע 30-35 מ' (כושר הרמה לפי מפרט היצרן). המחיר הינו לשעתיים עבודה | C87: יח' | D87: 1810 | E87: =IF(D87="","",D87*0.15) -> 271.5 | F87: =IF(D87="","",D87*0.05) -> 90.5 | G87: =IF(D87="","",D87*1.05*0.85) -> 1615.425 | J87: =IF(D87="","",I87*G87) -> 0 | L87: =IF(G87="","",K87*G87) -> 0 | M87: =IF(D87="","",_xlfn.XLOOKUP(A87,'3'!A:A,'3'!D:D,IF($M$6=0,0,"ERROR"))) -> 2 | N87: =IF(G87="","",M87*G87) -> 3230.85 | O87: =IF(D87="","",_xlfn.XLOOKUP(A87,'4'!A:A,'4'!D:D,IF($O$6=0,0,"ERROR"))) -> 0 | P87: =IF(G87="","",O87*G87) -> 0 | Q87: =IF(D87="","",_xlfn.XLOOKUP(A87,'5'!A:A,'5'!D:D,IF($Q$6=0,0,"ERROR"))) -> 0 | R87: =IF(G87="","",Q87*G87) -> 0 | S87: =IF(D87="","",_xlfn.XLOOKUP(A87,'6'!A:A,'6'!D:D,IF($Q$6=0,0,"ERROR"))) -> 0 | T87: =IF(G87="","",S87*G87) -> 0 | U87: =IF(D87="","",_xlfn.XLOOKUP(A87,'7'!A:A,'7'!D:D,IF($U$6=0,0,"ERROR"))) -> 2 | V87: =IF(G87="","",U87*G87) -> 3230.85 | W87: =IF(D87="","",_xlfn.XLOOKUP(A87,'8'!A:A,'8'!D:D,IF($U$6=0,0,"ERROR"))) -> 2 | X87: =IF(G87="","",W87*G87) -> 3230.85 | Y87: =IF(D87="","",_xlfn.XLOOKUP(A87,'9'!A:A,'9'!D:D,IF($U$6=0,0,"ERROR"))) -> 2 | Z87: =IF(G87="","",Y87*G87) -> 3230.85 | AA87: =IF(D87="","",_xlfn.XLOOKUP(A87,'10'!A:A,'10'!D:D,IF($U$6=0,0,"ERROR"))) -> 0 | AB87: =IF(G87="","",AA87*G87) -> 0 | AC87: =IF(D87="","",_xlfn.XLOOKUP(A87,'11'!A:A,'11'!D:D,IF($U$6=0,0,"ERROR"))) -> 0 | AD87: =IF(G87="","",AC87*G87) -> 0 | AE87: =IF(D87="","",_xlfn.XLOOKUP(A87,'12'!A:A,'12'!D:D,IF($U$6=0,0,"ERROR"))) -> 1 | AF87: =IF(G87="","",AE87*G87) -> 1615.425 | AG87: =IF(D87="","",_xlfn.XLOOKUP(A87,'13'!A:A,'13'!D:D,IF($U$6=0,0,"ERROR"))) -> 2 | AH87: =IF(G87="","",AG87*G87) -> 3230.85 | AI87: =IF(D87="","",_xlfn.XLOOKUP(A87,'14'!A:A,'14'!D:D,IF($U$6=0,0,"ERROR"))) -> 0 | AJ87: =IF(G87="","",AI87*G87) -> 0 | AM87: =IF(D87="","",Q87+O87+M87+K87+I87+S87+U87+W87+Y87+AA87+AC87+AE87+AG87+AI87) -> 11 | AN87: =IF(D87="","",R87+P87+N87+L87+J87+T87+V87+X87+Z87+AB87+AD87+AH87+AF87+AJ87) -> 17769.675 | AO87: =IF(AN87="","",IF(AM87*G87=AN87,"הכל טוב","לא טוב")) -> הכל טוב
A88: 60.030.0644 | B88: משאית מנוף 95-100 טון, אורך זרוע 35-40 מ' (כושר הרמה לפי מפרט היצרן). המחיר הינו לשעתיים עבודה | C88: יח' | D88: 2200 | E88: =IF(D88="","",D88*0.15) -> 330 | F88: =IF(D88="","",D88*0.05) -> 110 | G88: =IF(D88="","",D88*1.05*0.85) -> 1963.5 | J88: =IF(D88="","",I88*G88) -> 0 | L88: =IF(G88="","",K88*G88) -> 0 | M88: =IF(D88="","",_xlfn.XLOOKUP(A88,'3'!A:A,'3'!D:D,IF($M$6=0,0,"ERROR"))) -> 0 | S88: =IF(D88="","",_xlfn.XLOOKUP(A88,'6'!A:A,'6'!D:D,IF($Q$6=0,0,"ERROR"))) -> 1 | T88: =IF(G88="","",S88*G88) -> 1963.5 | AA88: =IF(D88="","",_xlfn.XLOOKUP(A88,'10'!A:A,'10'!D:D,IF($U$6=0,0,"ERROR"))) -> 0 | AB88: =IF(G88="","",AA88*G88) -> 0 | AE88: =IF(D88="","",_xlfn.XLOOKUP(A88,'12'!A:A,'12'!D:D,IF($U$6=0,0,"ERROR"))) -> 0 | AF88: =IF(G88="","",AE88*G88) -> 0 | AG88: =IF(D88="","",_xlfn.XLOOKUP(A88,'13'!A:A,'13'!D:D,IF($U$6=0,0,"ERROR"))) -> 0 | AH88: =IF(G88="","",AG88*G88) -> 0 | AI88: 0 | AJ88: =IF(G88="","",AI88*G88) -> 0 | AM88: =IF(D88="","",Q88+O88+M88+K88+I88+S88+U88+W88+Y88+AA88+AC88+AE88+AG88+AI88) -> 1 | AN88: =IF(D88="","",R88+P88+N88+L88+J88+T88+V88+X88+Z88+AB88+AD88+AH88+AF88+AJ88) -> 1963.5
A89: 85 | B89: חומרי איטום ובידוד תרמי | E89: =IF(D89="","",D89*0.15) | F89: =IF(D89="","",D89*0.05) | G89: =IF(D89="","",D89*1.05*0.85) | J89: =IF(D89="","",I89*G89) | L89: =IF(G89="","",K89*G89) | M89: =IF(D89="","",_xlfn.XLOOKUP(A89,'3'!A:A,'3'!D:D,IF($M$6=0,0,"ERROR"))) | N89: =IF(G89="","",M89*G89) | O89: =IF(D89="","",_xlfn.XLOOKUP(A89,'4'!A:A,'4'!D:D,IF($O$6=0,0,"ERROR"))) | P89: =IF(G89="","",O89*G89) | Q89: =IF(D89="","",_xlfn.XLOOKUP(A89,'5'!A:A,'5'!D:D,IF($Q$6=0,0,"ERROR"))) | R89: =IF(G89="","",Q89*G89) | S89: =IF(D89="","",_xlfn.XLOOKUP(A89,'6'!A:A,'6'!D:D,IF($Q$6=0,0,"ERROR"))) | T89: =IF(G89="","",S89*G89) | U89: =IF(D89="","",_xlfn.XLOOKUP(A89,'7'!A:A,'7'!D:D,IF($U$6=0,0,"ERROR"))) | V89: =IF(G89="","",U89*G89) | W89: =IF(D89="","",_xlfn.XLOOKUP(A89,'8'!A:A,'8'!D:D,IF($U$6=0,0,"ERROR"))) | X89: =IF(G89="","",W89*G89) | Y89: =IF(D89="","",_xlfn.XLOOKUP(A89,'9'!A:A,'9'!D:D,IF($U$6=0,0,"ERROR"))) | Z89: =IF(G89="","",Y89*G89) | AA89: =IF(D89="","",_xlfn.XLOOKUP(A89,'10'!A:A,'10'!D:D,IF($U$6=0,0,"ERROR"))) | AB89: =IF(G89="","",AA89*G89) | AC89: =IF(D89="","",_xlfn.XLOOKUP(A89,'11'!A:A,'11'!D:D,IF($U$6=0,0,"ERROR"))) | AD89: =IF(G89="","",AC89*G89) | AE89: =IF(D89="","",_xlfn.XLOOKUP(A89,'12'!A:A,'12'!D:D,IF($U$6=0,0,"ERROR"))) | AF89: =IF(G89="","",AE89*G89) | AG89: =IF(D89="","",_xlfn.XLOOKUP(A89,'13'!A:A,'13'!D:D,IF($U$6=0,0,"ERROR"))) | AH89: =IF(G89="","",AG89*G89) | AI89: =IF(D89="","",_xlfn.XLOOKUP(A89,'14'!A:A,'14'!D:D,IF($U$6=0,0,"ERROR"))) | AJ89: =IF(G89="","",AI89*G89) | AM89: =IF(D89="","",Q89+O89+M89+K89+I89+S89+U89+W89+Y89+AA89+AC89+AE89+AG89+AI89) | AN89: =IF(D89="","",R89+P89+N89+L89+J89+T89+V89+X89+Z89+AB89+AD89+AH89+AF89+AJ89) | AO89: =IF(AN89="","",IF(AM89*G89=AN89,"הכל טוב","לא טוב"))
A90: 85.095 | B90: חומרים לבידוד תרמי ואקוסטי | E90: =IF(D90="","",D90*0.15) | F90: =IF(D90="","",D90*0.05) | G90: =IF(D90="","",D90*1.05*0.85) | J90: =IF(D90="","",I90*G90) | L90: =IF(G90="","",K90*G90) | M90: =IF(D90="","",_xlfn.XLOOKUP(A90,'3'!A:A,'3'!D:D,IF($M$6=0,0,"ERROR"))) | N90: =IF(G90="","",M90*G90) | O90: =IF(D90="","",_xlfn.XLOOKUP(A90,'4'!A:A,'4'!D:D,IF($O$6=0,0,"ERROR"))) | P90: =IF(G90="","",O90*G90) | Q90: =IF(D90="","",_xlfn.XLOOKUP(A90,'5'!A:A,'5'!D:D,IF($Q$6=0,0,"ERROR"))) | R90: =IF(G90="","",Q90*G90) | S90: =IF(D90="","",_xlfn.XLOOKUP(A90,'6'!A:A,'6'!D:D,IF($Q$6=0,0,"ERROR"))) | T90: =IF(G90="","",S90*G90) | U90: =IF(D90="","",_xlfn.XLOOKUP(A90,'7'!A:A,'7'!D:D,IF($U$6=0,0,"ERROR"))) | V90: =IF(G90="","",U90*G90) | W90: =IF(D90="","",_xlfn.XLOOKUP(A90,'8'!A:A,'8'!D:D,IF($U$6=0,0,"ERROR"))) | X90: =IF(G90="","",W90*G90) | Y90: =IF(D90="","",_xlfn.XLOOKUP(A90,'9'!A:A,'9'!D:D,IF($U$6=0,0,"ERROR"))) | Z90: =IF(G90="","",Y90*G90) | AA90: =IF(D90="","",_xlfn.XLOOKUP(A90,'10'!A:A,'10'!D:D,IF($U$6=0,0,"ERROR"))) | AB90: =IF(G90="","",AA90*G90) | AC90: =IF(D90="","",_xlfn.XLOOKUP(A90,'11'!A:A,'11'!D:D,IF($U$6=0,0,"ERROR"))) | AD90: =IF(G90="","",AC90*G90) | AE90: =IF(D90="","",_xlfn.XLOOKUP(A90,'12'!A:A,'12'!D:D,IF($U$6=0,0,"ERROR"))) | AF90: =IF(G90="","",AE90*G90) | AG90: =IF(D90="","",_xlfn.XLOOKUP(A90,'13'!A:A,'13'!D:D,IF($U$6=0,0,"ERROR"))) | AH90: =IF(G90="","",AG90*G90) | AI90: =IF(D90="","",_xlfn.XLOOKUP(A90,'14'!A:A,'14'!D:D,IF($U$6=0,0,"ERROR"))) | AJ90: =IF(G90="","",AI90*G90) | AM90: =IF(D90="","",Q90+O90+M90+K90+I90+S90+U90+W90+Y90+AA90+AC90+AE90+AG90+AI90) | AN90: =IF(D90="","",R90+P90+N90+L90+J90+T90+V90+X90+Z90+AB90+AD90+AH90+AF90+AJ90) | AO90: =IF(AN90="","",IF(AM90*G90=AN90,"הכל טוב","לא טוב"))
A91: 85.095.0950 | B91: חומר בלבד: "דבטק" טקסאונד SY50 - יריעה פולימרית סינטטית לבידוד אקוסטי בעובי 2.5 מ"מ (מזרון דק), לא דליק, לקירות בבניין ותעשייה, משקל 5 ק"ג למ"ר - אריזת גליל 7.32 מ"ר, ברוחב 1.22 ובאורך 6.05 (המחיר ביח' לגליל) | C91: מ"ר | D91: 129.78142 | E91: =IF(D91="","",D91*0.15) -> 19.467213 | F91: =IF(D91="","",D91*0.05) -> 6.489071 | G91: =IF(D91="","",D91*1.05*0.85) -> 115.82992 | J91: =IF(D91="","",I91*G91) -> 0 | L91: =IF(G91="","",K91*G91) -> 0 | M91: =IF(D91="","",_xlfn.XLOOKUP(A91,'3'!A:A,'3'!D:D,IF($M$6=0,0,"ERROR"))) -> 8.48 | N91: =IF(G91="","",M91*G91) -> 982.2377 | O91: =IF(D91="","",_xlfn.XLOOKUP(A91,'4'!A:A,'4'!D:D,IF($O$6=0,0,"ERROR"))) -> 0.426 | P91: =IF(G91="","",O91*G91) -> 49.343545 | Q91: =IF(D91="","",_xlfn.XLOOKUP(A91,'5'!A:A,'5'!D:D,IF($Q$6=0,0,"ERROR"))) -> 12.05 | R91: =IF(G91="","",Q91*G91) -> 1395.7505 | S91: =IF(D91="","",_xlfn.XLOOKUP(A91,'6'!A:A,'6'!D:D,IF($Q$6=0,0,"ERROR"))) -> 5.46 | T91: =IF(G91="","",S91*G91) -> 632.43135 | U91: =IF(D91="","",_xlfn.XLOOKUP(A91,'7'!A:A,'7'!D:D,IF($U$6=0,0,"ERROR"))) -> 4.47 | V91: =IF(G91="","",U91*G91) -> 517.75973 | W91: =IF(D91="","",_xlfn.XLOOKUP(A91,'8'!A:A,'8'!D:D,IF($U$6=0,0,"ERROR"))) -> 8.24 | X91: =IF(G91="","",W91*G91) -> 954.43852 | Y91: =IF(D91="","",_xlfn.XLOOKUP(A91,'9'!A:A,'9'!D:D,IF($U$6=0,0,"ERROR"))) -> 7.25 | Z91: =IF(G91="","",Y91*G91) -> 839.76691 | AA91: =IF(D91="","",_xlfn.XLOOKUP(A91,'10'!A:A,'10'!D:D,IF($U$6=0,0,"ERROR"))) -> 4.61 | AB91: =IF(G91="","",AA91*G91) -> 533.97592 | AC91: =IF(D91="","",_xlfn.XLOOKUP(A91,'11'!A:A,'11'!D:D,IF($U$6=0,0,"ERROR"))) -> 6.07 | AD91: =IF(G91="","",AC91*G91) -> 703.0876 | AE91: =IF(D91="","",_xlfn.XLOOKUP(A91,'12'!A:A,'12'!D:D,IF($U$6=0,0,"ERROR"))) -> 1.75 | AF91: =IF(G91="","",AE91*G91) -> 202.70236 | AG91: =IF(D91="","",_xlfn.XLOOKUP(A91,'13'!A:A,'13'!D:D,IF($U$6=0,0,"ERROR"))) -> 6.44 | AH91: =IF(G91="","",AG91*G91) -> 745.94467 | AI91: =IF(D91="","",_xlfn.XLOOKUP(A91,'14'!A:A,'14'!D:D,IF($U$6=0,0,"ERROR"))) -> 3.057 | AJ91: =IF(G91="","",AI91*G91) -> 354.09206 | AM91: =IF(D91="","",Q91+O91+M91+K91+I91+S91+U91+W91+Y91+AA91+AC91+AE91+AG91+AI91) -> 68.303 | AN91: =IF(D91="","",R91+P91+N91+L91+J91+T91+V91+X91+Z91+AB91+AD91+AH91+AF91+AJ91) -> 7911.5309 | AO91: =IF(AN91="","",IF(AM91*G91=AN91,"הכל טוב","לא טוב")) -> הכל טוב
A92: 12.99.0001 | B92: תוספת ידיות מיוחדות ומנגנון נעילה מיוחד לויטרינות | C92: יח' | D92: 2375.3501 | E92: =IF(D92="","",D92*0.15) -> 356.30252 | F92: =IF(D92="","",D92*0.05) -> 118.76751 | G92: =IF(D92="","",D92*1.05*0.85) -> 2120 | J92: =IF(D92="","",I92*G92) -> 0 | L92: =IF(G92="","",K92*G92) -> 0 | M92: =IF(D92="","",_xlfn.XLOOKUP(A92,'3'!A:A,'3'!D:D,IF($M$6=0,0,"ERROR"))) -> 1 | N92: =IF(G92="","",M92*G92) -> 2120 | O92: =IF(D92="","",_xlfn.XLOOKUP(A92,'4'!A:A,'4'!D:D,IF($O$6=0,0,"ERROR"))) -> 0 | P92: =IF(G92="","",O92*G92) -> 0 | Q92: =IF(D92="","",_xlfn.XLOOKUP(A92,'5'!A:A,'5'!D:D,IF($Q$6=0,0,"ERROR"))) -> 1 | R92: =IF(G92="","",Q92*G92) -> 2120 | S92: =IF(D92="","",_xlfn.XLOOKUP(A92,'6'!A:A,'6'!D:D,IF($Q$6=0,0,"ERROR"))) -> 1 | T92: =IF(G92="","",S92*G92) -> 2120 | U92: =IF(D92="","",_xlfn.XLOOKUP(A92,'7'!A:A,'7'!D:D,IF($U$6=0,0,"ERROR"))) -> 0 | V92: =IF(G92="","",U92*G92) -> 0 | W92: =IF(D92="","",_xlfn.XLOOKUP(A92,'8'!A:A,'8'!D:D,IF($U$6=0,0,"ERROR"))) -> 0 | X92: =IF(G92="","",W92*G92) -> 0 | Y92: =IF(D92="","",_xlfn.XLOOKUP(A92,'9'!A:A,'9'!D:D,IF($U$6=0,0,"ERROR"))) -> 0 | Z92: =IF(G92="","",Y92*G92) -> 0 | AA92: =IF(D92="","",_xlfn.XLOOKUP(A92,'10'!A:A,'10'!D:D,IF($U$6=0,0,"ERROR"))) -> 0 | AB92: =IF(G92="","",AA92*G92) -> 0 | AC92: =IF(D92="","",_xlfn.XLOOKUP(A92,'11'!A:A,'11'!D:D,IF($U$6=0,0,"ERROR"))) -> 0 | AD92: =IF(G92="","",AC92*G92) -> 0 | AE92: =IF(D92="","",_xlfn.XLOOKUP(A92,'12'!A:A,'12'!D:D,IF($U$6=0,0,"ERROR"))) -> 0 | AF92: =IF(G92="","",AE92*G92) -> 0 | AG92: =IF(D92="","",_xlfn.XLOOKUP(A92,'13'!A:A,'13'!D:D,IF($U$6=0,0,"ERROR"))) -> 0 | AH92: =IF(G92="","",AG92*G92) -> 0 | AI92: =IF(D92="","",_xlfn.XLOOKUP(A92,'14'!A:A,'14'!D:D,IF($U$6=0,0,"ERROR"))) -> 0 | AJ92: =IF(G92="","",AI92*G92) -> 0 | AK92: 0 | AL92: =IF(G92="","",AK92*G92) -> 0 | AM92: =IF(D92="","",Q92+O92+M92+K92+I92+S92+U92+W92+Y92+AA92+AC92+AE92+AG92+AI92+AK92) -> 3 | AN92: =IF(D92="","",R92+P92+N92+L92+J92+T92+V92+X92+Z92+AB92+AD92+AH92+AF92+AJ92+AL92) -> 6360 | AO92: =IF(AN92="","",IF(AM92*G92=AN92,"הכל טוב","לא טוב")) -> הכל טוב
A93: 12.99.0002 | B93: תוספת ידיות מיוחדות ומנגנון נעילה מיוחד לחלונות | C93: יח' | D93: 950.14006 | E93: =IF(D93="","",D93*0.15) -> 142.52101 | F93: =IF(D93="","",D93*0.05) -> 47.507003 | G93: =IF(D93="","",D93*1.05*0.85) -> 848 | J93: =IF(D93="","",I93*G93) -> 0 | L93: =IF(G93="","",K93*G93) -> 0 | M93: =IF(D93="","",_xlfn.XLOOKUP(A93,'3'!A:A,'3'!D:D,IF($M$6=0,0,"ERROR"))) -> 5 | N93: =IF(G93="","",M93*G93) -> 4240 | O93: =IF(D93="","",_xlfn.XLOOKUP(A93,'4'!A:A,'4'!D:D,IF($O$6=0,0,"ERROR"))) -> 0 | P93: =IF(G93="","",O93*G93) -> 0 | Q93: =IF(D93="","",_xlfn.XLOOKUP(A93,'5'!A:A,'5'!D:D,IF($Q$6=0,0,"ERROR"))) -> 6 | R93: =IF(G93="","",Q93*G93) -> 5088 | S93: =IF(D93="","",_xlfn.XLOOKUP(A93,'6'!A:A,'6'!D:D,IF($Q$6=0,0,"ERROR"))) -> 3 | T93: =IF(G93="","",S93*G93) -> 2544 | U93: =IF(D93="","",_xlfn.XLOOKUP(A93,'7'!A:A,'7'!D:D,IF($U$6=0,0,"ERROR"))) -> 0 | V93: =IF(G93="","",U93*G93) -> 0 | W93: =IF(D93="","",_xlfn.XLOOKUP(A93,'8'!A:A,'8'!D:D,IF($U$6=0,0,"ERROR"))) -> 0 | X93: =IF(G93="","",W93*G93) -> 0 | Y93: =IF(D93="","",_xlfn.XLOOKUP(A93,'9'!A:A,'9'!D:D,IF($U$6=0,0,"ERROR"))) -> 0 | Z93: =IF(G93="","",Y93*G93) -> 0 | AA93: =IF(D93="","",_xlfn.XLOOKUP(A93,'10'!A:A,'10'!D:D,IF($U$6=0,0,"ERROR"))) -> 0 | AB93: =IF(G93="","",AA93*G93) -> 0 | AC93: =IF(D93="","",_xlfn.XLOOKUP(A93,'11'!A:A,'11'!D:D,IF($U$6=0,0,"ERROR"))) -> 0 | AD93: =IF(G93="","",AC93*G93) -> 0 | AE93: =IF(D93="","",_xlfn.XLOOKUP(A93,'12'!A:A,'12'!D:D,IF($U$6=0,0,"ERROR"))) -> 0 | AF93: =IF(G93="","",AE93*G93) -> 0 | AG93: =IF(D93="","",_xlfn.XLOOKUP(A93,'13'!A:A,'13'!D:D,IF($U$6=0,0,"ERROR"))) -> 0 | AH93: =IF(G93="","",AG93*G93) -> 0 | AI93: =IF(D93="","",_xlfn.XLOOKUP(A93,'14'!A:A,'14'!D:D,IF($U$6=0,0,"ERROR"))) -> 0 | AJ93: =IF(G93="","",AI93*G93) -> 0 | AK93: 0 | AL93: =IF(G93="","",AK93*G93) -> 0 | AM93: =IF(D93="","",Q93+O93+M93+K93+I93+S93+U93+W93+Y93+AA93+AC93+AE93+AG93+AI93+AK93) -> 14 | AN93: =IF(D93="","",R93+P93+N93+L93+J93+T93+V93+X93+Z93+AB93+AD93+AH93+AF93+AJ93+AL93) -> 11872 | AO93: =IF(AN93="","",IF(AM93*G93=AN93,"הכל טוב","לא טוב")) -> הכל טוב
A94: 12.093.0022 | B94: תוספת עבור צבע מטאלי Fine Iron במראה מתכתי ובמרקם חלק בכל הגוונים. התוספת הינה 6% למחירי החלונות | C94: % | D94: 0.06 | E94: =IF(D94="","",D94*0.15) -> 0.009 | F94: =IF(D94="","",D94*0.05) -> 0.003 | G94: =IF(D94="","",D94*1.05*0.85) -> 0.05355 | J94: =IF(D94="","",I94*G94) -> 0 | L94: =IF(G94="","",K94*G94) -> 0 | M94: =IF(D94="","",_xlfn.XLOOKUP(A94,'3'!A:A,'3'!D:D,IF($M$6=0,0,"ERROR"))) -> 68504.025 | N94: =IF(G94="","",M94*G94) -> 3668.3905 | O94: =IF(D94="","",_xlfn.XLOOKUP(A94,'4'!A:A,'4'!D:D,IF($O$6=0,0,"ERROR"))) -> 7986.345 | P94: =IF(G94="","",O94*G94) -> 427.66877 | Q94: =IF(D94="","",_xlfn.XLOOKUP(A94,'5'!A:A,'5'!D:D,IF($Q$6=0,0,"ERROR"))) -> 134242.33 | R94: =IF(G94="","",Q94*G94) -> 7188.6769 | S94: =IF(D94="","",_xlfn.XLOOKUP(A94,'6'!A:A,'6'!D:D,IF($Q$6=0,0,"ERROR"))) -> 56296.37 | T94: =IF(G94="","",S94*G94) -> 3014.6706 | U94: =IF(D94="","",_xlfn.XLOOKUP(A94,'7'!A:A,'7'!D:D,IF($U$6=0,0,"ERROR"))) -> 61149.18 | V94: =IF(G94="","",U94*G94) -> 3274.5386 | W94: =IF(D94="","",_xlfn.XLOOKUP(A94,'8'!A:A,'8'!D:D,IF($U$6=0,0,"ERROR"))) -> 59918.4 | X94: =IF(G94="","",W94*G94) -> 3208.6303 | Y94: =IF(D94="","",_xlfn.XLOOKUP(A94,'9'!A:A,'9'!D:D,IF($U$6=0,0,"ERROR"))) -> 59132.264 | Z94: =IF(G94="","",Y94*G94) -> 3166.5327 | AA94: =IF(D94="","",_xlfn.XLOOKUP(A94,'10'!A:A,'10'!D:D,IF($U$6=0,0,"ERROR"))) -> 25483.704 | AB94: =IF(G94="","",AA94*G94) -> 1364.6523 | AC94: =IF(D94="","",_xlfn.XLOOKUP(A94,'11'!A:A,'11'!D:D,IF($U$6=0,0,"ERROR"))) -> 57262.98 | AD94: =IF(G94="","",AC94*G94) -> 3066.4326 | AE94: =IF(D94="","",_xlfn.XLOOKUP(A94,'12'!A:A,'12'!D:D,IF($U$6=0,0,"ERROR"))) -> 13580.04 | AF94: =IF(G94="","",AE94*G94) -> 727.21114 | AG94: =IF(D94="","",_xlfn.XLOOKUP(A94,'13'!A:A,'13'!D:D,IF($U$6=0,0,"ERROR"))) -> 49575.402 | AH94: =IF(G94="","",AG94*G94) -> 2654.7628 | AI94: =IF(D94="","",_xlfn.XLOOKUP(A94,'14'!A:A,'14'!D:D,IF($U$6=0,0,"ERROR"))) -> 63944.36 | AJ94: =IF(G94="","",AI94*G94) -> 3424.2205 | AM94: =IF(D94="","",Q94+O94+M94+K94+I94+S94+U94+W94+Y94+AA94+AC94+AE94+AG94+AI94) -> 657075.4 | AN94: =IF(D94="","",R94+P94+N94+L94+J94+T94+V94+X94+Z94+AB94+AD94+AH94+AF94+AJ94) -> 35186.388 | AO94: =IF(AN94="","",IF(AM94*G94=AN94,"הכל טוב","לא טוב")) -> הכל טוב
G95: =IF(D95="","",D95*1.05*0.85) | AN95: =IF(D95="","",#REF!+R95+P95+N95+L95+AM95) | AO95: =IF(AN95="","",IF(AM95*G95=AN95,"הכל טוב","לא טוב")) | AP95: =IF(C95="","",_xlfn.XLOOKUP(A95,'[3]12 - אלומיניום'!$A:$A,'[3]12 - אלומיניום'!$A:$A,"אין סעיף כזה"))
B96: 01 - עבודות עפר | G96: =IF(D96="","",D96*1.05*0.85) | J96: =SUMIF($A:$A,"01.*",J:J) -> 0 | L96: =SUMIF($A:$A,"01.*",L:L) -> 0 | N96: =SUMIF($A:$A,"01.*",N:N) -> 0 | P96: =SUMIF($A:$A,"01.*",P:P) -> 0 | R96: =SUMIF($A:$A,"01.*",R:R) -> 0 | T96: =SUMIF($A:$A,"01.*",T:T) -> 0 | V96: =SUMIF($A:$A,"01.*",V:V) -> 0 | X96: =SUMIF($A:$A,"01.*",X:X) -> 0 | Z96: =SUMIF($A:$A,"01.*",Z:Z) -> 0 | AB96: =SUMIF($A:$A,"01.*",AB:AB) -> 0 | AD96: =SUMIF($A:$A,"01.*",AD:AD) -> 0 | AF96: =SUMIF($A:$A,"01.*",AF:AF) -> 0 | AH96: =SUMIF($A:$A,"01.*",AH:AH) -> 0 | AJ96: =SUMIF($A:$A,"01.*",AJ:AJ) -> 0 | AL96: =SUMIF($A:$A,"01.*",AL:AL) -> 0 | AM96: =IF(D96="","",#REF!+Q96+O96+M96+K96+I96) | AN96: =SUM(I96:AM96) -> 0 | AP96: =IF(C96="","",_xlfn.XLOOKUP(A96,'[3]12 - אלומיניום'!$A:$A,'[3]12 - אלומיניום'!$A:$A,"אין סעיף כזה"))
B97: 05 - עבודות איטום | G97: =IF(D97="","",D97*1.05*0.85) | J97: =SUMIF($A:$A,"05.*",J:J) -> 0 | L97: =SUMIF($A:$A,"05.*",L:L) -> 0 | N97: =SUMIF($A:$A,"05.*",N:N) -> 0 | P97: =SUMIF($A:$A,"05.*",P:P) -> 0 | R97: =SUMIF($A:$A,"05.*",R:R) -> 0 | T97: =SUMIF($A:$A,"05.*",T:T) -> 0 | V97: =SUMIF($A:$A,"05.*",V:V) -> 0 | X97: =SUMIF($A:$A,"05.*",X:X) -> 0 | Z97: =SUMIF($A:$A,"05.*",Z:Z) -> 0 | AB97: =SUMIF($A:$A,"05.*",AB:AB) -> 0 | AD97: =SUMIF($A:$A,"05.*",AD:AD) -> 0 | AF97: =SUMIF($A:$A,"05.*",AF:AF) -> 0 | AH97: =SUMIF($A:$A,"05.*",AH:AH) -> 0 | AJ97: =SUMIF($A:$A,"05.*",AJ:AJ) -> 0 | AL97: =SUMIF($A:$A,"05.*",AL:AL) -> 0 | AM97: =IF(D97="","",#REF!+Q97+O97+M97+K97+I97) | AN97: =SUM(I97:AM97) -> 0 | AP97: =IF(C97="","",_xlfn.XLOOKUP(A97,'[3]12 - אלומיניום'!$A:$A,'[3]12 - אלומיניום'!$A:$A,"אין סעיף כזה"))
B98: 09 - עבודות טיח | G98: =IF(D98="","",D98*1.05*0.85) | J98: =SUMIF($A:$A,"09.*",J:J) -> 0 | L98: =SUMIF($A:$A,"09.*",L:L) -> 0 | N98: =SUMIF($A:$A,"09.*",N:N) -> 2479.008 | P98: =SUMIF($A:$A,"09.*",P:P) -> 0 | R98: =SUMIF($A:$A,"09.*",R:R) -> 3396.9264 | T98: =SUMIF($A:$A,"09.*",T:T) -> 1956.36 | V98: =SUMIF($A:$A,"09.*",V:V) -> 2355.6288 | X98: =SUMIF($A:$A,"09.*",X:X) -> 2355.6288 | Z98: =SUMIF($A:$A,"09.*",Z:Z) -> 2030.616 | AB98: =SUMIF($A:$A,"09.*",AB:AB) -> 1718.1696 | AD98: =SUMIF($A:$A,"09.*",AD:AD) -> 1765.5792 | AF98: =SUMIF($A:$A,"09.*",AF:AF) -> 646.5984 | AH98: =SUMIF($A:$A,"09.*",AH:AH) -> 1791.2832 | AJ98: =SUMIF($A:$A,"09.*",AJ:AJ) -> 0 | AL98: =SUMIF($A:$A,"09.*",AL:AL) -> 0 | AM98: =IF(D98="","",#REF!+Q98+O98+M98+K98+I98) | AN98: =SUM(I98:AM98) -> 20495.798 | AP98: =IF(C98="","",_xlfn.XLOOKUP(A98,'[3]12 - אלומיניום'!$A:$A,'[3]12 - אלומיניום'!$A:$A,"אין סעיף כזה"))
B99: 11 - עבודות צביעה | G99: =IF(D99="","",D99*1.05*0.85) | J99: =SUMIF($A:$A,"11.*",J:J) -> 0 | L99: =SUMIF($A:$A,"11.*",L:L) -> 0 | N99: =SUMIF($A:$A,"11.*",N:N) -> 7898.625 | P99: =SUMIF($A:$A,"11.*",P:P) -> 0 | R99: =SUMIF($A:$A,"11.*",R:R) -> 7898.625 | T99: =SUMIF($A:$A,"11.*",T:T) -> 6318.9 | V99: =SUMIF($A:$A,"11.*",V:V) -> 6318.9 | X99: =SUMIF($A:$A,"11.*",X:X) -> 6318.9 | Z99: =SUMIF($A:$A,"11.*",Z:Z) -> 4739.175 | AB99: =SUMIF($A:$A,"11.*",AB:AB) -> 6318.9 | AD99: =SUMIF($A:$A,"11.*",AD:AD) -> 4739.175 | AF99: =SUMIF($A:$A,"11.*",AF:AF) -> 3159.45 | AH99: =SUMIF($A:$A,"11.*",AH:AH) -> 4739.175 | AJ99: =SUMIF($A:$A,"11.*",AJ:AJ) -> 0 | AL99: =SUMIF($A:$A,"11.*",AL:AL) -> 0 | AM99: =IF(D99="","",#REF!+Q99+O99+M99+K99+I99) | AN99: =SUM(I99:AM99) -> 58449.825 | AP99: =IF(C99="","",_xlfn.XLOOKUP(A99,'[3]12 - אלומיניום'!$A:$A,'[3]12 - אלומיניום'!$A:$A,"אין סעיף כזה"))
B100: 12 - עבודות אלומיניום | G100: =IF(D100="","",D100*1.05*0.85) | J100: =SUMIF($A:$A,"12.*",J:J) -> 0 | L100: =SUMIF($A:$A,"12.*",L:L) -> 0 | N100: =SUMIF($A:$A,"12.*",N:N) -> 78708.292 | P100: =SUMIF($A:$A,"12.*",P:P) -> 9442.6328 | R100: =SUMIF($A:$A,"12.*",R:R) -> 144690.73 | T100: =SUMIF($A:$A,"12.*",T:T) -> 64943.742 | V100: =SUMIF($A:$A,"12.*",V:V) -> 72759.189 | X100: =SUMIF($A:$A,"12.*",X:X) -> 71120.508 | Z100: =SUMIF($A:$A,"12.*",Z:Z) -> 69189.471 | AB100: =SUMIF($A:$A,"12.*",AB:AB) -> 34459.711 | AD100: =SUMIF($A:$A,"12.*",AD:AD) -> 64063.444 | AF100: =SUMIF($A:$A,"12.*",AF:AF) -> 16939.788 | AH100: =SUMIF($A:$A,"12.*",AH:AH) -> 58027.921 | AJ100: =SUMIF($A:$A,"12.*",AJ:AJ) -> 69491.694 | AL100: =SUMIF($A:$A,"12.*",AL:AL) -> 0 | AM100: =IF(D100="","",#REF!+Q100+O100+M100+K100+I100) | AN100: =SUM(I100:AM100) -> 753837.13 | AP100: =IF(C100="","",_xlfn.XLOOKUP(A100,'[3]12 - אלומיניום'!$A:$A,'[3]12 - אלומיניום'!$A:$A,"אין סעיף כזה"))
B101: 15 - מתקני מיזוג אוויר | G101: =IF(D101="","",D101*1.05*0.85) | J101: =SUMIF($A:$A,"15.*",J:J) -> 0 | L101: =SUMIF($A:$A,"15.*",L:L) -> 0 | N101: =SUMIF($A:$A,"15.*",N:N) -> 0 | P101: =SUMIF($A:$A,"15.*",P:P) -> 0 | R101: =SUMIF($A:$A,"15.*",R:R) -> 0 | T101: =SUMIF($A:$A,"15.*",T:T) -> 0 | V101: =SUMIF($A:$A,"15.*",V:V) -> 0 | X101: =SUMIF($A:$A,"15.*",X:X) -> 0 | Z101: =SUMIF($A:$A,"15.*",Z:Z) -> 0 | AB101: =SUMIF($A:$A,"15.*",AB:AB) -> 0 | AD101: =SUMIF($A:$A,"15.*",AD:AD) -> 0 | AF101: =SUMIF($A:$A,"15.*",AF:AF) -> 0 | AH101: =SUMIF($A:$A,"15.*",AH:AH) -> 0 | AJ101: =SUMIF($A:$A,"15.*",AJ:AJ) -> 0 | AL101: =SUMIF($A:$A,"15.*",AL:AL) -> 0 | AM101: =IF(D101="","",#REF!+Q101+O101+M101+K101+I101) | AN101: =SUM(I101:AM101) -> 0 | AP101: =IF(C101="","",_xlfn.XLOOKUP(A101,'[3]12 - אלומיניום'!$A:$A,'[3]12 - אלומיניום'!$A:$A,"אין סעיף כזה"))
...

Sheet 1
C1: אקובס לוי | D1: 1570
A6: סעיף | B6: תאור | C6: יח' | D6: כמות | E6: מחיר | F6: הנחת קבלן 15% | G6: תוספת דירה מאוכלסת 5% | H6: סה"כ מחיר יחידה | I6: סה"כ אחרי הנחה
A7: 60.020.0067 | B7: צוות לעב' אלומיניום - 2 פועלים (מרכיב מקצועי ועוזר) - לרבות ציוד ורכב/טנדר למרחק עד 70 ק"מ. הסעיף הינו עבור קריאה מיוחדת, לאחר סיום העבודה או באישור מיוחד של המפקח, ובתנאי שלא ניתן לתמחר את העבודה לפי סעיפים אחרים והיא אינה כלולה כחלק מחובת תיקון הליקויים של הקבלן. מחיר ליום עבודה לפי 8 ש"ע, בשעות רגילות | C7: י"ע | D7: 1 | E7: 3500 | F7: =IF(E7="","",E7*0.15) -> 525 | G7: =IF(E7="","",E7*0.05) -> 175 | H7: =E7*1.05*0.85 -> 3123.75 | I7: =H7*D7 -> 3123.75
A8: 85.095.0950 | B8: חומר בלבד: "דבטק" טקסאונד SY50 - יריעה פולימרית סינטטית לבידוד אקוסטי בעובי 2.5 מ"מ (מזרון דק), לא דליק, לקירות בבניין ותעשייה, משקל 5 ק"ג למ"ר - אריזת גליל 7.32 מ"ר, ברוחב 1.22 ובאורך 6.05 (המחיר ביח' לגליל) | C8: מ"ר | D8: 8.549 | E8: 129.78 | F8: =IF(E8="","",E8*0.15) -> 19.467 | G8: =IF(E8="","",E8*0.05) -> 6.489 | H8: =E8*1.05*0.85 -> 115.82865 | I8: =H8*D8 -> 990.21913
H10: סה"כ | I10: =SUM(I7:I9) -> 4113.9691

Sheet 2
C1: סנוף | D1: 1781
A6: סעיף | B6: תאור | C6: יח' | D6: כמות | E6: מחיר | F6: הנחת קבלן 15% | G6: תוספת דירה מאוכלסת 5% | H6: סה"כ מחיר יחידה | I6: סה"כ אחרי הנחה
A7: 60.020.0067 | B7: צוות לעב' אלומיניום - 2 פועלים (מרכיב מקצועי ועוזר) - לרבות ציוד ורכב/טנדר למרחק עד 70 ק"מ. הסעיף הינו עבור קריאה מיוחדת, לאחר סיום העבודה או באישור מיוחד של המפקח, ובתנאי שלא ניתן לתמחר את העבודה לפי סעיפים אחרים והיא אינה כלולה כחלק מחובת תיקון הליקויים של הקבלן. מחיר ליום עבודה לפי 8 ש"ע, בשעות רגילות | C7: י"ע | D7: 1 | E7: 3500 | F7: =IF(E7="","",E7*0.15) -> 525 | G7: =IF(E7="","",E7*0.05) -> 175 | H7: =IF(E7="","",E7*1.05*0.85) -> 3123.75 | I7: =H7*D7 -> 3123.75
A8: 85.095.0950 | B8: חומר בלבד: "דבטק" טקסאונד SY50 - יריעה פולימרית סינטטית לבידוד אקוסטי בעובי 2.5 מ"מ (מזרון דק), לא דליק, לקירות בבניין ותעשייה, משקל 5 ק"ג למ"ר - אריזת גליל 7.32 מ"ר, ברוחב 1.22 ובאורך 6.05 (המחיר ביח' לגליל) | C8: מ"ר | D8: 1.05 | E8: 129.78 | F8: =IF(E8="","",E8*0.15) -> 19.467 | G8: =IF(E8="","",E8*0.05) -> 6.489 | H8: =IF(E8="","",E8*1.05*0.85) -> 115.82865 | I8: =H8*D8 -> 121.62008
H10: סה"כ | I10: =SUM(I7:I9) -> 3245.3701

Sheet 3
C1: מלניק | D1: 1573
A6: סעיף | B6: תאור | C6: יח' | D6: כמות | E6: מחיר | F6: הנחת קבלן 15% | G6: תוספת דירה מאוכלסת 5% | H6: סה"כ מחיר יחידה | I6: סה"כ אחרי הנחה
A7: 60.020.0090 | B7: חשמלאי מוסמך | C7: ש"ע | D7: 2 | E7: 150 | F7: =IF(E7="","",E7*0.15) -> 22.5 | G7: =IF(E7="","",E7*0.05) -> 7.5 | H7: =IF(E7="","",E7*1.05*0.85) -> 133.875 | I7: =IF(D7="","",H7*D7) -> 267.75
A8: 09 | B8: עבודות טיח | H8: =IF(E8="","",E8*1.05*0.85)
A9: 09.011 | B9: טיח פנים | H9: =IF(E9="","",E9*1.05*0.85)
A10: 09.011.9030 | B10: תיקוני טיח פנים קיים על שטחים מישוריים ברצועות רוחב מעל 15 ס"מ ועד 30 ס"מ לאחר הנחת קווי מים, חשמל וכד' בקירות, סביב משקופי חלונות ודלתות שהורכבו בקירות קיימים, במפגשים בין קירות ו/או תקרות חדשים לקיימים הכל לרבות סיתות והתאמת עובי הטיח החדש לקיים | C10: מ' | D10: 43.4 | E10: 64 | F10: =IF(E10="","",E10*0.15) -> 9.6 | G10: =IF(E10="","",E10*0.05) -> 3.2 | H10: =IF(E10="","",E10*1.05*0.85) -> 57.12 | I10: =IF(D10="","",H10*D10) -> 2479.008
A11: 11 | B11: עבודות צביעה | F11: =IF(E11="","",E11*0.15) | G11: =IF(E11="","",E11*0.05) | H11: =IF(E11="","",E11*1.05*0.85) | I11: =IF(D11="","",H11*D11)
A12: 11.011 | B12: צבע וסיוד פנים, על טיח, בטון, בלוקים וגבס | F12: =IF(E12="","",E12*0.15) | G12: =IF(E12="","",E12*0.05) | H12: =IF(E12="","",E12*1.05*0.85) | I12: =IF(D12="","",H12*D12)
A13: 11.011.9660 | B13: חידוש צבע פנים על קירות בדירת חדר מרוהטת בשטח 25-35 מ"ר ובגובה עד 2.70 מ'. הקירות ייצבעו בצבע אקרילי, ללא צביעת התקרות, לרבות הסרת צבע רופף, תיקונים קלים וסתימת חורים, ליטוש הקיר וניקוי שאריות הצבע בגמר העבודה | C13: קומפ | D13: 5 | E13: 1770 | F13: =IF(E13="","",E13*0.15) -> 265.5 | G13: =IF(E13="","",E13*0.05) -> 88.5 | H13: =IF(E13="","",E13*1.05*0.85) -> 1579.725 | I13: =IF(D13="","",H13*D13) -> 7898.625
F14: =IF(E14="","",E14*0.15) | G14: =IF(E14="","",E14*0.05) | H14: =IF(E14="","",E14*1.05*0.85) | I14: =IF(D14="","",H14*D14)
A15: 12 | B15: עבודות אלומיניום | F15: =IF(E15="","",E15*0.15) | G15: =IF(E15="","",E15*0.05) | H15: =IF(E15="","",E15*1.05*0.85) | I15: =IF(D15="","",H15*D15)
A16: 12.011 | B16: חלון אלומיניום נגרר אגף על אגף (הזזה) של 2 אגפים ב-2 מסלולים | F16: =IF(E16="","",E16*0.15) | G16: =IF(E16="","",E16*0.05) | H16: =IF(E16="","",E16*1.05*0.85) | I16: =IF(D16="","",H16*D16)
A17: 12.011.0210 | B17: חלון נגרר אגף על אגף של 2 אגפים ב-2 מסלולים מאולגן/צבוע כדוגמת קליל קלאסי 7000 או ש"ע, זכוכית שקופה בידודית 5+6+6 מ"מ, בשטח מעל 1.0 מ"ר ועד 2.0 מ"ר | C17: מ"ר | D17: 0 | E17: 1760 | F17: =IF(E17="","",E17*0.15) -> 264 | G17: =IF(E17="","",E17*0.05) -> 88 | H17: =IF(E17="","",E17*1.05*0.85) -> 1570.8 | I17: =IF(D17="","",H17*D17) -> 0
A18: 12.011.0270 | B18: חלון נגרר אגף על אגף של 2 אגפים ב-2 מסלולים מאולגן/צבוע כדוגמת קליל קלאסי 9000 או ש"ע, זכוכית שקופה בידודית מחוסמת דו צדדי 6+10+8 מ"מ, בשטח מעל 2.0 מ"ר ועד 3.0 מ"ר | C18: מ"ר | D18: =1.7*1.45*5 -> 12.325 | E18: 1980 | F18: =IF(E18="","",E18*0.15) -> 297 | G18: =IF(E18="","",E18*0.05) -> 99 | H18: =IF(E18="","",E18*1.05*0.85) -> 1767.15 | I18: =IF(D18="","",H18*D18) -> 21780.124
A19: 12.012.0100 | B19: חלון נגרר אגף על אגף של 3 אגפים ב-3 מסלולים מאולגן/צבוע כדוגמת קליל קלאסי 9000 או ש"ע, זכוכית שקופה בידודית 5+6+6 מ"מ, בשטח מעל 1.0 מ"ר ועד 2.0 מ"ר | C19: מ"ר | D19: 0 | E19: 2210 | F19: =IF(E19="","",E19*0.15) -> 331.5 | G19: =IF(E19="","",E19*0.05) -> 110.5 | H19: =IF(E19="","",E19*1.05*0.85) -> 1972.425 | I19: =IF(D19="","",H19*D19) -> 0
A20: 12.011.1001 | B20: תוספת עבור חלק קבוע בחלון נגרר אגף על אגף של 2 אגפים. התוספת הינה 15% למחיר מ"ר של החלון | C20: קומפ | D20: 0 | E20: 0.15 | F20: =IF(E20="","",E20*0.15) -> 0.0225 | G20: =IF(E20="","",E20*0.05) -> 0.0075 | H20: =IF(E20="","",E20*1.05*0.85) -> 0.133875 | I20: =IF(D20="","",H20*D20) -> 0
A21: 12.011.9000 | B21: פירוק חלונות אלומיניום ומשקופיהם בשטח של עד 2 מ"ר | C21: יח' | D21: 0 | E21: 140 | F21: =IF(E21="","",E21*0.15) -> 21 | G21: =IF(E21="","",E21*0.05) -> 7 | H21: =IF(E21="","",E21*1.05*0.85) -> 124.95 | I21: =IF(D21="","",H21*D21) -> 0
A22: 12.011.9016 | B22: פירוק חלונות אלומיניום ומשקופיהם בשטח של מעל 2 מ"ר ועד 3 מ"ר | C22: יח' | D22: 5 | E22: 240 | F22: =IF(E22="","",E22*0.15) -> 36 | G22: =IF(E22="","",E22*0.05) -> 12 | H22: =IF(E22="","",E22*1.05*0.85) -> 214.2 | I22: =IF(D22="","",H22*D22) -> 1071
A23: 12.011.9017 | B23: פירוק חלונות אלומיניום ומשקופיהם בשטח של מעל 3 מ"ר ועד 5 מ"ר | C23: יח' | D23: 0 | E23: 310 | F23: =IF(E23="","",E23*0.15) -> 46.5 | G23: =IF(E23="","",E23*0.05) -> 15.5 | H23: =IF(E23="","",E23*1.05*0.85) -> 276.675 | I23: =IF(D23="","",H23*D23) -> 0
A24: 12.014 | B24: חלון אלומיניום ציר צד וחלון דו-צירי סב-נטוי (DREH-KIPP) | F24: =IF(E24="","",E24*0.15) | G24: =IF(E24="","",E24*0.05) | H24: =IF(E24="","",E24*1.05*0.85) | I24: =IF(D24="","",H24*D24)
A25: 12.014.0400 | B25: חלון ציר-צד מאולגן/צבוע כדוגמת קליל קלאסי 4500 או ש"ע, זכוכית שקופה בידודית 5+6+6 מ"מ, בשטח מעל 0.6 מ"ר ועד 1.0 מ"ר | C25: מ"ר | D25: 0 | E25: 2220 | F25: =IF(E25="","",E25*0.15) -> 333 | G25: =IF(E25="","",E25*0.05) -> 111 | H25: =IF(E25="","",E25*1.05*0.85) -> 1981.35 | I25: =IF(D25="","",H25*D25) -> 0
A26: 12.014.0650 | B26: חלון ציר-צד מאולגן/צבוע כדוגמת קליל קלאסי 4500 או ש"ע, זכוכית שקופה בידודית 5+6+6 מ"מ, בשטח מעל 0.6 מ"ר ועד 1.0 מ"ר | C26: מ"ר | D26: 0 | E26: 2790 | F26: =IF(E26="","",E26*0.15) -> 418.5 | G26: =IF(E26="","",E26*0.05) -> 139.5 | H26: =IF(E26="","",E26*1.05*0.85) -> 2490.075 | I26: =IF(D26="","",H26*D26) -> 0
A27: 12.014.0660 | B27: חלון דו-צירי סב נטוי (דריי קיפ), מאולגן/צבוע כדוגמת קליל קלאסי 4500 או ש"ע, זכוכית שקופה בידודית מחוסמת דו צדדי 6+10+8 מ"מ, בשטח מעל 1.0 מ"ר ועד 2.0 מ"ר | C27: מ"ר | D27: 0 | E27: 2700 | F27: =IF(E27="","",E27*0.15) -> 405 | G27: =IF(E27="","",E27*0.05) -> 135 | H27: =IF(E27="","",E27*1.05*0.85) -> 2409.75 | I27: =IF(D27="","",H27*D27) -> 0
A28: 12.016 | B28: חלון אלומיניום קיפ וחלון קבוע | F28: =IF(E28="","",E28*0.15) | G28: =IF(E28="","",E28*0.05) | H28: =IF(E28="","",E28*1.05*0.85) | I28: =IF(D28="","",H28*D28)
A29: 12.016.0600 | B29: חלון קבוע כדוגמת קליל קלאסי 4500 או ש"ע, זכוכית שקופה בידודית 5+6+6 מ"מ, בשטח מעל 0.6 מ"ר ועד 1.0 מ"ר | C29: יח' | D29: 0 | E29: 1310 | F29: =IF(E29="","",E29*0.15) -> 196.5 | G29: =IF(E29="","",E29*0.05) -> 65.5 | H29: =IF(E29="","",E29*1.05*0.85) -> 1169.175 | I29: =IF(D29="","",H29*D29) -> 0
A30: 12.016.0610 | B30: חלון קבוע כדוגמת קליל קלאסי 4500 או ש"ע, זכוכית שקופה בידודית 5+6+6 מ"מ, בשטח מעל 1.0 מ"ר ועד 2.0 מ"ר | C30: יח' | D30: 0 | E30: 2090 | F30: =IF(E30="","",E30*0.15) -> 313.5 | G30: =IF(E30="","",E30*0.05) -> 104.5 | H30: =IF(E30="","",E30*1.05*0.85) -> 1865.325 | I30: =IF(D30="","",H30*D30) -> 0
A31: 12.052 | B31: דלתות אלומיניום נגררות אגף על אגף (הזזה) של 3 אגפים ו-4 אגפים | F31: =IF(E31="","",E31*0.15) | G31: =IF(E31="","",E31*0.05) | H31: =IF(E31="","",E31*1.05*0.85) | I31: =IF(D31="","",H31*D31)
A32: 12.052.0020 | B32: דלת נגררת אגף על אגף של 3 אגפים ב-3 מסלולים מאולגנת/צבועה כדוגמת קליל קלאסי 7000 או ש"ע, זכוכית מחוסמת בעובי 6 מ"מ, בשטח מעל 6.0 מ"ר ועד 8.0 מ"ר | C32: מ"ר | D32: 0 | E32: 1760 | F32: =IF(E32="","",E32*0.15) -> 264 | G32: =IF(E32="","",E32*0.05) -> 88 | H32: =IF(E32="","",E32*1.05*0.85) -> 1570.8 | I32: =IF(D32="","",H32*D32) -> 0
A33: 12.052.0070 | B33: דלת נגררת אגף על אגף של 3 אגפים ב-3 מסלולים מאולגנת/צבועה כדוגמת קליל קלאסי 9000 או ש"ע, זכוכית מחוסמת בעובי 6 מ"מ, בשטח מעל 6.0 מ"ר ועד 8.0 מ"ר | C33: מ"ר | D33: 0 | E33: 1850 | F33: =IF(E33="","",E33*0.15) -> 277.5 | G33: =IF(E33="","",E33*0.05) -> 92.5 | H33: =IF(E33="","",E33*1.05*0.85) -> 1651.125 | I33: =IF(D33="","",H33*D33) -> 0
A34: 12.052.0080 | B34: דלת נגררת אגף על אגף של 3 אגפים ב-3 מסלולים מאולגנת/צבועה כדוגמת קליל קלאסי 9000 או ש"ע, זכוכית מחוסמת בעובי 8 מ"מ, בשטח מעל 8.0 מ"ר ועד 10.0 מ"ר | C34: מ"ר | D34: =2.34*3.62 -> 8.4708 | E34: 1680 | F34: =IF(E34="","",E34*0.15) -> 252 | G34: =IF(E34="","",E34*0.05) -> 84 | H34: =IF(E34="","",E34*1.05*0.85) -> 1499.4 | I34: =IF(D34="","",H34*D34) -> 12701.118
A35: 12.053 | B35: דלתות אלומיניום ציריות | F35: =IF(E35="","",E35*0.15) | G35: =IF(E35="","",E35*0.05) | H35: =IF(E35="","",E35*1.05*0.85) | I35: =IF(D35="","",H35*D35)
A36: 12.053.0200 | B36: דלת ציר אגף אחד מאולגנת/צבועה כדוגמת קליל 4500 או ש"ע, זכוכית מחוסמת בעובי 6 מ"מ, בשטח עד 2.0 מ"ר | C36: מ"ר | D36: 0 | E36: 2850 | F36: =IF(E36="","",E36*0.15) -> 427.5 | G36: =IF(E36="","",E36*0.05) -> 142.5 | H36: =IF(E36="","",E36*1.05*0.85) -> 2543.625 | I36: =IF(D36="","",H36*D36) -> 0
A37: 12.053.0210 | B37: דלת ציר אגף אחד מאולגנת/צבועה כדוגמת קליל 4500 או ש"ע, זכוכית מחוסמת בעובי 6 מ"מ, בשטח מעל 2.0 מ"ר ועד 3.0 מ"ר | C37: מ"ר | D37: 0 | E37: 2300 | F37: =IF(E37="","",E37*0.15) -> 345 | G37: =IF(E37="","",E37*0.05) -> 115 | H37: =IF(E37="","",E37*1.05*0.85) -> 2052.75 | I37: =IF(D37="","",H37*D37) -> 0
A38: 12.053.0450 | B38: דלת ציר שני אגפים מאולגנת/צבועה כדוגמת קליל קלאסי 4500 או ש"ע, זכוכית מחוסמת בעובי 6 מ"מ, בשטח מעל 3.0 מ"ר ועד 4.0 מ"ר | C38: מ"ר | D38: 0 | E38: 3250 | F38: =IF(E38="","",E38*0.15) -> 487.5 | G38: =IF(E38="","",E38*0.05) -> 162.5 | H38: =IF(E38="","",E38*1.05*0.85) -> 2900.625 | I38: =IF(D38="","",H38*D38) -> 0
A39: 12.061 | B39: ויטרינות כניסה מאלומיניום בשטחים ציבוריים | F39: =IF(E39="","",E39*0.15) | G39: =IF(E39="","",E39*0.05) | H39: =IF(E39="","",E39*1.05*0.85) | I39: =IF(D39="","",H39*D39)
A40: 12.061.9000 | B40: פירוק ויטרינה מאלומיניום, לרבות המשקוף | C40: מ"ר | D40: =D34 -> 8.4708 | E40: 88 | F40: =IF(E40="","",E40*0.15) -> 13.2 | G40: =IF(E40="","",E40*0.05) -> 4.4 | H40: =IF(E40="","",E40*1.05*0.85) -> 78.54 | I40: =IF(D40="","",H40*D40) -> 665.29663
A41: 12.065 | B41: תריסי רפפה ותריסי גלילה מאלומיניום ומנועים חשמליים לתריסים | F41: =IF(E41="","",E41*0.15) | G41: =IF(E41="","",E41*0.05) | H41: =IF(E41="","",E41*1.05*0.85) | I41: =IF(D41="","",H41*D41)
A42: 12.065.1613 | B42: תריס גלילה עם רפפות מפח אלומיניום עם פוליאוריטן מוקצף לרבות ארגז תריס מונובלוק 40, בשטח מעל 1.0 מ"ר ועד 3.0 מ"ר | C42: מ"ר | D42: =D18 -> 12.325 | E42: 717 | F42: =IF(E42="","",E42*0.15) -> 107.55 | G42: =IF(E42="","",E42*0.05) -> 35.85 | H42: =IF(E42="","",E42*1.05*0.85) -> 639.9225 | I42: =IF(D42="","",H42*D42) -> 7887.0448
A43: 12.065.1615 | B43: תריס גלילה עם רפפות מפח אלומיניום עם פוליאוריטן מוקצף לרבות ארגז תריס מונובלוק 40, בשטח מעל 3.0 מ"ר ועד 6.0 מ"ר | C43: מ"ר | D43: =D33+D38+D34+D32 -> 8.4708 | E43: 582 | F43: =IF(E43="","",E43*0.15) -> 87.3 | G43: =IF(E43="","",E43*0.05) -> 29.1 | H43: =IF(E43="","",E43*1.05*0.85) -> 519.435 | I43: =IF(D43="","",H43*D43) -> 4400.03
A44: 12.065.1710 | B44: תריס גלילה "תריס אור" עם רפפות מפח אלומיניום עם פוליאוריטן מוקצף לרבות ארגז תריס מונובלוק 40, בשטח מעל 1.0 מ"ר ועד 3.0 מ"ר | C44: מ"ר | D44: =D18*0 -> 0 | E44: 800 | F44: =IF(E44="","",E44*0.15) -> 120 | G44: =IF(E44="","",E44*0.05) -> 40 | H44: =IF(E44="","",E44*1.05*0.85) -> 714 | I44: =IF(D44="","",H44*D44) -> 0
A45: 12.065.1681 | B45: תריס גלילה "תריס אור" עם רפפות מאלומיניום שחול (משוך) וחריצים גדולים בין השלבים, צבע לבן לרבות ארגז תריס מונובלוק 40, בשטח מעל 3.0 מ"ר ועד 6.0 מ"ר | C45: מ"ר | D45: =D33*0 -> 0 | E45: 1440 | F45: =IF(E45="","",E45*0.15) -> 216 | G45: =IF(E45="","",E45*0.05) -> 72 | H45: =IF(E45="","",E45*1.05*0.85) -> 1285.2 | I45: =IF(D45="","",H45*D45) -> 0
A46: 12.065.2000 | B46: מנוע חשמלי לתריס במשקל עד 20 ק"ג, לא כולל נק' החשמל | C46: יח' | D46: 0 | E46: 620 | F46: =IF(E46="","",E46*0.15) -> 93 | G46: =IF(E46="","",E46*0.05) -> 31 | H46: =IF(E46="","",E46*1.05*0.85) -> 553.35 | I46: =IF(D46="","",H46*D46) -> 0
A47: 12.065.2010 | B47: מנוע חשמלי לתריס במשקל מעל 20 ק"ג ועד 30 ק"ג, לא כולל נק' החשמל | C47: יח' | D47: 0 | E47: 750 | F47: =IF(E47="","",E47*0.15) -> 112.5 | G47: =IF(E47="","",E47*0.05) -> 37.5 | H47: =IF(E47="","",E47*1.05*0.85) -> 669.375 | I47: =IF(D47="","",H47*D47) -> 0
A48: 12.065.2020 | B48: מנוע חשמלי לתריס במשקל מעל 30 ק"ג ועד 50 ק"ג, לא כולל נק' החשמל | C48: יח' | D48: 5 | E48: 1020 | F48: =IF(E48="","",E48*0.15) -> 153 | G48: =IF(E48="","",E48*0.05) -> 51 | H48: =IF(E48="","",E48*1.05*0.85) -> 910.35 | I48: =IF(D48="","",H48*D48) -> 4551.75
A49: 12.065.2030 | B49: מנוע חשמלי לתריס במשקל מעל 50 ק"ג ועד 70 ק"ג, לא כולל נק' החשמל | C49: יח' | D49: 0 | E49: 1370 | F49: =IF(E49="","",E49*0.15) -> 205.5 | G49: =IF(E49="","",E49*0.05) -> 68.5 | H49: =IF(E49="","",E49*1.05*0.85) -> 1222.725 | I49: =IF(D49="","",H49*D49) -> 0
A50: 12.065.2040 | B50: מנוע חשמלי לתריס במשקל מעל 70 ק"ג ועד 90 ק"ג, לא כולל נק' החשמל | C50: יח' | D50: 0 | E50: 1650 | F50: =IF(E50="","",E50*0.15) -> 247.5 | G50: =IF(E50="","",E50*0.05) -> 82.5 | H50: =IF(E50="","",E50*1.05*0.85) -> 1472.625 | I50: =IF(D50="","",H50*D50) -> 0
A51: 12.065.2050 | B51: מנוע חשמלי לתריס במשקל מעל 90 ק"ג ועד 120 ק"ג, לא כולל נק' החשמל | C51: יח' | D51: 1 | E51: 1820 | F51: =IF(E51="","",E51*0.15) -> 273 | G51: =IF(E51="","",E51*0.05) -> 91 | H51: =IF(E51="","",E51*1.05*0.85) -> 1624.35 | I51: =IF(D51="","",H51*D51) -> 1624.35
A52: 12.065.9000 | B52: פירוק תריסי אלומיניום ומשקופיהם בשטח של עד 2 מ"ר | C52: יח' | D52: 0 | E52: 130 | F52: =IF(E52="","",E52*0.15) -> 19.5 | G52: =IF(E52="","",E52*0.05) -> 6.5 | H52: =IF(E52="","",E52*1.05*0.85) -> 116.025 | I52: =IF(D52="","",H52*D52) -> 0
A53: 12.065.9020 | B53: פירוק תריסי אלומיניום ומשקופיהם בשטח של מעל 2 מ"ר | C53: מ"ר | D53: =D42+D43 -> 20.7958 | E53: 60 | F53: =IF(E53="","",E53*0.15) -> 9 | G53: =IF(E53="","",E53*0.05) -> 3 | H53: =IF(E53="","",E53*1.05*0.85) -> 53.55 | I53: =IF(D53="","",H53*D53) -> 1113.6151
A54: 12.065.9100 | B54: פירוק ארגז תריס קיים במידות 35/100 ס"מ | C54: יח' | D54: 0 | E54: 109 | F54: =IF(E54="","",E54*0.15) -> 16.35 | G54: =IF(E54="","",E54*0.05) -> 5.45 | H54: =IF(E54="","",E54*1.05*0.85) -> 97.2825 | I54: =IF(D54="","",H54*D54) -> 0
A55: 12.065.9110 | B55: פירוק ארגז תריס קיים במידות 35/150 ס"מ | C55: יח' | D55: 0 | E55: 121 | F55: =IF(E55="","",E55*0.15) -> 18.15 | G55: =IF(E55="","",E55*0.05) -> 6.05 | H55: =IF(E55="","",E55*1.05*0.85) -> 107.9925 | I55: =IF(D55="","",H55*D55) -> 0
A56: 12.065.0001 | B56: פירוק ארגז תריס קיים 35/200 | C56: יח' | D56: 5 | E56: 133 | F56: =IF(E56="","",E56*0.15) -> 19.95 | G56: =IF(E56="","",E56*0.05) -> 6.65 | H56: =IF(E56="","",E56*1.05*0.85) -> 118.7025 | I56: =IF(D56="","",H56*D56) -> 593.5125
A57: 12.065.0002 | B57: פירוק ארגז תריס קיים 35/250 | C57: יח' | D57: 0 | E57: 145 | F57: =IF(E57="","",E57*0.15) -> 21.75 | G57: =IF(E57="","",E57*0.05) -> 7.25 | H57: =IF(E57="","",E57*1.05*0.85) -> 129.4125 | I57: =IF(D57="","",H57*D57) -> 0
A58: 12.065.0003 | B58: פירוק ארגז תריס קיים 35/300 | C58: יח' | D58: 0 | E58: 157 | F58: =IF(E58="","",E58*0.15) -> 23.55 | G58: =IF(E58="","",E58*0.05) -> 7.85 | H58: =IF(E58="","",E58*1.05*0.85) -> 140.1225 | I58: =IF(D58="","",H58*D58) -> 0
A59: 12.065.0004 | B59: פירוק ארגז תריס קיים 35/350 | C59: יח' | D59: 0 | E59: 169 | F59: =IF(E59="","",E59*0.15) -> 25.35 | G59: =IF(E59="","",E59*0.05) -> 8.45 | H59: =IF(E59="","",E59*1.05*0.85) -> 150.8325 | I59: =IF(D59="","",H59*D59) -> 0
A60: 12.065.0005 | B60: פירוק ארגז תריס קיים 35/400 | C60: יח' | D60: 1 | E60: 181 | F60: =IF(E60="","",E60*0.15) -> 27.15 | G60: =IF(E60="","",E60*0.05) -> 9.05 | H60: =IF(E60="","",E60*1.05*0.85) -> 161.5425 | I60: =IF(D60="","",H60*D60) -> 161.5425
A61: 12.065.0006 | B61: פירוק ארגז תריס קיים 35/450 | C61: יח' | D61: 0 | E61: 193 | F61: =IF(E61="","",E61*0.15) -> 28.95 | G61: =IF(E61="","",E61*0.05) -> 9.65 | H61: =IF(E61="","",E61*1.05*0.85) -> 172.2525 | I61: =IF(D61="","",H61*D61) -> 0
A62: 12.067 | B62: רשתות גלילה ורשתות יתושים | F62: =IF(E62="","",E62*0.15) | G62: =IF(E62="","",E62*0.05) | H62: =IF(E62="","",E62*1.05*0.85) | I62: =IF(D62="","",H62*D62)
A63: 12.067.9000 | B63: פירוק רשתות יתושים, לרבות מסגרת | C63: מ"ר | D63: 13.81 | E63: 53 | F63: =IF(E63="","",E63*0.15) -> 7.95 | G63: =IF(E63="","",E63*0.05) -> 2.65 | H63: =IF(E63="","",E63*1.05*0.85) -> 47.3025 | I63: =IF(D63="","",H63*D63) -> 653.24752
A64: 12.067.0200 | B64: רשת יתושים קטנה מפיברגלס, עבור חלון הזזה (הרשת על חצי הפתח) לרבות מסגרת מפרופיל אלומיניום מאולגן במידות 40/15 מ"מ, לרבות מסילה בתוך משקוף החלון, בשטח מעל 0.6 מ"ר ועד 1.0 מ"ר. המדידה לפי שטח הרשת | C64: מ"ר | D64: 0 | E64: 880 | F64: =IF(E64="","",E64*0.15) -> 132 | G64: =IF(E64="","",E64*0.05) -> 44 | H64: =IF(E64="","",E64*1.05*0.85) -> 785.4 | I64: =IF(D64="","",H64*D64) -> 0
A65: 12.067.0210 | B65: רשת יתושים קטנה מפיברגלס, עבור חלון הזזה (הרשת על חצי הפתח) לרבות מסגרת מפרופיל אלומיניום מאולגן במידות 40/15 מ"מ, לרבות מסילה בתוך משקוף החלון, בשטח מעל 1.0 מ"ר ועד 2.0 מ"ר. המדידה לפי שטח הרשת | C65: מ"ר | D65: =D63 -> 13.81 | E65: 650 | F65: =IF(E65="","",E65*0.15) -> 97.5 | G65: =IF(E65="","",E65*0.05) -> 32.5 | H65: =IF(E65="","",E65*1.05*0.85) -> 580.125 | I65: =IF(D65="","",H65*D65) -> 8011.5262
A66: 12.068 | B66: זכוכית לזיגוג דלתות וחלונות, ציפויי חלונות וקירות וזכוכית לסגירת מרפסות | F66: =IF(E66="","",E66*0.15) | G66: =IF(E66="","",E66*0.05) | H66: =IF(E66="","",E66*1.05*0.85) | I66: =IF(D66="","",H66*D66)
A67: 12.068.1320 | B67: זכוכית בטחון 5+5 מ"מ עם 0.76 P.V.B | C67: מ"ר | D67: 0 | E67: 265 | F67: =IF(E67="","",E67*0.15) -> 39.75 | G67: =IF(E67="","",E67*0.05) -> 13.25 | H67: =IF(E67="","",E67*1.05*0.85) -> 236.5125 | I67: =IF(D67="","",H67*D67) -> 0
A68: 12.068.1216 | B68: זכוכית שקופה בידודית מחוסמת משני הצדדים 6+10+8 מ"מ | C68: מ"ר | D68: =-D70 -> 19.129 | E68: 375 | F68: =IF(E68="","",E68*0.15) -> 56.25 | G68: =IF(E68="","",E68*0.05) -> 18.75 | H68: =IF(E68="","",E68*1.05*0.85) -> 334.6875 | I68: =IF(D68="","",H68*D68) -> 6402.2372
A69: 12.068.1172 | B69: זכוכית שקופה בידודית מחוסמת משני הצדדים 5+6+6 מ"מ | C69: מ"ר | D69: =-D19 -> 0 | E69: 317 | F69: =IF(E69="","",E69*0.15) -> 47.55 | G69: =IF(E69="","",E69*0.05) -> 15.85 | H69: =IF(E69="","",E69*1.05*0.85) -> 282.9225 | I69: =IF(D69="","",H69*D69) -> 0
A70: 12.068.1004 | B70: זכוכית שטוחה מחוסמת בעובי 6 מ"מ | C70: מ"ר | D70: -19.129 | E70: 172 | F70: =IF(E70="","",E70*0.15) -> 25.8 | G70: =IF(E70="","",E70*0.05) -> 8.6 | H70: =IF(E70="","",E70*1.05*0.85) -> 153.51 | I70: =IF(D70="","",H70*D70) -> -2936.4928
A71: 12.068.0902 | B71: זכוכית שטוחה שקופה בעובי 5 מ"מ | C71: מ"ר | D71: =-D67 -> 0 | E71: 94 | F71: =IF(E71="","",E71*0.15) -> 14.1 | G71: =IF(E71="","",E71*0.05) -> 4.7 | H71: =IF(E71="","",E71*1.05*0.85) -> 83.895 | I71: =IF(D71="","",H71*D71) -> 0
A72: 12.068.1002 | B72: זכוכית שטוחה מחוסמת בעובי 5 מ"מ | C72: מ"ר | D72: 0 | E72: 157 | F72: =IF(E72="","",E72*0.15) -> 23.55 | G72: =IF(E72="","",E72*0.05) -> 7.85 | H72: =IF(E72="","",E72*1.05*0.85) -> 140.1225 | I72: =IF(D72="","",H72*D72) -> 0
A73: 15 | B73: מתקני מיזוג אוויר | F73: =IF(E73="","",E73*0.15) | G73: =IF(E73="","",E73*0.05) | H73: =IF(E73="","",E73*1.05*0.85) | I73: =IF(D73="","",H73*D73)
A74: 15.041 | B74: מזגנים מפוצלים ויחידות מיני מרכזיות | F74: =IF(E74="","",E74*0.15) | G74: =IF(E74="","",E74*0.05) | H74: =IF(E74="","",E74*1.05*0.85) | I74: =IF(D74="","",H74*D74)
A75: 15.041.1210 | B75: מזגן מפוצל אינוורטר (התקנה סטנדרטית) כדוגמת "אלקטרה" או ש"ע לתפוקת קירור נומינלית BTU/HR 12,000 (1.2 כ"ס) לרבות 2.0 מ"א ראשונים של צנרת גז וחשמל, מותקן מושלם | C75: קומפ | D75: 0 | E75: 3500 | F75: =IF(E75="","",E75*0.15) -> 525 | G75: =IF(E75="","",E75*0.05) -> 175 | H75: =IF(E75="","",E75*1.05*0.85) -> 3123.75 | I75: =IF(D75="","",H75*D75) -> 0
A76: 15.041.4010 | B76: צנרת גז וחשמל למזגן עם מעטה למיזוג אוויר (צמ"א) הכוללת 2 צינורות נחושת מבודדים בקטרים "1/2, "7/8, צינור חשמל עם כבל רב גידי, הכל מאוגד יחדיו בשרוול (מעל 2.0 מ"א הראשונים הכלולים במחיר התקנת מזגן), לרבות מילוי גז ושמן כנדרש לתוספת צנרת זו | C76: מ' | D76: 0 | E76: 172 | F76: =IF(E76="","",E76*0.15) -> 25.8 | G76: =IF(E76="","",E76*0.05) -> 8.6 | H76: =IF(E76="","",E76*1.05*0.85) -> 153.51 | I76: =IF(D76="","",H76*D76) -> 0
A77: 30.050.9010 | B77: פירוק צלונים/וילונות ונציאניים מסוגים שונים לשימוש חוזר, לרבות קונסטרוקצית תליה וכבלים | C77: מ"ר | D77: =SUM(D17:D19,D25:D27,D29:D30,D32:D34,D36:D38) -> 20.7958 | E77: 48 | F77: =IF(E77="","",E77*0.15) -> 7.2 | G77: =IF(E77="","",E77*0.05) -> 2.4 | H77: =IF(E77="","",E77*1.05*0.85) -> 42.84 | I77: =IF(D77="","",H77*D77) -> 890.89207
A78: 60 | B78: מחירי שעות עבודה ושכירת ציוד | F78: =IF(E78="","",E78*0.15) | G78: =IF(E78="","",E78*0.05) | H78: =IF(E78="","",E78*1.05*0.85) | I78: =IF(D78="","",H78*D78)
A79: 60.020 | B79: ש"ע פועלי בנין - מחירי קבלן משנה | F79: =IF(E79="","",E79*0.15) | G79: =IF(E79="","",E79*0.05) | H79: =IF(E79="","",E79*1.05*0.85) | I79: =IF(D79="","",H79*D79)
A80: 60.010.0020 | B80: פועל בנין פשוט | C80: ש"ע | D80: 3 | E80: 130 | F80: =IF(E80="","",E80*0.15) -> 19.5 | G80: =IF(E80="","",E80*0.05) -> 6.5 | H80: =IF(E80="","",E80*1.05*0.85) -> 116.025 | I80: =IF(D80="","",H80*D80) -> 348.075
A81: 60.010.0010 | B81: פועל בנין מקצועי | C81: ש"ע | D81: =2+5 -> 7 | E81: 145 | F81: =IF(E81="","",E81*0.15) -> 21.75 | G81: =IF(E81="","",E81*0.05) -> 7.25 | H81: =IF(E81="","",E81*1.05*0.85) -> 129.4125 | I81: =IF(D81="","",H81*D81) -> 905.8875
A82: 60.030 | B82: ש"ע לשכירת ציוד מכני הנדסי, רכב משא ומיכליות מים | F82: =IF(E82="","",E82*0.15) | G82: =IF(E82="","",E82*0.05) | H82: =IF(E82="","",E82*1.05*0.85) | I82: =IF(D82="","",H82*D82)
A83: 60.030.0605 | B83: משאית מנוף 23-30 טון, אורך זרוע 15-20 מ' (כושר הרמה לפי מפרט היצרן). המחיר הינו לשעתיים עבודה | C83: יח' | D83: 0 | E83: 1460 | F83: =IF(E83="","",E83*0.15) -> 219 | G83: =IF(E83="","",E83*0.05) -> 73 | H83: =IF(E83="","",E83*1.05*0.85) -> 1303.05 | I83: =IF(D83="","",H83*D83) -> 0
A84: 60.030.0634 | B84: משאית מנוף 55-70 טון, אורך זרוע 30-35 מ' (כושר הרמה לפי מפרט היצרן). המחיר הינו לשעתיים עבודה | C84: יח' | D84: 2 | E84: 1810 | F84: =IF(E84="","",E84*0.15) -> 271.5 | G84: =IF(E84="","",E84*0.05) -> 90.5 | H84: =IF(E84="","",E84*1.05*0.85) -> 1615.425 | I84: =IF(D84="","",H84*D84) -> 3230.85
A85: 60.030.0644 | B85: משאית מנוף 95-100 טון, אורך זרוע 35-40 מ' (כושר הרמה לפי מפרט היצרן). המחיר הינו לשעתיים עבודה | C85: יח' | D85: 0 | E85: 2200 | F85: =IF(E85="","",E85*0.15) -> 330 | G85: =IF(E85="","",E85*0.05) -> 110 | H85: =IF(E85="","",E85*1.05*0.85) -> 1963.5 | I85: =IF(D85="","",H85*D85) -> 0
A86: 85 | B86: חומרי איטום ובידוד תרמי | F86: =IF(E86="","",E86*0.15) | G86: =IF(E86="","",E86*0.05) | H86: =IF(E86="","",E86*1.05*0.85) | I86: =IF(D86="","",H86*D86)
A87: 85.095 | B87: חומרים לבידוד תרמי ואקוסטי | F87: =IF(E87="","",E87*0.15) | G87: =IF(E87="","",E87*0.05) | H87: =IF(E87="","",E87*1.05*0.85) | I87: =IF(D87="","",H87*D87)
A88: 85.095.0950 | B88: חומר בלבד: "דבטק" טקסאונד SY50 - יריעה פולימרית סינטטית לבידוד אקוסטי בעובי 2.5 מ"מ (מזרון דק), לא דליק, לקירות בבניין ותעשייה, משקל 5 ק"ג למ"ר - אריזת גליל 7.32 מ"ר, ברוחב 1.22 ובאורך 6.05 (המחיר ביח' לגליל) | C88: מ"ר | D88: 8.48 | E88: 129.78142 | F88: =IF(E88="","",E88*0.15) -> 19.467213 | G88: =IF(E88="","",E88*0.05) -> 6.489071 | H88: =IF(E88="","",E88*1.05*0.85) -> 115.82992 | I88: =IF(D88="","",H88*D88) -> 982.2377
A89: 12.99.0001 | B89: תוספת ידיות מיוחדות ומנגנון נעילה מיוחד לויטרינות | C89: יח' | D89: 1 | E89: 2375.3501 | F89: =IF(E89="","",E89*0.15) -> 356.30252 | G89: =IF(E89="","",E89*0.05) -> 118.76751 | H89: =IF(E89="","",E89*1.05*0.85) -> 2120 | I89: =IF(D89="","",H89*D89) -> 2120
A90: 12.99.0002 | B90: תוספת ידיות מיוחדות ומנגנון נעילה מיוחד לחלונות | C90: יח' | D90: 5 | E90: 950.14006 | F90: =IF(E90="","",E90*0.15) -> 142.52101 | G90: =IF(E90="","",E90*0.05) -> 47.507003 | H90: =IF(E90="","",E90*1.05*0.85) -> 848 | I90: =IF(D90="","",H90*D90) -> 4240
A91: 12.093.0022 | B91: תוספת עבור צבע מטאלי Fine Iron במראה מתכתי ובמרקם חלק בכל הגוונים. התוספת הינה 6% למחירי החלונות | C91: % | D91: =SUM(I17:I20,I25:I27,I29:I30,I32:I34,I36:I38,I42:I45,I64:I65,I89:I90)/0.85/1.05 -> 68504.025 | E91: 0.06 | F91: =IF(E91="","",E91*0.15) -> 0.009 | G91: =IF(E91="","",E91*0.05) -> 0.003 | H91: =IF(E91="","",E91*1.05*0.85) -> 0.05355 | I91: 1897.96
