Workbook

Sheet גיליון1
C1: רחמנפר | D1: 1776 | K1: נתוני מדידה גולמיים (קלט מריכוז כמויות)
K2: שדה | L2: ערך
K3: מס' חדרים | L3: 4
K4: היקף כולל | L4: 46.14
K5: שטח ויטרינה | L5: 13.5432
A6: סעיף | B6: תאור | C6: יח' | D6: כמות | E6: מחיר | F6: הנחת קבלן 15% | G6: תוספת דירה מאוכלסת 5% | H6: סה"כ מחיר יחידה | I6: סה"כ אחרי הנחה | K6: שטח קיפ+קבוע | L6: 3.9525
A7: 60.020.0090 | B7: חשמלאי מוסמך | C7: ש"ע | D7: =IF(SUM(D46,D47,D48,D49,D50,D51)>0,2,0) -> 2 | E7: 150 | F7: =IF(E7="","",E7*0.15) -> 22.5 | G7: =IF(E7="","",E7*0.05) -> 7.5 | H7: =IF(E7="","",E7*1.05*0.85) -> 133.875 | I7: =IF(D7="","",H7*D7) -> 267.75 | K7: שטח רשת כולל | L7: 2.408
A8: 09 | B8: עבודות טיח | K8: מס' חלונות עד 2 מ"ר | L8: 3
A9: 09.011 | B9: טיח פנים | K9: מס' חלונות מעל 2 מ"ר ועד 3 מ"ר | L9: 2
A10: 09.011.9030 | B10: תיקוני טיח פנים קיים על שטחים מישוריים ברצועות רוחב מעל 15 ס"מ ועד 30 ס"מ לאחר הנחת קווי מים, חשמל וכד' בקירות, סביב משקופי חלונות ודלתות שהורכבו בקירות קיימים, במפגשים בין קירות ו/או תקרות חדשים לקיימים הכל לרבות סיתות והתאמת עובי הטיח החדש לקיים | C10: מ' | D10: =L4 -> 46.14 | E10: 64 | F10: =IF(E10="","",E10*0.15) -> 9.6 | G10: =IF(E10="","",E10*0.05) -> 3.2 | H10: =IF(E10="","",E10*1.05*0.85) -> 57.12 | I10: =IF(D10="","",H10*D10) -> 2635.5168 | K10: מספר חלונות מעל 3 מ"ר ועד 5 מ"ר | L10: 0
A11: 11 | B11: עבודות צביעה | K11: רוחב 0-100 | L11: 3
A12: 11.011 | B12: צבע וסיוד פנים, על טיח, בטון, בלוקים וגבס | K12: רוחב 101-150 | L12: 2
A13: 11.011.9660 | B13: חידוש צבע פנים על קירות בדירת חדר מרוהטת בשטח 25-35 מ"ר ובגובה עד 2.70 מ'. הקירות ייצבעו בצבע אקרילי, ללא צביעת התקרות, לרבות הסרת צבע רופף, תיקונים קלים וסתימת חורים, ליטוש הקיר וניקוי שאריות הצבע בגמר העבודה | C13: קומפ | D13: =L3 -> 4 | E13: 1770 | F13: =IF(E13="","",E13*0.15) -> 265.5 | G13: =IF(E13="","",E13*0.05) -> 88.5 | H13: =IF(E13="","",E13*1.05*0.85) -> 1579.725 | I13: =IF(D13="","",H13*D13) -> 6318.9 | K13: רוחב 151-200 | L13: 0
K14: רוחב 201-250 | L14: 1
A15: 12 | B15: עבודות אלומיניום | K15: רוחב 251-300 | L15: 0
A16: 12.011 | B16: חלון אלומיניום נגרר אגף על אגף (הזזה) של 2 ו-3 אגפים | K16: רוחב 301-350 | L16: 0
A17: 12.011.0210 | B17: חלון נגרר אגף על אגף של 2 אגפים ב-2 מסלולים מאולגן/צבוע כדוגמת קליל קלאסי 7000 או ש"ע, זכוכית שקופה בידודית 5+6+6 מ"מ, בשטח מעל 1.0 מ"ר ועד 2.0 מ"ר | C17: מ"ר | D17: 0 | E17: 1760 | F17: =IF(E17="","",E17*0.15) -> 264 | G17: =IF(E17="","",E17*0.05) -> 88 | H17: =IF(E17="","",E17*1.05*0.85) -> 1570.8 | I17: =IF(D17="","",H17*D17) -> 0 | K17: רוחב 351-400 | L17: 1
A18: 12.011.0270 | B18: חלון נגרר אגף על אגף של 2 אגפים ב-2 מסלולים מאולגן/צבוע כדוגמת קליל קלאסי 9000 או ש"ע, זכוכית שקופה בידודית 5+6+6 מ"מ, בשטח מעל 2.0 מ"ר ועד 3.0 מ"ר | C18: מ"ר | D18: =L32+L33 -> 4.816 | E18: 1980 | F18: =IF(E18="","",E18*0.15) -> 297 | G18: =IF(E18="","",E18*0.05) -> 99 | H18: =IF(E18="","",E18*1.05*0.85) -> 1767.15 | I18: =IF(D18="","",H18*D18) -> 8510.5944 | K18: רוחב 401-450 | L18: 0
A19: 12.012.0100 | B19: חלון נגרר אגף על אגף של 3 אגפים ב-3 מסלולים מאולגן/צבוע כדוגמת קליל קלאסי 9000 או ש"ע, זכוכית שקופה בידודית 5+6+6 מ"מ, בשטח מעל 1.0 מ"ר ועד 2.0 מ"ר | C19: מ"ר | D19: 0 | E19: 2210 | F19: =IF(E19="","",E19*0.15) -> 331.5 | G19: =IF(E19="","",E19*0.05) -> 110.5 | H19: =IF(E19="","",E19*1.05*0.85) -> 1972.425 | I19: =IF(D19="","",H19*D19) -> 0 | K19: קומה 0-3 | L19: 0
A20: 12.011.1001 | B20: תוספת עבור חלק קבוע בחלון נגרר אגף על אגף של 2 אגפים. התוספת הינה 15% למחיר מ"ר של החלון | C20: קומפ | D20: =L33*E18+L6*E27 -> 20207.43 | E20: 0.15 | F20: =IF(E20="","",E20*0.15) -> 0.0225 | G20: =IF(E20="","",E20*0.05) -> 0.0075 | H20: =IF(E20="","",E20*1.05*0.85) -> 0.133875 | I20: =IF(D20="","",H20*D20) -> 2705.2697 | K20: קומה 4-7 | L20: 1
A21: 12.011.9000 | B21: פירוק חלונות אלומיניום ומשקופיהם בשטח של עד 2 מ"ר | C21: יח' | D21: =L8 -> 3 | E21: 140 | F21: =IF(E21="","",E21*0.15) -> 21 | G21: =IF(E21="","",E21*0.05) -> 7 | H21: =IF(E21="","",E21*1.05*0.85) -> 124.95 | I21: =IF(D21="","",H21*D21) -> 374.85 | K21: קומה 7 ומעלה | L21: 0
A22: 12.011.9016 | B22: פירוק חלונות אלומיניום ומשקופיהם בשטח של מעל 2 מ"ר ועד 3 מ"ר | C22: יח' | D22: =L9 -> 2 | E22: 240 | F22: =IF(E22="","",E22*0.15) -> 36 | G22: =IF(E22="","",E22*0.05) -> 12 | H22: =IF(E22="","",E22*1.05*0.85) -> 214.2 | I22: =IF(D22="","",H22*D22) -> 428.4 | K22: שטח תריסים לחלונות (אור) | L22: 10.3735
A23: 12.011.9017 | B23: פירוק חלונות אלומיניום ומשקופיהם בשטח של מעל 3 מ"ר ועד 5 מ"ר | C23: יח' | D23: =L10 -> 0 | E23: 310 | F23: =IF(E23="","",E23*0.15) -> 46.5 | G23: =IF(E23="","",E23*0.05) -> 15.5 | H23: =IF(E23="","",E23*1.05*0.85) -> 276.675 | I23: =IF(D23="","",H23*D23) -> 0 | K23: שטח תריסים לדלתות (אור) | L23: 15.3252
A24: 12.014 | B24: חלון אלומיניום ציר צד וחלון דו-צירי סב-נטוי | K24: כמות מנוע עד 20 | L24: 0
A25: 12.014.0400 | B25: חלון ציר-צד מאולגן/צבוע כדוגמת קליל קלאסי | C25: מ"ר | D25: 0 | E25: 2220 | F25: =IF(E25="","",E25*0.15) -> 333 | G25: =IF(E25="","",E25*0.05) -> 111 | H25: =IF(E25="","",E25*1.05*0.85) -> 1981.35 | I25: =IF(D25="","",H25*D25) -> 0 | K25: כמות מנוע 20–30 | L25: 0
A26: 12.014.0650 | B26: חלון ציר-צד מאולגן/צבוע כדוגמת קליל קלאסי | C26: מ"ר | D26: 0 | E26: 2790 | F26: =IF(E26="","",E26*0.15) -> 418.5 | G26: =IF(E26="","",E26*0.05) -> 139.5 | H26: =IF(E26="","",E26*1.05*0.85) -> 2490.075 | I26: =IF(D26="","",H26*D26) -> 0 | K26: כמות מנוע 30–50 | L26: 3
A27: 12.014.0660 | B27: חלון דו-צירי סב נטוי (דריי קיפ), מאולגן/צבוע | C27: מ"ר | D27: =L34+L6 -> 3.9525 | E27: 2700 | F27: =IF(E27="","",E27*0.15) -> 405 | G27: =IF(E27="","",E27*0.05) -> 135 | H27: =IF(E27="","",E27*1.05*0.85) -> 2409.75 | I27: =IF(D27="","",H27*D27) -> 9524.5369 | K27: כמות מנוע 50–70 | L27: 2
A28: 12.016 | B28: חלון אלומיניום קיפ וחלון קבוע | K28: כמות מנוע 70–90 | L28: 0
A29: 12.016.0600 | B29: חלון קבוע כדוגמת קליל קלאסי 4500 או ש"ע, בשטח מעל 0.6 מ"ר ועד 1.0 מ"ר | C29: יח' | D29: 0 | E29: 1310 | F29: =IF(E29="","",E29*0.15) -> 196.5 | G29: =IF(E29="","",E29*0.05) -> 65.5 | H29: =IF(E29="","",E29*1.05*0.85) -> 1169.175 | I29: =IF(D29="","",H29*D29) -> 0 | K29: כמות מנוע 90–120+ | L29: 2
A30: 12.016.0610 | B30: חלון קבוע כדוגמת קליל קלאסי 4500 או ש"ע, בשטח מעל 1.0 מ"ר ועד 2.0 מ"ר | C30: יח' | D30: 0 | E30: 2090 | F30: =IF(E30="","",E30*0.15) -> 313.5 | G30: =IF(E30="","",E30*0.05) -> 104.5 | H30: =IF(E30="","",E30*1.05*0.85) -> 1865.325 | I30: =IF(D30="","",H30*D30) -> 0 | K30: כמות טיפול בארגז | L30: 0
A31: 12.052 | B31: דלתות אלומיניום נגררות אגף על אגף (הזזה) של 3 אגפים | K31: סה"כ טקסאונד | L31: 3.387
A32: 12.052.0020 | B32: דלת נגררת אגף על אגף של 3 אגפים ב-3 מסלולים, קליל 7000, זכוכית מחוסמת 6 מ"מ, 6.0-8.0 מ"ר | C32: מ"ר | D32: 0 | E32: 1760 | F32: =IF(E32="","",E32*0.15) -> 264 | G32: =IF(E32="","",E32*0.05) -> 88 | H32: =IF(E32="","",E32*1.05*0.85) -> 1570.8 | I32: =IF(D32="","",H32*D32) -> 0 | K32: שטח הזזה | L32: 0
A33: 12.052.0070 | B33: דלת נגררת אגף על אגף של 3 אגפים ב-3 מסלולים, קליל 9000, זכוכית מחוסמת 6 מ"מ, 6.0-8.0 מ"ר | C33: מ"ר | D33: =L5 -> 13.5432 | E33: 1850 | F33: =IF(E33="","",E33*0.15) -> 277.5 | G33: =IF(E33="","",E33*0.05) -> 92.5 | H33: =IF(E33="","",E33*1.05*0.85) -> 1651.125 | I33: =IF(D33="","",H33*D33) -> 22361.516 | K33: שטח הזזה+קבוע | L33: 4.816
A34: 12.052.0080 | B34: דלת נגררת אגף על אגף של 3 אגפים ב-3 מסלולים, קליל 9000, זכוכית מחוסמת 8 מ"מ, 8.0-10.0 מ"ר | C34: מ"ר | D34: 0 | E34: 1680 | F34: =IF(E34="","",E34*0.15) -> 252 | G34: =IF(E34="","",E34*0.05) -> 84 | H34: =IF(E34="","",E34*1.05*0.85) -> 1499.4 | I34: =IF(D34="","",H34*D34) -> 0 | K34: שטח קיפ | L34: 0
A35: 12.053 | B35: דלתות אלומיניום ציריות | K35: שטח חלון ציר | L35: 0
A36: 12.053.0200 | B36: דלת ציר אגף אחד, קליל 4500, זכוכית מחוסמת 6 מ"מ, עד 2.0 מ"ר | C36: מ"ר | D36: =L38 -> 0 | E36: 2850 | F36: =IF(E36="","",E36*0.15) -> 427.5 | G36: =IF(E36="","",E36*0.05) -> 142.5 | H36: =IF(E36="","",E36*1.05*0.85) -> 2543.625 | I36: =IF(D36="","",H36*D36) -> 0 | K36: שטח תריסים לחלונות | L36: 0
A37: 12.053.0210 | B37: דלת ציר אגף אחד, קליל 4500, זכוכית מחוסמת 6 מ"מ, 2.0-3.0 מ"ר | C37: מ"ר | D37: 0 | E37: 2300 | F37: =IF(E37="","",E37*0.15) -> 345 | G37: =IF(E37="","",E37*0.05) -> 115 | H37: =IF(E37="","",E37*1.05*0.85) -> 2052.75 | I37: =IF(D37="","",H37*D37) -> 0 | K37: שטח תריסים לדלתות | L37: 0
A38: 12.053.0450 | B38: דלת ציר שני אגפים, קליל קלאסי 4500, זכוכית מחוסמת 6 מ"מ, 3.0-4.0 מ"ר | C38: מ"ר | D38: 0 | E38: 3250 | F38: =IF(E38="","",E38*0.15) -> 487.5 | G38: =IF(E38="","",E38*0.05) -> 162.5 | H38: =IF(E38="","",E38*1.05*0.85) -> 2900.625 | I38: =IF(D38="","",H38*D38) -> 0 | K38: שטח דלת ציר | L38: 0
A39: 12.061 | B39: ויטרינות כניסה מאלומיניום בשטחים ציבוריים
A40: 12.061.9000 | B40: פירוק ויטרינה מאלומיניום, לרבות המשקוף | C40: מ"ר | D40: =D32+D33+D34+D36+D37+D38 -> 13.5432 | E40: 88 | F40: =IF(E40="","",E40*0.15) -> 13.2 | G40: =IF(E40="","",E40*0.05) -> 4.4 | H40: =IF(E40="","",E40*1.05*0.85) -> 78.54 | I40: =IF(D40="","",H40*D40) -> 1063.6829
A41: 12.065 | B41: תריסי רפפה ותריסי גלילה מאלומיניום ומנועים
A42: 12.065.1613 | B42: תריס גלילה רגיל, ארגז מונובלוק 40, 1.0-3.0 מ"ר | C42: מ"ר | D42: =L36 -> 0 | E42: 717 | F42: =IF(E42="","",E42*0.15) -> 107.55 | G42: =IF(E42="","",E42*0.05) -> 35.85 | H42: =IF(E42="","",E42*1.05*0.85) -> 639.9225 | I42: =IF(D42="","",H42*D42) -> 0
A43: 12.065.1615 | B43: תריס גלילה רגיל, ארגז מונובלוק 40, 3.0-6.0 מ"ר | C43: מ"ר | D43: =L37 -> 0 | E43: 582 | F43: =IF(E43="","",E43*0.15) -> 87.3 | G43: =IF(E43="","",E43*0.05) -> 29.1 | H43: =IF(E43="","",E43*1.05*0.85) -> 519.435 | I43: =IF(D43="","",H43*D43) -> 0
A44: 12.065.1710 | B44: תריס גלילה "תריס אור", ארגז מונובלוק 40, 1.0-3.0 מ"ר | C44: מ"ר | D44: =L22 -> 10.3735 | E44: 800 | F44: =IF(E44="","",E44*0.15) -> 120 | G44: =IF(E44="","",E44*0.05) -> 40 | H44: =IF(E44="","",E44*1.05*0.85) -> 714 | I44: =IF(D44="","",H44*D44) -> 7406.679
A45: 12.065.1681 | B45: תריס גלילה "תריס אור" (משוך), ארגז מונובלוק 40, 3.0-6.0 מ"ר | C45: מ"ר | D45: =L23 -> 15.3252 | E45: 1440 | F45: =IF(E45="","",E45*0.15) -> 216 | G45: =IF(E45="","",E45*0.05) -> 72 | H45: =IF(E45="","",E45*1.05*0.85) -> 1285.2 | I45: =IF(D45="","",H45*D45) -> 19695.947
A46: 12.065.2000 | B46: מנוע חשמלי לתריס במשקל עד 20 ק"ג | C46: יח' | D46: =L24 -> 0 | E46: 620 | F46: =IF(E46="","",E46*0.15) -> 93 | G46: =IF(E46="","",E46*0.05) -> 31 | H46: =IF(E46="","",E46*1.05*0.85) -> 553.35 | I46: =IF(D46="","",H46*D46) -> 0
A47: 12.065.2010 | B47: מנוע חשמלי לתריס במשקל מעל 20 ק"ג ועד 30 ק"ג | C47: יח' | D47: =L25 -> 0 | E47: 750 | F47: =IF(E47="","",E47*0.15) -> 112.5 | G47: =IF(E47="","",E47*0.05) -> 37.5 | H47: =IF(E47="","",E47*1.05*0.85) -> 669.375 | I47: =IF(D47="","",H47*D47) -> 0
A48: 12.065.2020 | B48: מנוע חשמלי לתריס במשקל מעל 30 ק"ג ועד 50 ק"ג | C48: יח' | D48: =L26 -> 3 | E48: 1020 | F48: =IF(E48="","",E48*0.15) -> 153 | G48: =IF(E48="","",E48*0.05) -> 51 | H48: =IF(E48="","",E48*1.05*0.85) -> 910.35 | I48: =IF(D48="","",H48*D48) -> 2731.05
A49: 12.065.2030 | B49: מנוע חשמלי לתריס במשקל מעל 50 ק"ג ועד 70 ק"ג | C49: יח' | D49: =L27 -> 2 | E49: 1370 | F49: =IF(E49="","",E49*0.15) -> 205.5 | G49: =IF(E49="","",E49*0.05) -> 68.5 | H49: =IF(E49="","",E49*1.05*0.85) -> 1222.725 | I49: =IF(D49="","",H49*D49) -> 2445.45
A50: 12.065.2040 | B50: מנוע חשמלי לתריס במשקל מעל 70 ק"ג ועד 90 ק"ג | C50: יח' | D50: =L28 -> 0 | E50: 1650 | F50: =IF(E50="","",E50*0.15) -> 247.5 | G50: =IF(E50="","",E50*0.05) -> 82.5 | H50: =IF(E50="","",E50*1.05*0.85) -> 1472.625 | I50: =IF(D50="","",H50*D50) -> 0
A51: 12.065.2050 | B51: מנוע חשמלי לתריס במשקל מעל 90 ק"ג ועד 120 ק"ג | C51: יח' | D51: =L29 -> 2 | E51: 1820 | F51: =IF(E51="","",E51*0.15) -> 273 | G51: =IF(E51="","",E51*0.05) -> 91 | H51: =IF(E51="","",E51*1.05*0.85) -> 1624.35 | I51: =IF(D51="","",H51*D51) -> 3248.7
A52: 12.065.9000 | B52: פירוק תריסי אלומיניום ומשקופיהם בשטח של עד 2 מ"ר | C52: יח' | D52: 0 | E52: 130 | F52: =IF(E52="","",E52*0.15) -> 19.5 | G52: =IF(E52="","",E52*0.05) -> 6.5 | H52: =IF(E52="","",E52*1.05*0.85) -> 116.025 | I52: =IF(D52="","",H52*D52) -> 0
A53: 12.065.9020 | B53: פירוק תריסי אלומיניום ומשקופיהם בשטח של מעל 2 מ"ר | C53: מ"ר | D53: =D42+D43+D44+D45 -> 25.6987 | E53: 60 | F53: =IF(E53="","",E53*0.15) -> 9 | G53: =IF(E53="","",E53*0.05) -> 3 | H53: =IF(E53="","",E53*1.05*0.85) -> 53.55 | I53: =IF(D53="","",H53*D53) -> 1376.1654
A54: 12.065.9100 | B54: פירוק ארגז תריס קיים במידות 35/100 ס"מ | C54: יח' | D54: =L11 -> 3 | E54: 109 | F54: =IF(E54="","",E54*0.15) -> 16.35 | G54: =IF(E54="","",E54*0.05) -> 5.45 | H54: =IF(E54="","",E54*1.05*0.85) -> 97.2825 | I54: =IF(D54="","",H54*D54) -> 291.8475
A55: 12.065.9110 | B55: פירוק ארגז תריס קיים במידות 35/150 ס"מ | C55: יח' | D55: =L12 -> 2 | E55: 121 | F55: =IF(E55="","",E55*0.15) -> 18.15 | G55: =IF(E55="","",E55*0.05) -> 6.05 | H55: =IF(E55="","",E55*1.05*0.85) -> 107.9925 | I55: =IF(D55="","",H55*D55) -> 215.985
A56: 12.065.0001 | B56: פירוק ארגז תריס קיים 35/200 | C56: יח' | D56: =L13 -> 0 | E56: 133 | F56: =IF(E56="","",E56*0.15) -> 19.95 | G56: =IF(E56="","",E56*0.05) -> 6.65 | H56: =IF(E56="","",E56*1.05*0.85) -> 118.7025 | I56: =IF(D56="","",H56*D56) -> 0
A57: 12.065.0002 | B57: פירוק ארגז תריס קיים 35/250 | C57: יח' | D57: =L14 -> 1 | E57: 145 | F57: =IF(E57="","",E57*0.15) -> 21.75 | G57: =IF(E57="","",E57*0.05) -> 7.25 | H57: =IF(E57="","",E57*1.05*0.85) -> 129.4125 | I57: =IF(D57="","",H57*D57) -> 129.4125
A58: 12.065.0003 | B58: פירוק ארגז תריס קיים 35/300 | C58: יח' | D58: =L15 -> 0 | E58: 157 | F58: =IF(E58="","",E58*0.15) -> 23.55 | G58: =IF(E58="","",E58*0.05) -> 7.85 | H58: =IF(E58="","",E58*1.05*0.85) -> 140.1225 | I58: =IF(D58="","",H58*D58) -> 0
A59: 12.065.0004 | B59: פירוק ארגז תריס קיים 35/350 | C59: יח' | D59: =L16 -> 0 | E59: 169 | F59: =IF(E59="","",E59*0.15) -> 25.35 | G59: =IF(E59="","",E59*0.05) -> 8.45 | H59: =IF(E59="","",E59*1.05*0.85) -> 150.8325 | I59: =IF(D59="","",H59*D59) -> 0
A60: 12.065.0005 | B60: פירוק ארגז תריס קיים 35/400 | C60: יח' | D60: =L17 -> 1 | E60: 181 | F60: =IF(E60="","",E60*0.15) -> 27.15 | G60: =IF(E60="","",E60*0.05) -> 9.05 | H60: =IF(E60="","",E60*1.05*0.85) -> 161.5425 | I60: =IF(D60="","",H60*D60) -> 161.5425
A61: 12.065.0006 | B61: פירוק ארגז תריס קיים 35/450 | C61: יח' | D61: =L18 -> 0 | E61: 193 | F61: =IF(E61="","",E61*0.15) -> 28.95 | G61: =IF(E61="","",E61*0.05) -> 9.65 | H61: =IF(E61="","",E61*1.05*0.85) -> 172.2525 | I61: =IF(D61="","",H61*D61) -> 0
A62: 12.067 | B62: רשתות גלילה ורשתות יתושים
A63: 12.067.9000 | B63: פירוק רשתות יתושים, לרבות מסגרת | C63: מ"ר | D63: =L7 -> 2.408 | E63: 53 | F63: =IF(E63="","",E63*0.15) -> 7.95 | G63: =IF(E63="","",E63*0.05) -> 2.65 | H63: =IF(E63="","",E63*1.05*0.85) -> 47.3025 | I63: =IF(D63="","",H63*D63) -> 113.90442
A64: 12.067.0200 | B64: רשת יתושים קטנה מפיברגלס, 0.6-1.0 מ"ר | C64: מ"ר | D64: 0 | E64: 880 | F64: =IF(E64="","",E64*0.15) -> 132 | G64: =IF(E64="","",E64*0.05) -> 44 | H64: =IF(E64="","",E64*1.05*0.85) -> 785.4 | I64: =IF(D64="","",H64*D64) -> 0
A65: 12.067.0210 | B65: רשת יתושים קטנה מפיברגלס, 1.0-2.0 מ"ר | C65: מ"ר | D65: =D63 -> 2.408 | E65: 650 | F65: =IF(E65="","",E65*0.15) -> 97.5 | G65: =IF(E65="","",E65*0.05) -> 32.5 | H65: =IF(E65="","",E65*1.05*0.85) -> 580.125 | I65: =IF(D65="","",H65*D65) -> 1396.941
A66: 12.068 | B66: זכוכית לזיגוג דלתות וחלונות, ציפויים ותוספות
A67: 12.068.1320 | B67: זכוכית בטחון 5+5 מ"מ עם 0.76 P.V.B | C67: מ"ר | D67: 0 | E67: 265 | F67: =IF(E67="","",E67*0.15) -> 39.75 | G67: =IF(E67="","",E67*0.05) -> 13.25 | H67: =IF(E67="","",E67*1.05*0.85) -> 236.5125 | I67: =IF(D67="","",H67*D67) -> 0
A68: 12.068.1216 | B68: זכוכית שקופה בידודית מחוסמת משני הצדדים 6+10+8 מ"מ | C68: מ"ר | D68: =-D69-D70 -> 13.5432 | E68: 375 | F68: =IF(E68="","",E68*0.15) -> 56.25 | G68: =IF(E68="","",E68*0.05) -> 18.75 | H68: =IF(E68="","",E68*1.05*0.85) -> 334.6875 | I68: =IF(D68="","",H68*D68) -> 4532.7398
A69: 12.068.1172 | B69: זכוכית שקופה בידודית 5+6+6 מ"מ | C69: מ"ר | D69: =-D19 -> 0 | E69: 317 | F69: =IF(E69="","",E69*0.15) -> 47.55 | G69: =IF(E69="","",E69*0.05) -> 15.85 | H69: =IF(E69="","",E69*1.05*0.85) -> 282.9225 | I69: =IF(D69="","",H69*D69) -> 0
A70: 12.068.1004 | B70: זכוכית שטוחה מחוסמת בעובי 6 מ"מ | C70: מ"ר | D70: =-(D32+D33+D34+D36+D37+D38) -> -13.5432 | E70: 172 | F70: =IF(E70="","",E70*0.15) -> 25.8 | G70: =IF(E70="","",E70*0.05) -> 8.6 | H70: =IF(E70="","",E70*1.05*0.85) -> 153.51 | I70: =IF(D70="","",H70*D70) -> -2079.0166
A71: 12.068.0902 | B71: זכוכית שטוחה שקופה בעובי 5 מ"מ | C71: מ"ר | D71: 0 | E71: 94 | F71: =IF(E71="","",E71*0.15) -> 14.1 | G71: =IF(E71="","",E71*0.05) -> 4.7 | H71: =IF(E71="","",E71*1.05*0.85) -> 83.895 | I71: =IF(D71="","",H71*D71) -> 0
A72: 12.068.1002 | B72: זכוכית שטוחה מחוסמת בעובי 5 מ"מ | C72: מ"ר | D72: 0 | E72: 157 | F72: =IF(E72="","",E72*0.15) -> 23.55 | G72: =IF(E72="","",E72*0.05) -> 7.85 | H72: =IF(E72="","",E72*1.05*0.85) -> 140.1225 | I72: =IF(D72="","",H72*D72) -> 0
A73: 15 | B73: מתקני מיזוג אוויר
A74: 15.041 | B74: מזגנים מפוצלים ויחידות מיני מרכזיות
A75: 15.041.1210 | B75: מזגן מפוצל אינוורטר (התקנה סטנדרטית) 12,000 BTU | C75: קומפ | D75: 0 | E75: 3500 | F75: =IF(E75="","",E75*0.15) -> 525 | G75: =IF(E75="","",E75*0.05) -> 175 | H75: =IF(E75="","",E75*1.05*0.85) -> 3123.75 | I75: =IF(D75="","",H75*D75) -> 0
A76: 15.041.4010 | B76: צנרת גז וחשמל למזגן | C76: מ' | D76: 0 | E76: 172 | F76: =IF(E76="","",E76*0.15) -> 25.8 | G76: =IF(E76="","",E76*0.05) -> 8.6 | H76: =IF(E76="","",E76*1.05*0.85) -> 153.51 | I76: =IF(D76="","",H76*D76) -> 0
A77: 30.050.9010 | B77: פירוק צלונים/וילונות ונציאניים מסוגים שונים לשימוש חוזר | C77: מ"ר | D77: =D42+D43+D44+D45 -> 25.6987 | E77: 48 | F77: =IF(E77="","",E77*0.15) -> 7.2 | G77: =IF(E77="","",E77*0.05) -> 2.4 | H77: =IF(E77="","",E77*1.05*0.85) -> 42.84 | I77: =IF(D77="","",H77*D77) -> 1100.9323
A78: 60 | B78: מחירי שעות עבודה ושכירת ציוד
A79: 60.020 | B79: ש"ע פועלי בנין - מחירי קבלן משנה
A80: 60.010.0020 | B80: פועל בנין פשוט | C80: ש"ע | D80: 3 | E80: 130 | F80: =IF(E80="","",E80*0.15) -> 19.5 | G80: =IF(E80="","",E80*0.05) -> 6.5 | H80: =IF(E80="","",E80*1.05*0.85) -> 116.025 | I80: =IF(D80="","",H80*D80) -> 348.075
A81: 60.010.0010 | B81: פועל בנין מקצועי | C81: ש"ע | D81: =D51*2+D46+D47+D48+D49+D50+L30 -> 9 | E81: 145 | F81: =IF(E81="","",E81*0.15) -> 21.75 | G81: =IF(E81="","",E81*0.05) -> 7.25 | H81: =IF(E81="","",E81*1.05*0.85) -> 129.4125 | I81: =IF(D81="","",H81*D81) -> 1164.7125
A82: 60.030 | B82: ש"ע לשכירת ציוד מכני הנדסי, רכב משא ומיכליות
A83: 60.030.0605 | B83: משאית מנוף 23-30 טון, אורך זרוע 15-20 מ' (קומה 0-3) | C83: יח' | D83: =IF(L19>0,IF(SUM(D46,D47,D48,D49,D50,D51)>5,2,1),0) -> 0 | E83: 1460 | F83: =IF(E83="","",E83*0.15) -> 219 | G83: =IF(E83="","",E83*0.05) -> 73 | H83: =IF(E83="","",E83*1.05*0.85) -> 1303.05 | I83: =IF(D83="","",H83*D83) -> 0
A84: 60.030.0634 | B84: משאית מנוף 55-70 טון, אורך זרוע 30-35 מ' (קומה 4-7) | C84: יח' | D84: =IF(L20>0,IF(SUM(D46,D47,D48,D49,D50,D51)>5,2,1),0) -> 2 | E84: 1810 | F84: =IF(E84="","",E84*0.15) -> 271.5 | G84: =IF(E84="","",E84*0.05) -> 90.5 | H84: =IF(E84="","",E84*1.05*0.85) -> 1615.425 | I84: =IF(D84="","",H84*D84) -> 3230.85
A85: 60.030.0644 | B85: משאית מנוף 95-100 טון, אורך זרוע 35-40 מ' (קומה 7+) | C85: יח' | D85: =IF(L21>0,IF(SUM(D46,D47,D48,D49,D50,D51)>5,2,1),0) -> 0 | E85: 2200 | F85: =IF(E85="","",E85*0.15) -> 330 | G85: =IF(E85="","",E85*0.05) -> 110 | H85: =IF(E85="","",E85*1.05*0.85) -> 1963.5 | I85: =IF(D85="","",H85*D85) -> 0
A86: 85 | B86: חומרי איטום ובידוד תרמי
A87: 85.095 | B87: חומרים לבידוד תרמי ואקוסטי
A88: 85.095.0950 | B88: חומר בלבד: "דבטק" טקסאונד SY50 | C88: מ"ר | D88: =L31 -> 3.387 | E88: 129.78142 | F88: =IF(E88="","",E88*0.15) -> 19.467213 | G88: =IF(E88="","",E88*0.05) -> 6.489071 | H88: =IF(E88="","",E88*1.05*0.85) -> 115.82992 | I88: =IF(D88="","",H88*D88) -> 392.31593
A89: 12.99.0001 | B89: תוספת ידיות מיוחדות ומנגנון נעילה מיוחד לויטרינות | C89: יח' | D89: 0 | E89: 2375.3501 | F89: =IF(E89="","",E89*0.15) -> 356.30252 | G89: =IF(E89="","",E89*0.05) -> 118.76751 | H89: =IF(E89="","",E89*1.05*0.85) -> 2120 | I89: =IF(D89="","",H89*D89) -> 0
A90: 12.99.0002 | B90: תוספת ידיות מיוחדות ומנגנון נעילה מיוחד לחלונות | C90: יח' | D90: 0 | E90: 950.14006 | F90: =IF(E90="","",E90*0.15) -> 142.52101 | G90: =IF(E90="","",E90*0.05) -> 47.507003 | H90: =IF(E90="","",E90*1.05*0.85) -> 848 | I90: =IF(D90="","",H90*D90) -> 0
A91: 12.093.0022 | B91: תוספת עבור צבע מטאלי Fine Iron (6% למחירי החלונות) | C91: % | D91: =SUM(I17:I20,I25:I27,I29:I30,I32:I34,I36:I38,I42:I45,I64:I65,I89:I90)/0.85/1.05 -> 80225.753 | E91: 0.06 | F91: =IF(E91="","",E91*0.15) -> 0.009 | G91: =IF(E91="","",E91*0.05) -> 0.003 | H91: =IF(E91="","",E91*1.05*0.85) -> 0.05355 | I91: =IF(D91="","",H91*D91) -> 4296.089
A92: 60.020.0067 | B92: צוות לעב' אלומיניום - קריאה מיוחדת (הזמנות ארגזי תריס בלבד) | C92: י"ע | D92: 0 | E92: 3500 | F92: =IF(E92="","",E92*0.15) -> 525 | G92: =IF(E92="","",E92*0.05) -> 175 | H92: =IF(E92="","",E92*1.05*0.85) -> 3123.75 | I92: =IF(D92="","",H92*D92) -> 0
B93: 01 - עבודות עפר | I93: =SUMIF(A:A,"01.*",I:I) -> 0
B94: 05 - עבודות איטום | I94: =SUMIF(A:A,"05.*",I:I) -> 0
B95: 09 - עבודות טיח | I95: =SUMIF(A:A,"09.*",I:I) -> 2635.5168
B96: 11 - עבודות צביעה | I96: =SUMIF(A:A,"11.*",I:I) -> 6318.9
B97: 12 - עבודות אלומיניום | I97: =SUMIF(A:A,"12.*",I:I) -> 90932.287
B98: 15 - מתקני מיזוג אוויר | I98: =SUMIF(A:A,"15.*",I:I) -> 0
B99: וילונות - 30 | I99: =SUMIF(A:A,"30.*",I:I) -> 1100.9323
B100: 60 - מחירי שעות עבודה ושכירת ציוד | I100: =SUMIF(A:A,"60.*",I:I) -> 5011.3875
...

Sheet גיליון2
A2: פירוט כמויות
A3: הזמנה מס' | B3: =גיליון1!D1 -> 1776 | D3: כתובת | E3: משה רינת 4, קומה 7 דירה 25
A7: תיאור המדידה | B7: כמות | C7: יח' מידה
A8: שטח חלונות הזזה | B8: =_xlfn.XLOOKUP(A11,גיליון1!A:A,גיליון1!D:D,"לא מוצא") -> 4.816 | C8: מ"ר
A9: מכיל את הסעיפים: | E9: אורך כפול רוחב החלון
A10: מס' סעיף | B10: תיאור סעיף
A11: 12.011.0270 | B11: חלון אגף על אגף
A12: 12.011.1001 | B12: תוספת עבור חלק קבוע
A13: 12.065.1613 | B13: תריס גלילה
A14: 12.093.0022 | B14: תוספת עבור צבע מטאלי
A16: תיאור המדידה | B16: כמות | C16: יח' מידה
A17: מטר אורך היקף חלונות וויטרינות | B17: =_xlfn.XLOOKUP(A20,גיליון1!A:A,גיליון1!D:D,"לא מוצא") -> 46.14 | C17: מטר
A18: מכיל את הסעיפים: | E18: פעמיים אורך החלון + פעמיים רוחב החלון אם מדובר בויטרינה - רוחב החלון נמדד רק פעם אחת
A19: מס' סעיף | B19: תיאור סעיף
A20: 09.011.9030 | B20: תיקוני טיח פנים על שטחים מישוריים
A23: תיאור המדידה | B23: כמות | C23: יח' מידה
A24: מס' חדרים | B24: =_xlfn.XLOOKUP(A27,גיליון1!A:A,גיליון1!D:D,"לא מוצא") -> 4 | C24: קומפ' | E24: מס' החדרים שבהם הוחלפו חלונות או ויטרינות סלון+מטבח נמדדים כחדר וחצי
A25: מכיל את הסעיפים:
A26: מס' סעיף | B26: תיאור סעיף
A27: 11.011.9660 | B27: חידוש צבע פנים לחדר כולל תיקונים
A30: תיאור המדידה | B30: כמות | C30: יח' מידה | E30: מס' החלונות שפורקו
A31: מס' חלונות | B31: =_xlfn.XLOOKUP(A34,גיליון1!A:A,גיליון1!D:D,"לא מוצא") -> 0 | C31: יח'
A32: מכיל את הסעיפים:
A33: מס' סעיף | B33: תיאור סעיף
A34: 12.011.9017 | B34: פירוק חלונות אלומיניום ומשקופיהם
A37: תיאור המדידה | B37: כמות | C37: יח' מידה | E37: אורך כפול רוחב הויטרינה
A38: שטח ויטרינות | B38: =_xlfn.XLOOKUP(A41,גיליון1!A:A,גיליון1!D:D,"לא מוצא") -> 13.5432 | C38: מ"ר
A39: מכיל את הסעיפים:
A40: מס' סעיף | B40: תיאור סעיף
A41: 12.052.0070 | B41: דלת נגררת אגף על אגף של 3 אגפים ב-3 מסלולים מאולגנת/צבועה כדוגמת קליל קלאסי 9000 או ש"ע, זכוכית מחוסמת בעובי 6 מ"מ, בשטח מעל 6.0 מ"ר ועד 8.0 מ"ר
A42: 12.061.9000 | B42: פירוק ויטרינה מאלומיניום, לרבות המשקוף
A43: 12.068.1216 | B43: זכוכית שקופה בידודית מחוסמת משני הצדדים 6+10+8 מ"מ
A44: 12.068.1004 | B44: הפחתת זכוכית שטוחה מחוסמת בעובי 6 מ"מ
A45: 12.065.1615 | B45: תריס גלילה עם רפפות מפח אלומיניום עם פוליאוריטן מוקצף לרבות ארגז תריס מונובלוק 40, בשטח מעל 3.0 מ"ר ועד 6.0 מ"ר
A46: 12.093.0022 | B46: תוספת עבור צבע מטאלי
A48: תיאור המדידה | B48: כמות | C48: יח' מידה | E48: כמות המנועים שהוחלפו פירוט הכמות נמצא בכתב הכמויות כדי לא להעמיס על המסמך
A49: מנועים חשמליים | B49: =SUM(D52:D57) -> 7 | C49: יח'
A50: מכיל את הסעיפים:
A51: מס' סעיף | B51: תיאור סעיף | D51: כמות
A52: 12.065.2000 | B52: מנוע חשמלי לתריס במשקל עד 20 ק"ג, לא כולל נק' החשמל | C52: מנוע חשמלי לתריס במשקל עד 20 ק"ג, לא כולל נק' החשמל | D52: =_xlfn.XLOOKUP(A52,גיליון1!A:A,גיליון1!D:D,0) -> 0
A53: 12.065.2010 | B53: מנוע חשמלי לתריס במשקל מעל 20 ק"ג ועד 30 ק"ג, לא כולל נק' החשמל | C53: מנוע חשמלי לתריס במשקל מעל 20 ק"ג ועד 30 ק"ג, לא כולל נק' החשמל | D53: =_xlfn.XLOOKUP(A53,גיליון1!A:A,גיליון1!D:D,0) -> 0
A54: 12.065.2020 | B54: מנוע חשמלי לתריס במשקל מעל 30 ק"ג ועד 50 ק"ג, לא כולל נק' החשמל | C54: מנוע חשמלי לתריס במשקל מעל 30 ק"ג ועד 50 ק"ג, לא כולל נק' החשמל | D54: =_xlfn.XLOOKUP(A54,גיליון1!A:A,גיליון1!D:D,0) -> 3
A55: 12.065.2030 | B55: מנוע חשמלי לתריס במשקל מעל 50 ק"ג ועד 70 ק"ג, לא כולל נק' החשמל | C55: מנוע חשמלי לתריס במשקל מעל 50 ק"ג ועד 70 ק"ג, לא כולל נק' החשמל | D55: =_xlfn.XLOOKUP(A55,גיליון1!A:A,גיליון1!D:D,0) -> 2
A56: 12.065.2040 | B56: מנוע חשמלי לתריס במשקל מעל 70 ק"ג ועד 90 ק"ג, לא כולל נק' החשמל | C56: מנוע חשמלי לתריס במשקל מעל 70 ק"ג ועד 90 ק"ג, לא כולל נק' החשמל | D56: =_xlfn.XLOOKUP(A56,גיליון1!A:A,גיליון1!D:D,0) -> 0
A57: 12.065.2050 | B57: מנוע חשמלי לתריס במשקל מעל 90 ק"ג ועד 120 ק"ג, לא כולל נק' החשמל | C57: מנוע חשמלי לתריס במשקל מעל 90 ק"ג ועד 120 ק"ג, לא כולל נק' החשמל | D57: =_xlfn.XLOOKUP(A57,גיליון1!A:A,גיליון1!D:D,0) -> 2
A59: תיאור המדידה | B59: כמות | C59: יח' מידה | E59: כמות ארגזי תריס שפורקו
A60: פירוק ארגז תריס | B60: =SUM(D63:D70) -> 7 | C60: יח'
A61: מכיל את הסעיפים:
A62: מס' סעיף | B62: תיאור סעיף | D62: כמות
A63: 12.065.9100 | B63: פירוק ארגז תריס קיים 35/100 | C63: מנוע חשמלי לתריס במשקל מעל 70 ק"ג ועד 90 ק"ג, לא כולל נק' החשמל | D63: =_xlfn.XLOOKUP(A63,גיליון1!A:A,גיליון1!D:D,0) -> 3
A64: 12.065.9110 | B64: פירוק ארגז תריס קיים 35/150 | C64: מנוע חשמלי לתריס במשקל מעל 70 ק"ג ועד 90 ק"ג, לא כולל נק' החשמל | D64: =_xlfn.XLOOKUP(A64,גיליון1!A:A,גיליון1!D:D,0) -> 2
A65: 12.065.0001 | B65: פירוק ארגז תריס קיים 35/200 | C65: מנוע חשמלי לתריס במשקל מעל 70 ק"ג ועד 90 ק"ג, לא כולל נק' החשמל | D65: =_xlfn.XLOOKUP(A65,גיליון1!A:A,גיליון1!D:D,0) -> 0
A66: 12.065.0002 | B66: פירוק ארגז תריס קיים 35/250 | C66: מנוע חשמלי לתריס במשקל מעל 70 ק"ג ועד 90 ק"ג, לא כולל נק' החשמל | D66: =_xlfn.XLOOKUP(A66,גיליון1!A:A,גיליון1!D:D,0) -> 1
A67: 12.065.0003 | B67: פירוק ארגז תריס קיים 35/300 | C67: מנוע חשמלי לתריס במשקל מעל 70 ק"ג ועד 90 ק"ג, לא כולל נק' החשמל | D67: =_xlfn.XLOOKUP(A67,גיליון1!A:A,גיליון1!D:D,0) -> 0
A68: 12.065.0004 | B68: פירוק ארגז תריס קיים 35/350 | C68: מנוע חשמלי לתריס במשקל מעל 70 ק"ג ועד 90 ק"ג, לא כולל נק' החשמל | D68: =_xlfn.XLOOKUP(A68,גיליון1!A:A,גיליון1!D:D,0) -> 0
A69: 12.065.0005 | B69: פירוק ארגז תריס קיים 35/400 | C69: מנוע חשמלי לתריס במשקל מעל 70 ק"ג ועד 90 ק"ג, לא כולל נק' החשמל | D69: =_xlfn.XLOOKUP(A69,גיליון1!A:A,גיליון1!D:D,0) -> 1
A70: 12.065.0006 | B70: פירוק ארגז תריס קיים 35/450 | C70: מנוע חשמלי לתריס במשקל מעל 70 ק"ג ועד 90 ק"ג, לא כולל נק' החשמל | D70: =_xlfn.XLOOKUP(A70,גיליון1!A:A,גיליון1!D:D,0) -> 0
A73: תיאור המדידה | B73: כמות | C73: יח' מידה | E73: בחלון - שטח חצי הפתח שקיבל רשת בויטרינה - שטח 2/3 מהפתח
A74: שטח רשתות | B74: 0 | C74: מ"ר
A75: מכיל את הסעיפים:
A76: מס' סעיף | B76: תיאור סעיף
A77: 12.067.9000 | B77: פירוק רשתות
A78: 12.067.0201 | B78: התקנת רשתות
A80: תיאור המדידה | B80: כמות | C80: יח' מידה | E80: ההובלה וההנפה שבוצעה לדירה בחירת מנוף לפי:
A81: הובלה והנפת ציוד | B81: =SUM(D84:D86) -> 2 | C81: יח' | E81: דירה עם מעל 5 פריטים - כמות 2
A82: מכיל את הסעיפים:
A83: מס' סעיף | B83: תיאור סעיף | D83: כמות
A84: 60.030.0605 | B84: משאית מנוף 23-30 טון | D84: =_xlfn.XLOOKUP(A84,גיליון1!A:A,גיליון1!D:D,0) -> 0 | E84: לדירות עד קומה 3
A85: 60.030.0634 | B85: משאית מנוף 55-70 טון | D85: =_xlfn.XLOOKUP(A85,גיליון1!A:A,גיליון1!D:D,0) -> 2 | E85: לדירות מ3 עד 7
A86: 60.030.0644 | B86: משאית מנוף 95-100 טון | D86: =_xlfn.XLOOKUP(A86,גיליון1!A:A,גיליון1!D:D,0) -> 0 | E86: לדירות מ8 עד 15
A88: תיאור המדידה | B88: כמות | C88: יח' מידה | E88: החומר נמדד במ"ר כפרורטה ליחידת גליל במידות 6.05*1.22 החישוב הוא (כאשר r=רוחב החלון) r*(0.3+0.2*2)+0.2*2*0.1 שתי פאות צדדיות + 2 פאות עליונות + פאת חזית
A89: חומר בידוד טקסאונד | B89: =_xlfn.XLOOKUP(A92,גיליון1!A:A,גיליון1!D:D,"לא מוצא") -> 3.387 | C89: מ"ר
A90: מכיל את הסעיפים:
A91: מס' סעיף | B91: תיאור סעיף
A92: 85.095.0950 | B92: חומר בלבד: טקסאונד SY50
A94: תיאור המדידה | B94: כמות | C94: יח' מידה | E94: שטח חלונות + שטח ויטרינות שהוחלפו
A95: שטח חלונות + ויטרינות | B95: =B38+B8 -> 18.3592 | C95: מ"ר
A96: מכיל את הסעיפים:
A97: מס' סעיף | B97: תיאור סעיף
A98: 30.050.9010 | B98: פירוק צלונים/וילונות ונציאניים
A99: 12.065.9020 | B99: פירוק תריסי אלומיניום
A101: תיאור המדידה | B101: כמות | C101: יח' מידה | E101: 2 ש"ע לויטרינה + 1 ש"ע לחלון
A102: שעות עבודה פועל לטקסאונד | B102: =_xlfn.XLOOKUP(A105,גיליון1!A:A,גיליון1!D:D,"לא מוצא") -> 9 | C102: ש"ע
A103: מכיל את הסעיפים:
A104: מס' סעיף | B104: תיאור סעיף
A105: 60.010.0010 | B105: פועל בנין מקצועי
A108: תיאור המדידה | B108: כמות | C108: יח' מידה
A109: ידיות סיבוביות לחלונות | B109: =(B49) -> 7 | C109: יח'
A110: מכיל את הסעיפים:
A111: מס' סעיף | B111: תיאור סעיף | D111: כמות
A112: 12.99.0001 | B112: תוספת ידיות מיוחדות ומנגנון נעילה מיוחד לויטרינות | D112: =B109-D113 -> 7
A113: 12.99.0002 | B113: תוספת ידיות מיוחדות ומנגנון נעילה מיוחד לחלונות | D113: =B31 -> 0
A117: תיאור המדידה | B117: כמות | C117: יח' מידה
A118: תוספת לגוון IRON | B118: =_xlfn.XLOOKUP(A121,גיליון1!A:A,גיליון1!D:D,"לא מוצא") -> 80225.753 | C118: יח'
A119: מכיל את הסעיפים:
A120: מס' סעיף | B120: תיאור סעיף
A121: 12.093.0022 | B121: תוספת עבור צבע מטאלי Fine Iron
A123: מחשב את הסעיפים הבאים:
A124: 12.011.0210 | B124: חלון נגרר אגף על אגף של 2 א...
A125: 12.011.0270 | B125: חלון נגרר אגף על אגף של 2 א...
...
