Workbook

Sheet 1549
C1: כהן אלדן | D1: 1549 | K1: נתוני מדידה גולמיים (קלט מריכוז כמויות)
K2: שדה | L2: ערך
K3: מס' חדרים | L3: 4
K4: היקף כולל | L4: 31.96
K5: שטח ויטרינה | L5: 7.85
A6: סעיף | B6: תאור | C6: יח' | D6: כמות | E6: מחיר | F6: הנחת קבלן 15% | G6: תוספת דירה מאוכלסת 5% | H6: סה"כ מחיר יחידה | I6: סה"כ אחרי הנחה | K6: שטח קיפ+קבוע | L6: 0
A7: 60.020.0090 | B7: חשמלאי מוסמך | C7: ש"ע | D7: =IF(SUM(D65,D66,D67,D68,D69,D70)>0,2,0) -> 2 | E7: 150 | F7: =IF(E7="","",E7*0.15) -> 22.5 | G7: =IF(E7="","",E7*0.05) -> 7.5 | H7: =IF(E7="","",E7*1.05*0.85) -> 133.875 | I7: =IF(D7="","",H7*D7) -> 267.75 | K7: שטח רשת כולל | L7: 10.817
A8: 09 | B8: עבודות טיח | K8: מס' חלונות עד 2 מ"ר | L8: 0
A9: 09.011 | B9: טיח פנים | K9: מס' חלונות מעל 2 מ"ר ועד 3 מ"ר | L9: 0
A10: 09.011.9030 | B10: תיקוני טיח פנים קיים על שטחים מישוריים ברצועות רוחב מעל 15 ס"מ ועד 30 ס"מ לאחר הנחת קווי מים, חשמל וכד' בקירות, סביב משקופי חלונות ודלתות שהורכבו בקירות קיימים, במפגשים בין קירות ו/או תקרות חדשים לקיימים הכל לרבות סיתות והתאמת עובי הטיח החדש לקיים | C10: מ' | D10: =L4 -> 31.96 | E10: 64 | F10: =IF(E10="","",E10*0.15) -> 9.6 | G10: =IF(E10="","",E10*0.05) -> 3.2 | H10: =IF(E10="","",E10*1.05*0.85) -> 57.12 | I10: =IF(D10="","",H10*D10) -> 1825.5552 | K10: מספר חלונות מעל 3 מ"ר ועד 5 מ"ר | L10: 3
A11: 11 | B11: עבודות צביעה | K11: רוחב 0-100 | L11: 0
A12: 11.011 | B12: צבע וסיוד פנים, על טיח, בטון, בלוקים וגבס | K12: רוחב 101-150 | L12: 3
A13: 11.011.9660 | B13: חידוש צבע פנים על קירות בדירת חדר מרוהטת בשטח 25-35 מ"ר ובגובה עד 2.70 מ'. הקירות ייצבעו בצבע אקרילי, ללא צביעת התקרות, לרבות הסרת צבע רופף, תיקונים קלים וסתימת חורים, ליטוש הקיר וניקוי שאריות הצבע בגמר העבודה | C13: קומפ | D13: =L3 -> 4 | E13: 1770 | F13: =IF(E13="","",E13*0.15) -> 265.5 | G13: =IF(E13="","",E13*0.05) -> 88.5 | H13: =IF(E13="","",E13*1.05*0.85) -> 1579.725 | I13: =IF(D13="","",H13*D13) -> 6318.9 | K13: רוחב 151-200 | L13: 0
K14: רוחב 201-250 | L14: 0
A15: 12 | B15: עבודות אלומיניום | K15: רוחב 251-300 | L15: 0
A16: 12.011 | B16: חלון אלומיניום נגרר אגף על אגף (הזזה) של 2 אגפים ב-2 מסלולים | K16: רוחב 301-350 | L16: 1
A17: 12.011.0210 | B17: חלון נגרר אגף על אגף של 2 אגפים ב-2 מסלולים מאולגן/צבוע כדוגמת קליל קלאסי 7000 או ש"ע, זכוכית שקופה בידודית 5+6+6 מ"מ, בשטח מעל 1.0 מ"ר ועד 2.0 מ"ר | C17: מ"ר | D17: 0 | E17: 1760 | F17: =IF(E17="","",E17*0.15) -> 264 | G17: =IF(E17="","",E17*0.05) -> 88 | H17: =IF(E17="","",E17*1.05*0.85) -> 1570.8 | I17: =IF(D17="","",H17*D17) -> 0 | K17: רוחב 351-400 | L17: 0
A18: 12.011.0260 | B18: חלון נגרר אגף על אגף של 2 אגפים ב-2 מסלולים מאולגן/צבוע כדוגמת קליל קלאסי 9000 או ש"ע, זכוכית שקופה בידודית 5+6+6 מ"מ, בשטח מעל 0.6 מ"ר ועד 1.0 מ"ר | C18: מ"ר | D18: 0 | E18: 2440 | F18: =IF(E18="","",E18*0.15) -> 366 | G18: =IF(E18="","",E18*0.05) -> 122 | H18: =IF(E18="","",E18*1.05*0.85) -> 2177.7 | I18: =IF(D18="","",H18*D18) -> 0 | K18: רוחב 401-450 | L18: 0
A19: 12.011.0265 | B19: חלון נגרר אגף על אגף של 2 אגפים ב-2 מסלולים מאולגן/צבוע כדוגמת קליל קלאסי 9000 או ש"ע, זכוכית שקופה בידודית 5+6+6 מ"מ, בשטח מעל 1.0 מ"ר ועד 2.0 מ"ר | C19: מ"ר | D19: 0 | E19: 2120 | F19: =IF(E19="","",E19*0.15) -> 318 | G19: =IF(E19="","",E19*0.05) -> 106 | H19: =IF(E19="","",E19*1.05*0.85) -> 1892.1 | I19: =IF(D19="","",H19*D19) -> 0 | K19: קומה 0-3 | L19: 0
A20: 12.011.0270 | B20: חלון נגרר אגף על אגף של 2 אגפים ב-2 מסלולים מאולגן/צבוע כדוגמת קליל קלאסי 9000 או ש"ע, זכוכית שקופה בידודית מחוסמת דו צדדי 6+10+8 מ"מ, בשטח מעל 2.0 מ"ר ועד 3.0 מ"ר | C20: מ"ר | D20: 0 | E20: 1980 | F20: =IF(E20="","",E20*0.15) -> 297 | G20: =IF(E20="","",E20*0.05) -> 99 | H20: =IF(E20="","",E20*1.05*0.85) -> 1767.15 | I20: =IF(D20="","",H20*D20) -> 0 | K20: קומה 4-7 | L20: 1
A21: 12.011.0275 | B21: חלון נגרר אגף על אגף של 2 אגפים ב-2 מסלולים מאולגן/צבוע כדוגמת קליל קלאסי 9000 או ש"ע, זכוכית שקופה בידודית מחוסמת דו צדדי 6+10+8 מ"מ, בשטח מעל 3.0 מ"ר ועד 4.0 מ"ר | C21: מ"ר | D21: 11.115 | E21: 1760 | F21: =IF(E21="","",E21*0.15) -> 264 | G21: =IF(E21="","",E21*0.05) -> 88 | H21: =IF(E21="","",E21*1.05*0.85) -> 1570.8 | I21: =IF(D21="","",H21*D21) -> 17459.442 | K21: קומה 7 ומעלה | L21: 0
A22: 12.011.0280 | B22: חלון נגרר אגף על אגף של 2 אגפים ב-2 מסלולים מאולגן/צבוע כדוגמת קליל קלאסי 9000 או ש"ע, זכוכית שקופה בידודית מחוסמת דו צדדי 6+10+10 מ"מ, בשטח מעל 4.0 מ"ר ועד 5.0 מ"ר | C22: מ"ר | D22: 0 | E22: 1630 | F22: =IF(E22="","",E22*0.15) -> 244.5 | G22: =IF(E22="","",E22*0.05) -> 81.5 | H22: =IF(E22="","",E22*1.05*0.85) -> 1454.775 | I22: =IF(D22="","",H22*D22) -> 0 | K22: שטח תריסים לחלונות (אור) | L22: 0
A23: 12.011.0285 | B23: חלון נגרר אגף על אגף של 2 אגפים ב-2 מסלולים מאולגן/צבוע כדוגמת קליל קלאסי 9000 או ש"ע, זכוכית שקופה בידודית מחוסמת דו צדדי 6+10+8 מ"מ, בשטח מעל 5.0 מ"ר ועד 6.0 מ"ר | C23: מ"ר | D23: 0 | E23: 1490 | F23: =IF(E23="","",E23*0.15) -> 223.5 | G23: =IF(E23="","",E23*0.05) -> 74.5 | H23: =IF(E23="","",E23*1.05*0.85) -> 1329.825 | I23: =IF(D23="","",H23*D23) -> 0 | K23: שטח תריסים לדלתות (אור) | L23: 0
A24: 12.012.0100 | B24: חלון נגרר אגף על אגף של 3 אגפים ב-3 מסלולים מאולגן/צבוע כדוגמת קליל קלאסי 9000 או ש"ע, זכוכית שקופה בידודית 5+6+6 מ"מ, בשטח מעל 1.0 מ"ר ועד 2.0 מ"ר | C24: מ"ר | D24: 0 | E24: 2210 | F24: =IF(E24="","",E24*0.15) -> 331.5 | G24: =IF(E24="","",E24*0.05) -> 110.5 | H24: =IF(E24="","",E24*1.05*0.85) -> 1972.425 | I24: =IF(D24="","",H24*D24) -> 0 | K24: כמות מנוע עד 20 | L24: 0
A25: 12.012.0110 | B25: חלון נגרר אגף על אגף של 3 אגפים ב-3 מסלולים מאולגן/צבוע כדוגמת קליל קלאסי 9000 או ש"ע, זכוכית שקופה בידודית 5+6+6 מ"מ, בשטח מעל 2.0 מ"ר ועד 3.0 מ"ר | C25: מ"ר | D25: 0 | E25: 2110 | F25: =IF(E25="","",E25*0.15) -> 316.5 | G25: =IF(E25="","",E25*0.05) -> 105.5 | H25: =IF(E25="","",E25*1.05*0.85) -> 1883.175 | I25: =IF(D25="","",H25*D25) -> 0 | K25: כמות מנוע 20–30 | L25: 0
A26: 12.012.0120 | B26: חלון נגרר אגף על אגף של 3 אגפים ב-3 מסלולים מאולגן/צבוע כדוגמת קליל קלאסי 9000 או ש"ע, זכוכית שקופה בידודית מחוסמת דו צדדי 6+10+8 מ"מ, בשטח מעל 3.0 מ"ר ועד 5.0 מ"ר | C26: מ"ר | D26: 0 | E26: 2060 | F26: =IF(E26="","",E26*0.15) -> 309 | G26: =IF(E26="","",E26*0.05) -> 103 | H26: =IF(E26="","",E26*1.05*0.85) -> 1838.55 | I26: =IF(D26="","",H26*D26) -> 0 | K26: כמות מנוע 30–50 | L26: 0
A27: 12.012.0130 | B27: חלון נגרר אגף על אגף של 3 אגפים ב-3 מסלולים מאולגן/צבוע כדוגמת קליל קלאסי 9000 או ש"ע, זכוכית שקופה בידודית מחוסמת דו צדדי 6+10+8 מ"מ, בשטח מעל 5.0 מ"ר ועד 7.0 מ"ר | C27: מ"ר | D27: 0 | E27: 1970 | F27: =IF(E27="","",E27*0.15) -> 295.5 | G27: =IF(E27="","",E27*0.05) -> 98.5 | H27: =IF(E27="","",E27*1.05*0.85) -> 1758.225 | I27: =IF(D27="","",H27*D27) -> 0 | K27: כמות מנוע 50–70 | L27: 3
A28: 12.012.0560 | B28: חלון נגרר אגף על אגף של 4 אגפים ב-2 מסלולים מאולגן/צבוע כדוגמת קליל קלאסי 9000 או ש"ע, זכוכית שקופה בידודית 6+10+8 מ"מ, בשטח מעל 3.0 מ"ר ועד 5.0 מ"ר | C28: מ"ר | D28: 0 | E28: 2300 | F28: =IF(E28="","",E28*0.15) -> 345 | G28: =IF(E28="","",E28*0.05) -> 115 | H28: =IF(E28="","",E28*1.05*0.85) -> 2052.75 | I28: =IF(D28="","",H28*D28) -> 0 | K28: כמות מנוע 70–90 | L28: 0
A29: 12.011.1001 | B29: תוספת עבור חלק קבוע בחלון נגרר אגף על אגף של 2 אגפים. התוספת הינה 15% למחיר מ"ר של החלון | C29: קומפ | D29: 19562.4 | E29: 0.15 | F29: =IF(E29="","",E29*0.15) -> 0.0225 | G29: =IF(E29="","",E29*0.05) -> 0.0075 | H29: =IF(E29="","",E29*1.05*0.85) -> 0.133875 | I29: =IF(D29="","",H29*D29) -> 2618.9163 | K29: כמות מנוע 90–120+ | L29: 1
A30: 12.011.9000 | B30: פירוק חלונות אלומיניום ומשקופיהם בשטח של עד 2 מ"ר | C30: יח' | D30: =L8 -> 0 | E30: 140 | F30: =IF(E30="","",E30*0.15) -> 21 | G30: =IF(E30="","",E30*0.05) -> 7 | H30: =IF(E30="","",E30*1.05*0.85) -> 124.95 | I30: =IF(D30="","",H30*D30) -> 0 | K30: כמות טיפול בארגז | L30: 0
A31: 12.011.9016 | B31: פירוק חלונות אלומיניום ומשקופיהם בשטח של מעל 2 מ"ר ועד 3 מ"ר | C31: יח' | D31: =L9 -> 0 | E31: 240 | F31: =IF(E31="","",E31*0.15) -> 36 | G31: =IF(E31="","",E31*0.05) -> 12 | H31: =IF(E31="","",E31*1.05*0.85) -> 214.2 | I31: =IF(D31="","",H31*D31) -> 0 | K31: סה"כ טקסאונד | L31: 2.292
A32: 12.011.9017 | B32: פירוק חלונות אלומיניום ומשקופיהם בשטח של מעל 3 מ"ר ועד 5 מ"ר | C32: יח' | D32: =L10 -> 3 | E32: 310 | F32: =IF(E32="","",E32*0.15) -> 46.5 | G32: =IF(E32="","",E32*0.05) -> 15.5 | H32: =IF(E32="","",E32*1.05*0.85) -> 276.675 | I32: =IF(D32="","",H32*D32) -> 830.025 | K32: שטח הזזה | L32: 0
A33: 12.014 | B33: חלון אלומיניום ציר צד וחלון דו-צירי סב-נטוי (DREH-KIPP) | K33: שטח הזזה+קבוע | L33: 11.115
A34: 12.014.0400 | B34: חלון ציר-צד מאולגן/צבוע כדוגמת קליל קלאסי 4500 או ש"ע, זכוכית שקופה בידודית 5+6+6 מ"מ, בשטח מעל 0.6 מ"ר ועד 1.0 מ"ר | C34: מ"ר | D34: 0 | E34: 2220 | F34: =IF(E34="","",E34*0.15) -> 333 | G34: =IF(E34="","",E34*0.05) -> 111 | H34: =IF(E34="","",E34*1.05*0.85) -> 1981.35 | I34: =IF(D34="","",H34*D34) -> 0 | K34: שטח קיפ | L34: 0
A35: 12.014.0650 | B35: חלון ציר-צד מאולגן/צבוע כדוגמת קליל קלאסי 4500 או ש"ע, זכוכית שקופה בידודית 5+6+6 מ"מ, בשטח מעל 0.6 מ"ר ועד 1.0 מ"ר | C35: מ"ר | D35: 0 | E35: 2790 | F35: =IF(E35="","",E35*0.15) -> 418.5 | G35: =IF(E35="","",E35*0.05) -> 139.5 | H35: =IF(E35="","",E35*1.05*0.85) -> 2490.075 | I35: =IF(D35="","",H35*D35) -> 0 | K35: שטח חלון ציר | L35: 0
A36: 12.014.0660 | B36: חלון דו-צירי סב נטוי (דריי קיפ), מאולגן/צבוע כדוגמת קליל קלאסי 4500 או ש"ע, זכוכית שקופה בידודית מחוסמת דו צדדי 6+10+8 מ"מ, בשטח מעל 1.0 מ"ר ועד 2.0 מ"ר | C36: מ"ר | D36: =L34+L6 -> 0 | E36: 2700 | F36: =IF(E36="","",E36*0.15) -> 405 | G36: =IF(E36="","",E36*0.05) -> 135 | H36: =IF(E36="","",E36*1.05*0.85) -> 2409.75 | I36: =IF(D36="","",H36*D36) -> 0 | K36: שטח תריסים לחלונות | L36: 11.115
A37: 12.016 | B37: חלון אלומיניום קיפ וחלון קבוע | K37: שטח תריסים לדלתות | L37: 7.85
A38: 12.016.0600 | B38: חלון קבוע כדוגמת קליל קלאסי 4500 או ש"ע, זכוכית שקופה בידודית 5+6+6 מ"מ, בשטח מעל 0.6 מ"ר ועד 1.0 מ"ר | C38: יח' | D38: 0 | E38: 1310 | F38: =IF(E38="","",E38*0.15) -> 196.5 | G38: =IF(E38="","",E38*0.05) -> 65.5 | H38: =IF(E38="","",E38*1.05*0.85) -> 1169.175 | I38: =IF(D38="","",H38*D38) -> 0 | K38: שטח דלת ציר | L38: 0
A39: 12.016.0610 | B39: חלון קבוע כדוגמת קליל קלאסי 4500 או ש"ע, זכוכית שקופה בידודית 5+6+6 מ"מ, בשטח מעל 1.0 מ"ר ועד 2.0 מ"ר | C39: יח' | D39: 0 | E39: 2090 | F39: =IF(E39="","",E39*0.15) -> 313.5 | G39: =IF(E39="","",E39*0.05) -> 104.5 | H39: =IF(E39="","",E39*1.05*0.85) -> 1865.325 | I39: =IF(D39="","",H39*D39) -> 0 | K39: מס' יחידות תריס לפירוק עד 2 מ"ר | L39: 0
A40: 12.051 | B40: דלתות/ויטרינות אלומיניום נגררות אגף על אגף (הזזה) של 2 אגפים | K40: סה"כ שטח תריס לפירוק מעל 2 מ"ר | L40: 18.965
A41: 12.051.0460 | B41: דלת נגררת אגף על אגף של 2 אגפים ב-2 מסלולים מאולגנת/צבועה כדוגמת קליל קלאסי 9000 או ש"ע, זכוכית מחוסמת בעובי 8 מ"מ, בשטח מעל 4.0 מ"ר ועד 6.0 מ"ר | C41: מ"ר | D41: 0 | E41: 1630 | F41: =IF(E41="","",E41*0.15) -> 244.5 | G41: =IF(E41="","",E41*0.05) -> 81.5 | H41: =IF(E41="","",E41*1.05*0.85) -> 1454.775 | I41: =IF(D41="","",H41*D41) -> 0 | K41: קיזוז זכוכית לארגז תריס | L41: 2.292
A42: 12.051.0470 | B42: דלת נגררת אגף על אגף של 2 אגפים ב-2 מסלולים מאולגנת/צבועה כדוגמת קליל קלאסי 9000 או ש"ע, זכוכית מחוסמת בעובי 8 מ"מ, בשטח מעל 6.0 מ"ר ועד 8.0 מ"ר | C42: מ"ר | D42: 0 | E42: 1580 | F42: =IF(E42="","",E42*0.15) -> 237 | G42: =IF(E42="","",E42*0.05) -> 79 | H42: =IF(E42="","",E42*1.05*0.85) -> 1410.15 | I42: =IF(D42="","",H42*D42) -> 0
A43: 12.052 | B43: דלתות אלומיניום נגררות אגף על אגף (הזזה) של 3 אגפים ו-4 אגפים
A44: 12.052.0020 | B44: דלת נגררת אגף על אגף של 3 אגפים ב-3 מסלולים מאולגנת/צבועה כדוגמת קליל קלאסי 7000 או ש"ע, זכוכית מחוסמת בעובי 6 מ"מ, בשטח מעל 6.0 מ"ר ועד 8.0 מ"ר | C44: מ"ר | D44: 0 | E44: 1760 | F44: =IF(E44="","",E44*0.15) -> 264 | G44: =IF(E44="","",E44*0.05) -> 88 | H44: =IF(E44="","",E44*1.05*0.85) -> 1570.8 | I44: =IF(D44="","",H44*D44) -> 0
A45: 12.052.0070 | B45: דלת נגררת אגף על אגף של 3 אגפים ב-3 מסלולים מאולגנת/צבועה כדוגמת קליל קלאסי 9000 או ש"ע, זכוכית מחוסמת בעובי 6 מ"מ, בשטח מעל 6.0 מ"ר ועד 8.0 מ"ר | C45: מ"ר | D45: =L5 -> 7.85 | E45: 1850 | F45: =IF(E45="","",E45*0.15) -> 277.5 | G45: =IF(E45="","",E45*0.05) -> 92.5 | H45: =IF(E45="","",E45*1.05*0.85) -> 1651.125 | I45: =IF(D45="","",H45*D45) -> 12961.331
A46: 12.052.0080 | B46: דלת נגררת אגף על אגף של 3 אגפים ב-3 מסלולים מאולגנת/צבועה כדוגמת קליל קלאסי 9000 או ש"ע, זכוכית מחוסמת בעובי 8 מ"מ, בשטח מעל 8.0 מ"ר ועד 10.0 מ"ר | C46: מ"ר | D46: 0 | E46: 1680 | F46: =IF(E46="","",E46*0.15) -> 252 | G46: =IF(E46="","",E46*0.05) -> 84 | H46: =IF(E46="","",E46*1.05*0.85) -> 1499.4 | I46: =IF(D46="","",H46*D46) -> 0
A47: 12.052.0260 | B47: דלת נגררת אגף על אגף של 3 אגפים ב-3 מסלולים מאולגנת/צבועה כדוגמת קליל בלגי 7300 או ש"ע, זכוכית מחוסמת בעובי 6 מ"מ, בשטח מעל 6.0 מ"ר ועד 8.0 מ"ר | C47: מ"ר | D47: 0 | E47: 2101 | F47: =IF(E47="","",E47*0.15) -> 315.15 | G47: =IF(E47="","",E47*0.05) -> 105.05 | H47: =IF(E47="","",E47*1.05*0.85) -> 1875.1425 | I47: =IF(D47="","",H47*D47) -> 0
A48: 12.053 | B48: דלתות אלומיניום ציריות
A49: 12.053.0200 | B49: דלת ציר אגף אחד מאולגנת/צבועה כדוגמת קליל 4500 או ש"ע, זכוכית מחוסמת בעובי 6 מ"מ, בשטח עד 2.0 מ"ר | C49: מ"ר | D49: =L38 -> 0 | E49: 2850 | F49: =IF(E49="","",E49*0.15) -> 427.5 | G49: =IF(E49="","",E49*0.05) -> 142.5 | H49: =IF(E49="","",E49*1.05*0.85) -> 2543.625 | I49: =IF(D49="","",H49*D49) -> 0
A50: 12.053.0210 | B50: דלת ציר אגף אחד מאולגנת/צבועה כדוגמת קליל 4500 או ש"ע, זכוכית מחוסמת בעובי 6 מ"מ, בשטח מעל 2.0 מ"ר ועד 3.0 מ"ר | C50: מ"ר | D50: 0 | E50: 2300 | F50: =IF(E50="","",E50*0.15) -> 345 | G50: =IF(E50="","",E50*0.05) -> 115 | H50: =IF(E50="","",E50*1.05*0.85) -> 2052.75 | I50: =IF(D50="","",H50*D50) -> 0
A51: 12.053.0450 | B51: דלת ציר שני אגפים מאולגנת/צבועה כדוגמת קליל קלאסי 4500 או ש"ע, זכוכית מחוסמת בעובי 6 מ"מ, בשטח מעל 3.0 מ"ר ועד 4.0 מ"ר | C51: מ"ר | D51: 0 | E51: 3250 | F51: =IF(E51="","",E51*0.15) -> 487.5 | G51: =IF(E51="","",E51*0.05) -> 162.5 | H51: =IF(E51="","",E51*1.05*0.85) -> 2900.625 | I51: =IF(D51="","",H51*D51) -> 0
A52: 12.061 | B52: ויטרינות כניסה מאלומיניום בשטחים ציבוריים
A53: 12.061.9000 | B53: פירוק ויטרינה מאלומיניום, לרבות המשקוף | C53: מ"ר | D53: =D44+D45+D46+D47+D49+D50+D51 -> 7.85 | E53: 88 | F53: =IF(E53="","",E53*0.15) -> 13.2 | G53: =IF(E53="","",E53*0.05) -> 4.4 | H53: =IF(E53="","",E53*1.05*0.85) -> 78.54 | I53: =IF(D53="","",H53*D53) -> 616.539
A54: 12.065 | B54: תריסי רפפה ותריסי גלילה מאלומיניום ומנועים חשמליים לתריסים
A55: 12.065.1611 | B55: תריס גלילה עם רפפות מפח אלומיניום עם פוליאוריטן מוקצף לרבות ארגז תריס מונובלוק 40, בשטח מעל 0.6 מ"ר ועד 1.0 מ"ר | C55: מ"ר | D55: 0 | E55: 910 | F55: =IF(E55="","",E55*0.15) -> 136.5 | G55: =IF(E55="","",E55*0.05) -> 45.5 | H55: =IF(E55="","",E55*1.05*0.85) -> 812.175 | I55: =IF(D55="","",H55*D55) -> 0
A56: 12.065.1613 | B56: תריס גלילה עם רפפות מפח אלומיניום עם פוליאוריטן מוקצף לרבות ארגז תריס מונובלוק 40, בשטח מעל 1.0 מ"ר ועד 3.0 מ"ר | C56: מ"ר | D56: 0 | E56: 717 | F56: =IF(E56="","",E56*0.15) -> 107.55 | G56: =IF(E56="","",E56*0.05) -> 35.85 | H56: =IF(E56="","",E56*1.05*0.85) -> 639.9225 | I56: =IF(D56="","",H56*D56) -> 0
A57: 12.065.1615 | B57: תריס גלילה עם רפפות מפח אלומיניום עם פוליאוריטן מוקצף לרבות ארגז תריס מונובלוק 40, בשטח מעל 3.0 מ"ר ועד 6.0 מ"ר | C57: מ"ר | D57: 18.965 | E57: 582 | F57: =IF(E57="","",E57*0.15) -> 87.3 | G57: =IF(E57="","",E57*0.05) -> 29.1 | H57: =IF(E57="","",E57*1.05*0.85) -> 519.435 | I57: =IF(D57="","",H57*D57) -> 9851.0848
A58: 12.065.1700 | B58: תריס גלילה "תריס אור" עם רפפות מפח אלומיניום עם פוליאוריטן מוקצף לרבות ארגז תריס מונובלוק 40, בשטח מעל 0.6 מ"ר ועד 1.0 מ"ר | C58: מ"ר | D58: 0 | E58: 1120 | F58: =IF(E58="","",E58*0.15) -> 168 | G58: =IF(E58="","",E58*0.05) -> 56 | H58: =IF(E58="","",E58*1.05*0.85) -> 999.6 | I58: =IF(D58="","",H58*D58) -> 0
A59: 12.065.1710 | B59: תריס גלילה "תריס אור" עם רפפות מפח אלומיניום עם פוליאוריטן מוקצף לרבות ארגז תריס מונובלוק 40, בשטח מעל 1.0 מ"ר ועד 3.0 מ"ר | C59: מ"ר | D59: =L22 -> 0 | E59: 800 | F59: =IF(E59="","",E59*0.15) -> 120 | G59: =IF(E59="","",E59*0.05) -> 40 | H59: =IF(E59="","",E59*1.05*0.85) -> 714 | I59: =IF(D59="","",H59*D59) -> 0
A60: 12.065.1720 | B60: תריס גלילה "תריס אור" עם רפפות מפח אלומיניום עם פוליאוריטן מוקצף לרבות ארגז תריס מונובלוק 40, בשטח מעל 3.0 מ"ר ועד 6.0 מ"ר | C60: מ"ר | D60: 0 | E60: 880 | F60: =IF(E60="","",E60*0.15) -> 132 | G60: =IF(E60="","",E60*0.05) -> 44 | H60: =IF(E60="","",E60*1.05*0.85) -> 785.4 | I60: =IF(D60="","",H60*D60) -> 0
A61: 12.065.1730 | B61: תריס גלילה "תריס אור" עם רפפות מפח אלומיניום עם פוליאוריטן מוקצף לרבות ארגז תריס מונובלוק 40, בשטח מעל 6.0 מ"ר ועד 8.5 מ"ר | C61: מ"ר | D61: 0 | E61: 840 | F61: =IF(E61="","",E61*0.15) -> 126 | G61: =IF(E61="","",E61*0.05) -> 42 | H61: =IF(E61="","",E61*1.05*0.85) -> 749.7 | I61: =IF(D61="","",H61*D61) -> 0
A62: 12.065.1661 | B62: תריס גלילה "תריס אור" עם רפפות מאלומיניום שחול (משוך) וחריצים גדולים בין השלבים, צבע לבן לרבות ארגז תריס מונובלוק 40, בשטח מעל 0.6 מ"ר ועד 1.0 מ"ר | C62: מ"ר | D62: 0 | E62: 1840 | F62: =IF(E62="","",E62*0.15) -> 276 | G62: =IF(E62="","",E62*0.05) -> 92 | H62: =IF(E62="","",E62*1.05*0.85) -> 1642.2 | I62: =IF(D62="","",H62*D62) -> 0
A63: 12.065.1671 | B63: תריס גלילה "תריס אור" עם רפפות מאלומיניום שחול (משוך) וחריצים גדולים בין השלבים, צבע לבן לרבות ארגז תריס מונובלוק 40, בשטח מעל 1.0 מ"ר ועד 3.0 מ"ר | C63: מ"ר | D63: 0 | E63: 1730 | F63: =IF(E63="","",E63*0.15) -> 259.5 | G63: =IF(E63="","",E63*0.05) -> 86.5 | H63: =IF(E63="","",E63*1.05*0.85) -> 1544.025 | I63: =IF(D63="","",H63*D63) -> 0
A64: 12.065.1681 | B64: תריס גלילה "תריס אור" עם רפפות מאלומיניום שחול (משוך) וחריצים גדולים בין השלבים, צבע לבן לרבות ארגז תריס מונובלוק 40, בשטח מעל 3.0 מ"ר ועד 6.0 מ"ר | C64: מ"ר | D64: =L23 -> 0 | E64: 1440 | F64: =IF(E64="","",E64*0.15) -> 216 | G64: =IF(E64="","",E64*0.05) -> 72 | H64: =IF(E64="","",E64*1.05*0.85) -> 1285.2 | I64: =IF(D64="","",H64*D64) -> 0
A65: 12.065.2000 | B65: מנוע חשמלי לתריס במשקל עד 20 ק"ג, לא כולל נק' החשמל | C65: יח' | D65: =L24 -> 0 | E65: 620 | F65: =IF(E65="","",E65*0.15) -> 93 | G65: =IF(E65="","",E65*0.05) -> 31 | H65: =IF(E65="","",E65*1.05*0.85) -> 553.35 | I65: =IF(D65="","",H65*D65) -> 0
A66: 12.065.2010 | B66: מנוע חשמלי לתריס במשקל מעל 20 ק"ג ועד 30 ק"ג, לא כולל נק' החשמל | C66: יח' | D66: =L25 -> 0 | E66: 750 | F66: =IF(E66="","",E66*0.15) -> 112.5 | G66: =IF(E66="","",E66*0.05) -> 37.5 | H66: =IF(E66="","",E66*1.05*0.85) -> 669.375 | I66: =IF(D66="","",H66*D66) -> 0
A67: 12.065.2020 | B67: מנוע חשמלי לתריס במשקל מעל 30 ק"ג ועד 50 ק"ג, לא כולל נק' החשמל | C67: יח' | D67: =L26 -> 0 | E67: 1020 | F67: =IF(E67="","",E67*0.15) -> 153 | G67: =IF(E67="","",E67*0.05) -> 51 | H67: =IF(E67="","",E67*1.05*0.85) -> 910.35 | I67: =IF(D67="","",H67*D67) -> 0
A68: 12.065.2030 | B68: מנוע חשמלי לתריס במשקל מעל 50 ק"ג ועד 70 ק"ג, לא כולל נק' החשמל | C68: יח' | D68: =L27 -> 3 | E68: 1370 | F68: =IF(E68="","",E68*0.15) -> 205.5 | G68: =IF(E68="","",E68*0.05) -> 68.5 | H68: =IF(E68="","",E68*1.05*0.85) -> 1222.725 | I68: =IF(D68="","",H68*D68) -> 3668.175
A69: 12.065.2040 | B69: מנוע חשמלי לתריס במשקל מעל 70 ק"ג ועד 90 ק"ג, לא כולל נק' החשמל | C69: יח' | D69: =L28 -> 0 | E69: 1650 | F69: =IF(E69="","",E69*0.15) -> 247.5 | G69: =IF(E69="","",E69*0.05) -> 82.5 | H69: =IF(E69="","",E69*1.05*0.85) -> 1472.625 | I69: =IF(D69="","",H69*D69) -> 0
A70: 12.065.2050 | B70: מנוע חשמלי לתריס במשקל מעל 90 ק"ג ועד 120 ק"ג, לא כולל נק' החשמל | C70: יח' | D70: =L29 -> 1 | E70: 1820 | F70: =IF(E70="","",E70*0.15) -> 273 | G70: =IF(E70="","",E70*0.05) -> 91 | H70: =IF(E70="","",E70*1.05*0.85) -> 1624.35 | I70: =IF(D70="","",H70*D70) -> 1624.35
A71: 12.065.9000 | B71: פירוק תריסי אלומיניום ומשקופיהם בשטח של עד 2 מ"ר | C71: יח' | D71: =L39 -> 0 | E71: 130 | F71: =IF(E71="","",E71*0.15) -> 19.5 | G71: =IF(E71="","",E71*0.05) -> 6.5 | H71: =IF(E71="","",E71*1.05*0.85) -> 116.025 | I71: =IF(D71="","",H71*D71) -> 0
A72: 12.065.9020 | B72: פירוק תריסי אלומיניום ומשקופיהם בשטח של מעל 2 מ"ר | C72: מ"ר | D72: =L40 -> 18.965 | E72: 60 | F72: =IF(E72="","",E72*0.15) -> 9 | G72: =IF(E72="","",E72*0.05) -> 3 | H72: =IF(E72="","",E72*1.05*0.85) -> 53.55 | I72: =IF(D72="","",H72*D72) -> 1015.5757
A73: 12.065.9100 | B73: פירוק ארגז תריס קיים במידות 35/100 ס"מ | C73: יח' | D73: =IF((L36+L37+L22+L23)=0,0,L11) -> 0 | E73: 109 | F73: =IF(E73="","",E73*0.15) -> 16.35 | G73: =IF(E73="","",E73*0.05) -> 5.45 | H73: =IF(E73="","",E73*1.05*0.85) -> 97.2825 | I73: =IF(D73="","",H73*D73) -> 0
A74: 12.065.9110 | B74: פירוק ארגז תריס קיים במידות 35/150 ס"מ | C74: יח' | D74: =IF((L36+L37+L22+L23)=0,0,L12) -> 3 | E74: 121 | F74: =IF(E74="","",E74*0.15) -> 18.15 | G74: =IF(E74="","",E74*0.05) -> 6.05 | H74: =IF(E74="","",E74*1.05*0.85) -> 107.9925 | I74: =IF(D74="","",H74*D74) -> 323.9775
A75: 12.065.0001 | B75: פירוק ארגז תריס קיים 35/200 | C75: יח' | D75: =IF((L36+L37+L22+L23)=0,0,L13) -> 0 | E75: 133 | F75: =IF(E75="","",E75*0.15) -> 19.95 | G75: =IF(E75="","",E75*0.05) -> 6.65 | H75: =IF(E75="","",E75*1.05*0.85) -> 118.7025 | I75: =IF(D75="","",H75*D75) -> 0
A76: 12.065.0002 | B76: פירוק ארגז תריס קיים 35/250 | C76: יח' | D76: =IF((L36+L37+L22+L23)=0,0,L14) -> 0 | E76: 145 | F76: =IF(E76="","",E76*0.15) -> 21.75 | G76: =IF(E76="","",E76*0.05) -> 7.25 | H76: =IF(E76="","",E76*1.05*0.85) -> 129.4125 | I76: =IF(D76="","",H76*D76) -> 0
A77: 12.065.0003 | B77: פירוק ארגז תריס קיים 35/300 | C77: יח' | D77: =IF((L36+L37+L22+L23)=0,0,L15) -> 0 | E77: 157 | F77: =IF(E77="","",E77*0.15) -> 23.55 | G77: =IF(E77="","",E77*0.05) -> 7.85 | H77: =IF(E77="","",E77*1.05*0.85) -> 140.1225 | I77: =IF(D77="","",H77*D77) -> 0
A78: 12.065.0004 | B78: פירוק ארגז תריס קיים 35/350 | C78: יח' | D78: =IF((L36+L37+L22+L23)=0,0,L16) -> 1 | E78: 169 | F78: =IF(E78="","",E78*0.15) -> 25.35 | G78: =IF(E78="","",E78*0.05) -> 8.45 | H78: =IF(E78="","",E78*1.05*0.85) -> 150.8325 | I78: =IF(D78="","",H78*D78) -> 150.8325
A79: 12.065.0005 | B79: פירוק ארגז תריס קיים 35/400 | C79: יח' | D79: =IF((L36+L37+L22+L23)=0,0,L17) -> 0 | E79: 181 | F79: =IF(E79="","",E79*0.15) -> 27.15 | G79: =IF(E79="","",E79*0.05) -> 9.05 | H79: =IF(E79="","",E79*1.05*0.85) -> 161.5425 | I79: =IF(D79="","",H79*D79) -> 0
A80: 12.065.0006 | B80: פירוק ארגז תריס קיים 35/450 | C80: יח' | D80: =IF((L36+L37+L22+L23)=0,0,L18) -> 0 | E80: 193 | F80: =IF(E80="","",E80*0.15) -> 28.95 | G80: =IF(E80="","",E80*0.05) -> 9.65 | H80: =IF(E80="","",E80*1.05*0.85) -> 172.2525 | I80: =IF(D80="","",H80*D80) -> 0
A81: 12.067 | B81: רשתות גלילה ורשתות יתושים
A82: 12.067.9000 | B82: פירוק רשתות יתושים, לרבות מסגרת | C82: מ"ר | D82: =L7 -> 10.817 | E82: 53 | F82: =IF(E82="","",E82*0.15) -> 7.95 | G82: =IF(E82="","",E82*0.05) -> 2.65 | H82: =IF(E82="","",E82*1.05*0.85) -> 47.3025 | I82: =IF(D82="","",H82*D82) -> 511.67114
A83: 12.067.0200 | B83: רשת יתושים קטנה מפיברגלס, עבור חלון הזזה (הרשת על חצי הפתח) לרבות מסגרת מפרופיל אלומיניום מאולגן במידות 40/15 מ"מ, לרבות מסילה בתוך משקוף החלון, בשטח מעל 0.6 מ"ר ועד 1.0 מ"ר. המדידה לפי שטח הרשת | C83: מ"ר | D83: 0 | E83: 880 | F83: =IF(E83="","",E83*0.15) -> 132 | G83: =IF(E83="","",E83*0.05) -> 44 | H83: =IF(E83="","",E83*1.05*0.85) -> 785.4 | I83: =IF(D83="","",H83*D83) -> 0
A84: 12.067.0210 | B84: רשת יתושים קטנה מפיברגלס, עבור חלון הזזה (הרשת על חצי הפתח) לרבות מסגרת מפרופיל אלומיניום מאולגן במידות 40/15 מ"מ, לרבות מסילה בתוך משקוף החלון, בשטח מעל 1.0 מ"ר ועד 2.0 מ"ר. המדידה לפי שטח הרשת | C84: מ"ר | D84: =D82 -> 10.817 | E84: 650 | F84: =IF(E84="","",E84*0.15) -> 97.5 | G84: =IF(E84="","",E84*0.05) -> 32.5 | H84: =IF(E84="","",E84*1.05*0.85) -> 580.125 | I84: =IF(D84="","",H84*D84) -> 6275.2121
A85: 12.068 | B85: זכוכית לזיגוג דלתות וחלונות, ציפויי חלונות וקירות וזכוכית לסגירת מרפסות
A86: 12.068.1320 | B86: זכוכית בטחון 5+5 מ"מ עם 0.76 P.V.B | C86: מ"ר | D86: 0 | E86: 265 | F86: =IF(E86="","",E86*0.15) -> 39.75 | G86: =IF(E86="","",E86*0.05) -> 13.25 | H86: =IF(E86="","",E86*1.05*0.85) -> 236.5125 | I86: =IF(D86="","",H86*D86) -> 0
A87: 12.068.1216 | B87: זכוכית שקופה בידודית מחוסמת משני הצדדים 6+10+8 מ"מ | C87: מ"ר | D87: =-D88-D89-D92-L41 -> 5.558 | E87: 375 | F87: =IF(E87="","",E87*0.15) -> 56.25 | G87: =IF(E87="","",E87*0.05) -> 18.75 | H87: =IF(E87="","",E87*1.05*0.85) -> 334.6875 | I87: =IF(D87="","",H87*D87) -> 1860.1931
A88: 12.068.1172 | B88: זכוכית שקופה בידודית מחוסמת משני הצדדים 5+6+6 מ"מ | C88: מ"ר | D88: =-(D24+D25+D18+D19) -> 0 | E88: 317 | F88: =IF(E88="","",E88*0.15) -> 47.55 | G88: =IF(E88="","",E88*0.05) -> 15.85 | H88: =IF(E88="","",E88*1.05*0.85) -> 282.9225 | I88: =IF(D88="","",H88*D88) -> 0
A89: 12.068.1004 | B89: זכוכית שטוחה מחוסמת בעובי 6 מ"מ | C89: מ"ר | D89: =-(D44+D45+D47+D49+D50+D51) -> -7.85 | E89: 172 | F89: =IF(E89="","",E89*0.15) -> 25.8 | G89: =IF(E89="","",E89*0.05) -> 8.6 | H89: =IF(E89="","",E89*1.05*0.85) -> 153.51 | I89: =IF(D89="","",H89*D89) -> -1205.0535
A90: 12.068.0902 | B90: זכוכית שטוחה שקופה בעובי 5 מ"מ | C90: מ"ר | D90: 0 | E90: 94 | F90: =IF(E90="","",E90*0.15) -> 14.1 | G90: =IF(E90="","",E90*0.05) -> 4.7 | H90: =IF(E90="","",E90*1.05*0.85) -> 83.895 | I90: =IF(D90="","",H90*D90) -> 0
A91: 12.068.1002 | B91: זכוכית שטוחה מחוסמת בעובי 5 מ"מ | C91: מ"ר | D91: 0 | E91: 157 | F91: =IF(E91="","",E91*0.15) -> 23.55 | G91: =IF(E91="","",E91*0.05) -> 7.85 | H91: =IF(E91="","",E91*1.05*0.85) -> 140.1225 | I91: =IF(D91="","",H91*D91) -> 0
A92: 12.068.1006 | B92: זכוכית שטוחה מחוסמת בעובי 8 מ"מ | C92: מ"ר | D92: =-(D46+D41+D42) -> 0 | E92: 315 | F92: =IF(E92="","",E92*0.15) -> 47.25 | G92: =IF(E92="","",E92*0.05) -> 15.75 | H92: =IF(E92="","",E92*1.05*0.85) -> 281.1375 | I92: =IF(D92="","",H92*D92) -> 0
A93: 15 | B93: מתקני מיזוג אוויר
A94: 15.041 | B94: מזגנים מפוצלים ויחידות מיני מרכזיות
A95: 15.041.1210 | B95: מזגן מפוצל אינוורטר (התקנה סטנדרטית) כדוגמת "אלקטרה" או ש"ע לתפוקת קירור נומינלית BTU/HR 12,000 (1.2 כ"ס) לרבות 2.0 מ"א ראשונים של צנרת גז וחשמל, מותקן מושלם | C95: קומפ | D95: 0 | E95: 3500 | F95: =IF(E95="","",E95*0.15) -> 525 | G95: =IF(E95="","",E95*0.05) -> 175 | H95: =IF(E95="","",E95*1.05*0.85) -> 3123.75 | I95: =IF(D95="","",H95*D95) -> 0
A96: 15.041.4010 | B96: צנרת גז וחשמל למזגן עם מעטה למיזוג אוויר (צמ"א) הכוללת 2 צינורות נחושת מבודדים בקטרים "1/2, "7/8, צינור חשמל עם כבל רב גידי, הכל מאוגד יחדיו בשרוול (מעל 2.0 מ"א הראשונים הכלולים במחיר התקנת מזגן), לרבות מילוי גז ושמן כנדרש לתוספת צנרת זו | C96: מ' | D96: 0 | E96: 172 | F96: =IF(E96="","",E96*0.15) -> 25.8 | G96: =IF(E96="","",E96*0.05) -> 8.6 | H96: =IF(E96="","",E96*1.05*0.85) -> 153.51 | I96: =IF(D96="","",H96*D96) -> 0
A97: 30.050.9010 | B97: פירוק צלונים/וילונות ונציאניים מסוגים שונים לשימוש חוזר, לרבות קונסטרוקצית תליה וכבלים | C97: מ"ר | D97: =D55+D56+D57+D58+D59+D60+D61+D62+D63+D64 -> 18.965 | E97: 48 | F97: =IF(E97="","",E97*0.15) -> 7.2 | G97: =IF(E97="","",E97*0.05) -> 2.4 | H97: =IF(E97="","",E97*1.05*0.85) -> 42.84 | I97: =IF(D97="","",H97*D97) -> 812.4606
A98: 60 | B98: מחירי שעות עבודה ושכירת ציוד
A99: 60.020 | B99: ש"ע פועלי בנין - מחירי קבלן משנה
A100: 60.010.0020 | B100: פועל בנין פשוט | C100: ש"ע | D100: 3 | E100: 130 | F100: =IF(E100="","",E100*0.15) -> 19.5 | G100: =IF(E100="","",E100*0.05) -> 6.5 | H100: =IF(E100="","",E100*1.05*0.85) -> 116.025 | I100: =IF(D100="","",H100*D100) -> 348.075
...

Sheet פירוט כמויות
A2: פירוט כמויות
A3: הזמנה מס' | B3: ='1549'!D1 -> 1549 | D3: כתובת | E3: מנחם בגין 48, קומה 5 דירה 14
A7: תיאור המדידה | B7: כמות | C7: יח' מידה
A8: שטח חלונות הזזה | B8: =IFERROR(INDEX('1549'!D:D,MATCH(A11,'1549'!A:A,0)),"לא מוצא") -> 0 | C8: מ"ר
A9: מכיל את הסעיפים: | E9: אורך כפול רוחב החלון
A10: מס' סעיף | B10: תיאור סעיף
A11: 12.011.0270 | B11: חלון אגף על אגף
A12: 12.011.1001 | B12: תוספת עבור חלק קבוע
A13: 12.065.1613 | B13: תריס גלילה
A14: 12.093.0022 | B14: תוספת עבור צבע מטאלי
A16: תיאור המדידה | B16: כמות | C16: יח' מידה
A17: מטר אורך היקף חלונות וויטרינות | B17: =IFERROR(INDEX('1549'!D:D,MATCH(A20,'1549'!A:A,0)),"לא מוצא") -> 31.96 | C17: מטר
A18: מכיל את הסעיפים: | E18: פעמיים אורך החלון + פעמיים רוחב החלון אם מדובר בויטרינה - רוחב החלון נמדד רק פעם אחת
A19: מס' סעיף | B19: תיאור סעיף
A20: 09.011.9030 | B20: תיקוני טיח פנים על שטחים מישוריים
A23: תיאור המדידה | B23: כמות | C23: יח' מידה
A24: מס' חדרים | B24: =IFERROR(INDEX('1549'!D:D,MATCH(A27,'1549'!A:A,0)),"לא מוצא") -> 4 | C24: קומפ' | E24: מס' החדרים שבהם הוחלפו חלונות או ויטרינות סלון+מטבח נמדדים כחדר וחצי
A25: מכיל את הסעיפים:
A26: מס' סעיף | B26: תיאור סעיף
A27: 11.011.9660 | B27: חידוש צבע פנים לחדר כולל תיקונים
A30: תיאור המדידה | B30: כמות | C30: יח' מידה | E30: מס' החלונות שפורקו
A31: מס' חלונות | B31: =IFERROR(INDEX('1549'!D:D,MATCH(A34,'1549'!A:A,0)),"לא מוצא") -> 3 | C31: יח'
A32: מכיל את הסעיפים:
A33: מס' סעיף | B33: תיאור סעיף
A34: 12.011.9017 | B34: פירוק חלונות אלומיניום ומשקופיהם
A37: תיאור המדידה | B37: כמות | C37: יח' מידה | E37: אורך כפול רוחב הויטרינה
A38: שטח ויטרינות | B38: =IFERROR(INDEX('1549'!D:D,MATCH(A41,'1549'!A:A,0)),"לא מוצא") -> 7.85 | C38: מ"ר
A39: מכיל את הסעיפים:
A40: מס' סעיף | B40: תיאור סעיף
A41: 12.052.0070 | B41: דלת נגררת אגף על אגף של 3 אגפים ב-3 מסלולים מאולגנת/צבועה כדוגמת קליל קלאסי 9000 או ש"ע, זכוכית מחוסמת בעובי 6 מ"מ, בשטח מעל 6.0 מ"ר ועד 8.0 מ"ר
A42: 12.061.9000 | B42: פירוק ויטרינה מאלומיניום, לרבות המשקוף
A43: 12.068.1216 | B43: זכוכית שקופה בידודית מחוסמת משני הצדדים 6+10+8 מ"מ
A44: 12.068.1004 | B44: הפחתת זכוכית שטוחה מחוסמת בעובי 6 מ"מ
A45: 12.065.1615 | B45: תריס גלילה עם רפפות מפח אלומיניום עם פוליאוריטן מוקצף לרבות ארגז תריס מונובלוק 40, בשטח מעל 3.0 מ"ר ועד 6.0 מ"ר
A46: 12.093.0022 | B46: תוספת עבור צבע מטאלי
A48: תיאור המדידה | B48: כמות | C48: יח' מידה | E48: כמות המנועים שהוחלפו פירוט הכמות נמצא בכתב הכמויות כדי לא להעמיס על המסמך
A49: מנועים חשמליים | B49: =SUM(D52:D57) -> 4 | C49: יח'
A50: מכיל את הסעיפים:
A51: מס' סעיף | B51: תיאור סעיף | D51: כמות
A52: 12.065.2000 | B52: מנוע חשמלי לתריס במשקל עד 20 ק"ג, לא כולל נק' החשמל | D52: =IFERROR(INDEX('1549'!D:D,MATCH(A52,'1549'!A:A,0)),0) -> 0
A53: 12.065.2010 | B53: מנוע חשמלי לתריס במשקל מעל 20 ק"ג ועד 30 ק"ג, לא כולל נק' החשמל | D53: =IFERROR(INDEX('1549'!D:D,MATCH(A53,'1549'!A:A,0)),0) -> 0
A54: 12.065.2020 | B54: מנוע חשמלי לתריס במשקל מעל 30 ק"ג ועד 50 ק"ג, לא כולל נק' החשמל | D54: =IFERROR(INDEX('1549'!D:D,MATCH(A54,'1549'!A:A,0)),0) -> 0
A55: 12.065.2030 | B55: מנוע חשמלי לתריס במשקל מעל 50 ק"ג ועד 70 ק"ג, לא כולל נק' החשמל | D55: =IFERROR(INDEX('1549'!D:D,MATCH(A55,'1549'!A:A,0)),0) -> 3
A56: 12.065.2040 | B56: מנוע חשמלי לתריס במשקל מעל 70 ק"ג ועד 90 ק"ג, לא כולל נק' החשמל | D56: =IFERROR(INDEX('1549'!D:D,MATCH(A56,'1549'!A:A,0)),0) -> 0
A57: 12.065.2050 | B57: מנוע חשמלי לתריס במשקל מעל 90 ק"ג ועד 120 ק"ג, לא כולל נק' החשמל | D57: =IFERROR(INDEX('1549'!D:D,MATCH(A57,'1549'!A:A,0)),0) -> 1
A59: תיאור המדידה | B59: כמות | C59: יח' מידה | E59: כמות ארגזי תריס שפורקו
A60: פירוק ארגז תריס | B60: =SUM(D63:D70) -> 4 | C60: יח'
A61: מכיל את הסעיפים:
A62: מס' סעיף | B62: תיאור סעיף | D62: כמות
A63: 12.065.9100 | B63: פירוק ארגז תריס קיים 35/100 | D63: =IFERROR(INDEX('1549'!D:D,MATCH(A63,'1549'!A:A,0)),0) -> 0
A64: 12.065.9110 | B64: פירוק ארגז תריס קיים 35/150 | D64: =IFERROR(INDEX('1549'!D:D,MATCH(A64,'1549'!A:A,0)),0) -> 3
A65: 12.065.0001 | B65: פירוק ארגז תריס קיים 35/200 | D65: =IFERROR(INDEX('1549'!D:D,MATCH(A65,'1549'!A:A,0)),0) -> 0
A66: 12.065.0002 | B66: פירוק ארגז תריס קיים 35/250 | D66: =IFERROR(INDEX('1549'!D:D,MATCH(A66,'1549'!A:A,0)),0) -> 0
A67: 12.065.0003 | B67: פירוק ארגז תריס קיים 35/300 | D67: =IFERROR(INDEX('1549'!D:D,MATCH(A67,'1549'!A:A,0)),0) -> 0
A68: 12.065.0004 | B68: פירוק ארגז תריס קיים 35/350 | D68: =IFERROR(INDEX('1549'!D:D,MATCH(A68,'1549'!A:A,0)),0) -> 1
A69: 12.065.0005 | B69: פירוק ארגז תריס קיים 35/400 | D69: =IFERROR(INDEX('1549'!D:D,MATCH(A69,'1549'!A:A,0)),0) -> 0
A70: 12.065.0006 | B70: פירוק ארגז תריס קיים 35/450 | D70: =IFERROR(INDEX('1549'!D:D,MATCH(A70,'1549'!A:A,0)),0) -> 0
A73: תיאור המדידה | B73: כמות | C73: יח' מידה | E73: בחלון - שטח חצי הפתח שקיבל רשת בויטרינה - שטח 2/3 מהפתח
A74: שטח רשתות | B74: 0 | C74: מ"ר
A75: מכיל את הסעיפים:
A76: מס' סעיף | B76: תיאור סעיף
A77: 12.067.9000 | B77: פירוק רשתות
A78: 12.067.0201 | B78: התקנת רשתות
A80: תיאור המדידה | B80: כמות | C80: יח' מידה | E80: ההובלה וההנפה שבוצעה לדירה בחירת מנוף לפי:
A81: הובלה והנפת ציוד | B81: =SUM(D84:D86) -> 1 | C81: יח' | E81: דירה עם מעל 5 פריטים - כמות 2
A82: מכיל את הסעיפים:
A83: מס' סעיף | B83: תיאור סעיף | D83: כמות
A84: 60.030.0605 | B84: משאית מנוף 23-30 טון | D84: =IFERROR(INDEX('1549'!D:D,MATCH(A84,'1549'!A:A,0)),0) -> 0 | E84: לדירות עד קומה 3
A85: 60.030.0634 | B85: משאית מנוף 55-70 טון | D85: =IFERROR(INDEX('1549'!D:D,MATCH(A85,'1549'!A:A,0)),0) -> 1 | E85: לדירות מ3 עד 7
A86: 60.030.0644 | B86: משאית מנוף 95-100 טון | D86: =IFERROR(INDEX('1549'!D:D,MATCH(A86,'1549'!A:A,0)),0) -> 0 | E86: לדירות מ8 עד 15
A88: תיאור המדידה | B88: כמות | C88: יח' מידה | E88: החומר נמדד במ"ר כפרורטה ליחידת גליל במידות 6.05*1.22 החישוב הוא (כאשר r=רוחב החלון) r*(0.3+0.2*2)+0.2*2*0.1 שתי פאות צדדיות + 2 פאות עליונות + פאת חזית
A89: חומר בידוד טקסאונד | B89: =IFERROR(INDEX('1549'!D:D,MATCH(A92,'1549'!A:A,0)),"לא מוצא") -> 2.292 | C89: מ"ר
A90: מכיל את הסעיפים:
A91: מס' סעיף | B91: תיאור סעיף
A92: 85.095.0950 | B92: חומר בלבד: טקסאונד SY50
A94: תיאור המדידה | B94: כמות | C94: יח' מידה | E94: שטח חלונות + שטח ויטרינות שהוחלפו
A95: שטח חלונות + ויטרינות | B95: =B38+B8 -> 7.85 | C95: מ"ר
A96: מכיל את הסעיפים:
A97: מס' סעיף | B97: תיאור סעיף
A98: 30.050.9010 | B98: פירוק צלונים/וילונות ונציאניים
A99: 12.065.9020 | B99: פירוק תריסי אלומיניום
A101: תיאור המדידה | B101: כמות | C101: יח' מידה | E101: 2 ש"ע לויטרינה + 1 ש"ע לחלון
A102: שעות עבודה פועל לטקסאונד | B102: =IFERROR(INDEX('1549'!D:D,MATCH(A105,'1549'!A:A,0)),"לא מוצא") -> 5 | C102: ש"ע
A103: מכיל את הסעיפים:
A104: מס' סעיף | B104: תיאור סעיף
A105: 60.010.0010 | B105: פועל בנין מקצועי
A108: תיאור המדידה | B108: כמות | C108: יח' מידה
A109: ידיות סיבוביות לחלונות | B109: =IFERROR(INDEX('1549'!D:D,MATCH(A112,'1549'!A:A,0)),0)+IFERROR(INDEX('1549'!D:D,MATCH(A113,'1549'!A:A,0)),0) -> 4 | C109: יח'
A110: מכיל את הסעיפים:
A111: מס' סעיף | B111: תיאור סעיף | D111: כמות
A112: 12.99.0001 | B112: תוספת ידיות מיוחדות ומנגנון נעילה מיוחד לויטרינות | D112: =IFERROR(INDEX('1549'!D:D,MATCH(A112,'1549'!A:A,0)),0) -> 1
A113: 12.99.0002 | B113: תוספת ידיות מיוחדות ומנגנון נעילה מיוחד לחלונות | D113: =IFERROR(INDEX('1549'!D:D,MATCH(A113,'1549'!A:A,0)),0) -> 3
A117: תיאור המדידה | B117: כמות | C117: יח' מידה
A118: תוספת לגוון IRON | B118: =IFERROR(INDEX('1549'!D:D,MATCH(A121,'1549'!A:A,0)),"לא מוצא") -> 60313.71 | C118: יח'
A119: מכיל את הסעיפים:
A120: מס' סעיף | B120: תיאור סעיף
A121: 12.093.0022 | B121: תוספת עבור צבע מטאלי Fine Iron
A123: מחשב את הסעיפים הבאים:
A124: 12.011.0210 | B124: חלון נגרר אגף על אגף של 2 א...
A125: 12.011.0270 | B125: חלון נגרר אגף על אגף של 2 א...
...
