Workbook

Sheet ריכוז
A1: חשבון מרוכז
H3: כהן אלדן | I3: 1549
A4: סעיף | B4: תאור | C4: יח' | D4: מחיר | E4: הנחת קבלן 15% | F4: תוספת דירה מאוכלסת 5% | G4: סה"כ מחיר יחידה | H4: כמות | I4: סה"כ לדירה | J4: סה"כ כמות חשבון | K4: סה"כ סכום חשבון
A7: 60.020.0090 | B7: חשמלאי מוסמך | C7: ש"ע | D7: 150 | E7: =IF(D7="","",D7*0.15) -> 22.5 | F7: =IF(D7="","",D7*0.05) -> 7.5 | G7: =IF(D7="","",D7*1.05*0.85) -> 133.875 | H7: ='1549'!D7 -> 4 | I7: =IF(H7="","",H7*G7) -> 535.5 | J7: =H7 -> 4 | K7: =I7 -> 535.5
A8: 09 | B8: עבודות טיח
A9: 09.011 | B9: טיח פנים
A10: 09.011.9030 | B10: תיקוני טיח פנים קיים על שטחים מישוריים ברצועות רוחב מעל 15 ס"מ ועד 30 ס"מ לאחר הנחת קווי מים, חשמל וכד' בקירות, סביב משקופי חלונות ודלתות שהורכבו בקירות קיימים, במפגשים בין קירות ו/או תקרות חדשים לקיימים הכל לרבות סיתות והתאמת עובי הטיח החדש לקיים | C10: מ' | D10: 64 | E10: =IF(D10="","",D10*0.15) -> 9.6 | F10: =IF(D10="","",D10*0.05) -> 3.2 | G10: =IF(D10="","",D10*1.05*0.85) -> 57.12 | H10: ='1549'!D10 -> 31.96 | I10: =IF(H10="","",H10*G10) -> 1825.5552 | J10: =H10 -> 31.96 | K10: =I10 -> 1825.5552
A11: 11 | B11: עבודות צביעה
A12: 11.011 | B12: צבע וסיוד פנים, על טיח, בטון, בלוקים וגבס
A13: 11.011.9660 | B13: חידוש צבע פנים על קירות בדירת חדר מרוהטת בשטח 25-35 מ"ר ובגובה עד 2.70 מ'. הקירות ייצבעו בצבע אקרילי, ללא צביעת התקרות, לרבות הסרת צבע רופף, תיקונים קלים וסתימת חורים, ליטוש הקיר וניקוי שאריות הצבע בגמר העבודה | C13: קומפ | D13: 1770 | E13: =IF(D13="","",D13*0.15) -> 265.5 | F13: =IF(D13="","",D13*0.05) -> 88.5 | G13: =IF(D13="","",D13*1.05*0.85) -> 1579.725 | H13: ='1549'!D13 -> 4 | I13: =IF(H13="","",H13*G13) -> 6318.9 | J13: =H13 -> 4 | K13: =I13 -> 6318.9
A15: 12 | B15: עבודות אלומיניום
A16: 12.011 | B16: חלון אלומיניום נגרר אגף על אגף (הזזה) של 2 אגפים ב-2 מסלולים
A17: 12.011.0210 | B17: חלון נגרר אגף על אגף של 2 אגפים ב-2 מסלולים מאולגן/צבוע כדוגמת קליל קלאסי 7000 או ש"ע, זכוכית שקופה בידודית 5+6+6 מ"מ, בשטח מעל 1.0 מ"ר ועד 2.0 מ"ר | C17: מ"ר | D17: 1760 | E17: =IF(D17="","",D17*0.15) -> 264 | F17: =IF(D17="","",D17*0.05) -> 88 | G17: =IF(D17="","",D17*1.05*0.85) -> 1570.8 | H17: ='1549'!D17 -> 0 | I17: =IF(H17="","",H17*G17) -> 0 | J17: =H17 -> 0 | K17: =I17 -> 0
A18: 12.011.0260 | B18: חלון נגרר אגף על אגף של 2 אגפים ב-2 מסלולים מאולגן/צבוע כדוגמת קליל קלאסי 9000 או ש"ע, זכוכית שקופה בידודית 5+6+6 מ"מ, בשטח מעל 0.6 מ"ר ועד 1.0 מ"ר | C18: מ"ר | D18: 2440 | E18: =IF(D18="","",D18*0.15) -> 366 | F18: =IF(D18="","",D18*0.05) -> 122 | G18: =IF(D18="","",D18*1.05*0.85) -> 2177.7 | H18: ='1549'!D18 -> 0 | I18: =IF(H18="","",H18*G18) -> 0 | J18: =H18 -> 0 | K18: =I18 -> 0
A19: 12.011.0265 | B19: חלון נגרר אגף על אגף של 2 אגפים ב-2 מסלולים מאולגן/צבוע כדוגמת קליל קלאסי 9000 או ש"ע, זכוכית שקופה בידודית 5+6+6 מ"מ, בשטח מעל 1.0 מ"ר ועד 2.0 מ"ר | C19: מ"ר | D19: 2120 | E19: =IF(D19="","",D19*0.15) -> 318 | F19: =IF(D19="","",D19*0.05) -> 106 | G19: =IF(D19="","",D19*1.05*0.85) -> 1892.1 | H19: ='1549'!D19 -> 0 | I19: =IF(H19="","",H19*G19) -> 0 | J19: =H19 -> 0 | K19: =I19 -> 0
A20: 12.011.0270 | B20: חלון נגרר אגף על אגף של 2 אגפים ב-2 מסלולים מאולגן/צבוע כדוגמת קליל קלאסי 9000 או ש"ע, זכוכית שקופה בידודית מחוסמת דו צדדי 6+10+8 מ"מ, בשטח מעל 2.0 מ"ר ועד 3.0 מ"ר | C20: מ"ר | D20: 1980 | E20: =IF(D20="","",D20*0.15) -> 297 | F20: =IF(D20="","",D20*0.05) -> 99 | G20: =IF(D20="","",D20*1.05*0.85) -> 1767.15 | H20: ='1549'!D20 -> 0 | I20: =IF(H20="","",H20*G20) -> 0 | J20: =H20 -> 0 | K20: =I20 -> 0
A21: 12.011.0275 | B21: חלון נגרר אגף על אגף של 2 אגפים ב-2 מסלולים מאולגן/צבוע כדוגמת קליל קלאסי 9000 או ש"ע, זכוכית שקופה בידודית מחוסמת דו צדדי 6+10+8 מ"מ, בשטח מעל 3.0 מ"ר ועד 4.0 מ"ר | C21: מ"ר | D21: 1760 | E21: =IF(D21="","",D21*0.15) -> 264 | F21: =IF(D21="","",D21*0.05) -> 88 | G21: =IF(D21="","",D21*1.05*0.85) -> 1570.8 | H21: ='1549'!D21 -> 11.115 | I21: =IF(H21="","",H21*G21) -> 17459.442 | J21: =H21 -> 11.115 | K21: =I21 -> 17459.442
A22: 12.011.0280 | B22: חלון נגרר אגף על אגף של 2 אגפים ב-2 מסלולים מאולגן/צבוע כדוגמת קליל קלאסי 9000 או ש"ע, זכוכית שקופה בידודית מחוסמת דו צדדי 6+10+10 מ"מ, בשטח מעל 4.0 מ"ר ועד 5.0 מ"ר | C22: מ"ר | D22: 1630 | E22: =IF(D22="","",D22*0.15) -> 244.5 | F22: =IF(D22="","",D22*0.05) -> 81.5 | G22: =IF(D22="","",D22*1.05*0.85) -> 1454.775 | H22: ='1549'!D22 -> 0 | I22: =IF(H22="","",H22*G22) -> 0 | J22: =H22 -> 0 | K22: =I22 -> 0
A23: 12.011.0285 | B23: חלון נגרר אגף על אגף של 2 אגפים ב-2 מסלולים מאולגן/צבוע כדוגמת קליל קלאסי 9000 או ש"ע, זכוכית שקופה בידודית מחוסמת דו צדדי 6+10+8 מ"מ, בשטח מעל 5.0 מ"ר ועד 6.0 מ"ר | C23: מ"ר | D23: 1490 | E23: =IF(D23="","",D23*0.15) -> 223.5 | F23: =IF(D23="","",D23*0.05) -> 74.5 | G23: =IF(D23="","",D23*1.05*0.85) -> 1329.825 | H23: ='1549'!D23 -> 0 | I23: =IF(H23="","",H23*G23) -> 0 | J23: =H23 -> 0 | K23: =I23 -> 0
A24: 12.012.0100 | B24: חלון נגרר אגף על אגף של 3 אגפים ב-3 מסלולים מאולגן/צבוע כדוגמת קליל קלאסי 9000 או ש"ע, זכוכית שקופה בידודית 5+6+6 מ"מ, בשטח מעל 1.0 מ"ר ועד 2.0 מ"ר | C24: מ"ר | D24: 2210 | E24: =IF(D24="","",D24*0.15) -> 331.5 | F24: =IF(D24="","",D24*0.05) -> 110.5 | G24: =IF(D24="","",D24*1.05*0.85) -> 1972.425 | H24: ='1549'!D24 -> 0 | I24: =IF(H24="","",H24*G24) -> 0 | J24: =H24 -> 0 | K24: =I24 -> 0
A25: 12.012.0110 | B25: חלון נגרר אגף על אגף של 3 אגפים ב-3 מסלולים מאולגן/צבוע כדוגמת קליל קלאסי 9000 או ש"ע, זכוכית שקופה בידודית 5+6+6 מ"מ, בשטח מעל 2.0 מ"ר ועד 3.0 מ"ר | C25: מ"ר | D25: 2110 | E25: =IF(D25="","",D25*0.15) -> 316.5 | F25: =IF(D25="","",D25*0.05) -> 105.5 | G25: =IF(D25="","",D25*1.05*0.85) -> 1883.175 | H25: ='1549'!D25 -> 0 | I25: =IF(H25="","",H25*G25) -> 0 | J25: =H25 -> 0 | K25: =I25 -> 0
A26: 12.012.0120 | B26: חלון נגרר אגף על אגף של 3 אגפים ב-3 מסלולים מאולגן/צבוע כדוגמת קליל קלאסי 9000 או ש"ע, זכוכית שקופה בידודית מחוסמת דו צדדי 6+10+8 מ"מ, בשטח מעל 3.0 מ"ר ועד 5.0 מ"ר | C26: מ"ר | D26: 2060 | E26: =IF(D26="","",D26*0.15) -> 309 | F26: =IF(D26="","",D26*0.05) -> 103 | G26: =IF(D26="","",D26*1.05*0.85) -> 1838.55 | H26: ='1549'!D26 -> 0 | I26: =IF(H26="","",H26*G26) -> 0 | J26: =H26 -> 0 | K26: =I26 -> 0
A27: 12.012.0130 | B27: חלון נגרר אגף על אגף של 3 אגפים ב-3 מסלולים מאולגן/צבוע כדוגמת קליל קלאסי 9000 או ש"ע, זכוכית שקופה בידודית מחוסמת דו צדדי 6+10+8 מ"מ, בשטח מעל 5.0 מ"ר ועד 7.0 מ"ר | C27: מ"ר | D27: 1970 | E27: =IF(D27="","",D27*0.15) -> 295.5 | F27: =IF(D27="","",D27*0.05) -> 98.5 | G27: =IF(D27="","",D27*1.05*0.85) -> 1758.225 | H27: ='1549'!D27 -> 0 | I27: =IF(H27="","",H27*G27) -> 0 | J27: =H27 -> 0 | K27: =I27 -> 0
A28: 12.012.0560 | B28: חלון נגרר אגף על אגף של 4 אגפים ב-2 מסלולים מאולגן/צבוע כדוגמת קליל קלאסי 9000 או ש"ע, זכוכית שקופה בידודית 6+10+8 מ"מ, בשטח מעל 3.0 מ"ר ועד 5.0 מ"ר | C28: מ"ר | D28: 2300 | E28: =IF(D28="","",D28*0.15) -> 345 | F28: =IF(D28="","",D28*0.05) -> 115 | G28: =IF(D28="","",D28*1.05*0.85) -> 2052.75 | H28: ='1549'!D28 -> 0 | I28: =IF(H28="","",H28*G28) -> 0 | J28: =H28 -> 0 | K28: =I28 -> 0
... A32: 12.011.9017 | B32: פירוק חלונות אלומיניום ומשקופיהם בשטח של מעל 3 מ"ר ועד 5 מ"ר | C32: יח' | D32: 310 | E32: =IF(D32="","",D32*0.15) -> 46.5 | F32: =IF(D32="","",D32*0.05) -> 15.5 | G32: =IF(D32="","",D32*1.05*0.85) -> 276.675 | H32: ='1549'!D32 -> 3 | I32: =IF(H32="","",H32*G32) -> 830.025 | J32: =H32 -> 3 | K32: =I32 -> 830.025
A33: 12.014 | B33: חלון אלומיניום ציר צד וחלון דו-צירי סב-נטוי (DREH-KIPP)
A34: 12.014.0400 | B34: חלון ציר-צד מאולגן/צבוע כדוגמת קליל קלאסי 4500 או ש"ע, זכוכית שקופה בידודית 5+6+6 מ"מ, בשטח מעל 0.6 מ"ר ועד 1.0 מ"ר | C34: מ"ר | D34: 2220 | E34: =IF(D34="","",D34*0.15) -> 333 | F34: =IF(D34="","",D34*0.05) -> 111 | G34: =IF(D34="","",D34*1.05*0.85) -> 1981.35 | H34: ='1549'!D34 -> 0 | I34: =IF(H34="","",H34*G34) -> 0 | J34: =H34 -> 0 | K34: =I34 -> 0
A35: 12.014.0650 | B35: חלון ציר-צד מאולגן/צבוע כדוגמת קליל קלאסי 4500 או ש"ע, זכוכית שקופה בידודית 5+6+6 מ"מ, בשטח מעל 0.6 מ"ר ועד 1.0 מ"ר | C35: מ"ר | D35: 2790 | E35: =IF(D35="","",D35*0.15) -> 418.5 | F35: =IF(D35="","",D35*0.05) -> 139.5 | G35: =IF(D35="","",D35*1.05*0.85) -> 2490.075 | H35: ='1549'!D35 -> 0 | I35: =IF(H35="","",H35*G35) -> 0 | J35: =H35 -> 0 | K35: =I35 -> 0
A36: 12.014.0660 | B36: חלון דו-צירי סב נטוי (דריי קיפ), מאולגן/צבוע כדוגמת קליל קלאסי 4500 או ש"ע, זכוכית שקופה בידודית מחוסמת דו צדדי 6+10+8 מ"מ, בשטח מעל 1.0 מ"ר ועד 2.0 מ"ר | C36: מ"ר | D36: 2700 | E36: =IF(D36="","",D36*0.15) -> 405 | F36: =IF(D36="","",D36*0.05) -> 135 | G36: =IF(D36="","",D36*1.05*0.85) -> 2409.75 | H36: ='1549'!D36 -> 0 | I36: =IF(H36="","",H36*G36) -> 0 | J36: =H36 -> 0 | K36: =I36 -> 0
A37: 12.016 | B37: חלון אלומיניום קיפ וחלון קבוע
A38: 12.016.0600 | B38: חלון קבוע כדוגמת קליל קלאסי 4500 או ש"ע, זכוכית שקופה בידודית 5+6+6 מ"מ, בשטח מעל 0.6 מ"ר ועד 1.0 מ"ר | C38: יח' | D38: 1310 | E38: =IF(D38="","",D38*0.15) -> 196.5 | F38: =IF(D38="","",D38*0.05) -> 65.5 | G38: =IF(D38="","",D38*1.05*0.85) -> 1169.175 | H38: ='1549'!D38 -> 0 | I38: =IF(H38="","",H38*G38) -> 0 | J38: =H38 -> 0 | K38: =I38 -> 0
A39: 12.016.0610 | B39: חלון קבוע כדוגמת קליל קלאסי 4500 או ש"ע, זכוכית שקופה בידודית 5+6+6 מ"מ, בשטח מעל 1.0 מ"ר ועד 2.0 מ"ר | C39: יח' | D39: 2090 | E39: =IF(D39="","",D39*0.15) -> 313.5 | F39: =IF(D39="","",D39*0.05) -> 104.5 | G39: =IF(D39="","",D39*1.05*0.85) -> 1865.325 | H39: ='1549'!D39 -> 0 | I39: =IF(H39="","",H39*G39) -> 0 | J39: =H39 -> 0 | K39: =I39 -> 0
A40: 12.051 | B40: דלתות/ויטרינות אלומיניום נגררות אגף על אגף (הזזה) של 2 אגפים
A41: 12.051.0460 | B41: דלת נגררת אגף על אגף של 2 אגפים ב-2 מסלולים מאולגנת/צבועה כדוגמת קליל קלאסי 9000 או ש"ע, זכוכית מחוסמת בעובי 8 מ"מ, בשטח מעל 4.0 מ"ר ועד 6.0 מ"ר | C41: מ"ר | D41: 1630 | E41: =IF(D41="","",D41*0.15) -> 244.5 | F41: =IF(D41="","",D41*0.05) -> 81.5 | G41: =IF(D41="","",D41*1.05*0.85) -> 1454.775 | H41: ='1549'!D41 -> 0 | I41: =IF(H41="","",H41*G41) -> 0 | J41: =H41 -> 0 | K41: =I41 -> 0
A42: 12.051.0470 | B42: דלת נגררת אגף על אגף של 2 אגפים ב-2 מסלולים מאולגנת/צבועה כדוגמת קליל קלאסי 9000 או ש"ע, זכוכית מחוסמת בעובי 8 מ"מ, בשטח מעל 6.0 מ"ר ועד 8.0 מ"ר | C42: מ"ר | D42: 1580 | E42: =IF(D42="","",D42*0.15) -> 237 | F42: =IF(D42="","",D42*0.05) -> 79 | G42: =IF(D42="","",D42*1.05*0.85) -> 1410.15 | H42: ='1549'!D42 -> 0 | I42: =IF(H42="","",H42*G42) -> 0 | J42: =H42 -> 0 | K42: =I42 -> 0
A43: 12.052 | B43: דלתות אלומיניום נגררות אגף על אגף (הזזה) של 3 אגפים ו-4 אגפים
A44: 12.052.0020 | B44: דלת נגררת אגף על אגף של 3 אגפים ב-3 מסלולים מאולגנת/צבועה כדוגמת קליל קלאסי 7000 או ש"ע, זכוכית מחוסמת בעובי 6 מ"מ, בשטח מעל 6.0 מ"ר ועד 8.0 מ"ר | C44: מ"ר | D44: 1760 | E44: =IF(D44="","",D44*0.15) -> 264 | F44: =IF(D44="","",D44*0.05) -> 88 | G44: =IF(D44="","",D44*1.05*0.85) -> 1570.8 | H44: ='1549'!D44 -> 0 | I44: =IF(H44="","",H44*G44) -> 0 | J44: =H44 -> 0 | K44: =I44 -> 0
A45: 12.052.0070 | B45: דלת נגררת אגף על אגף של 3 אגפים ב-3 מסלולים מאולגנת/צבועה כדוגמת קליל קלאסי 9000 או ש"ע, זכוכית מחוסמת בעובי 6 מ"מ, בשטח מעל 6.0 מ"ר ועד 8.0 מ"ר | C45: מ"ר | D45: 1850 | E45: =IF(D45="","",D45*0.15) -> 277.5 | F45: =IF(D45="","",D45*0.05) -> 92.5 | G45: =IF(D45="","",D45*1.05*0.85) -> 1651.125 | H45: ='1549'!D45 -> 7.85 | I45: =IF(H45="","",H45*G45) -> 12961.331 | J45: =H45 -> 7.85 | K45: =I45 -> 12961.331
A46: 12.052.0080 | B46: דלת נגררת אגף על אגף של 3 אגפים ב-3 מסלולים מאולגנת/צבועה כדוגמת קליל קלאסי 9000 או ש"ע, זכוכית מחוסמת בעובי 8 מ"מ, בשטח מעל 8.0 מ"ר ועד 10.0 מ"ר | C46: מ"ר | D46: 1680 | E46: =IF(D46="","",D46*0.15) -> 252 | F46: =IF(D46="","",D46*0.05) -> 84 | G46: =IF(D46="","",D46*1.05*0.85) -> 1499.4 | H46: ='1549'!D46 -> 0 | I46: =IF(H46="","",H46*G46) -> 0 | J46: =H46 -> 0 | K46: =I46 -> 0
A47: 12.052.0260 | B47: דלת נגררת אגף על אגף של 3 אגפים ב-3 מסלולים מאולגנת/צבועה כדוגמת קליל בלגי 7300 או ש"ע, זכוכית מחוסמת בעובי 6 מ"מ, בשטח מעל 6.0 מ"ר ועד 8.0 מ"ר | C47: מ"ר | D47: 2101 | E47: =IF(D47="","",D47*0.15) -> 315.15 | F47: =IF(D47="","",D47*0.05) -> 105.05 | G47: =IF(D47="","",D47*1.05*0.85) -> 1875.1425 | H47: ='1549'!D47 -> 0 | I47: =IF(H47="","",H47*G47) -> 0 | J47: =H47 -> 0 | K47: =I47 -> 0
A48: 12.053 | B48: דלתות אלומיניום ציריות
A49: 12.053.0200 | B49: דלת ציר אגף אחד מאולגנת/צבועה כדוגמת קליל 4500 או ש"ע, זכוכית מחוסמת בעובי 6 מ"מ, בשטח עד 2.0 מ"ר | C49: מ"ר | D49: 2850 | E49: =IF(D49="","",D49*0.15) -> 427.5 | F49: =IF(D49="","",D49*0.05) -> 142.5 | G49: =IF(D49="","",D49*1.05*0.85) -> 2543.625 | H49: ='1549'!D49 -> 0 | I49: =IF(H49="","",H49*G49) -> 0 | J49: =H49 -> 0 | K49: =I49 -> 0
A50: 12.053.0210 | B50: דלת ציר אגף אחד מאולגנת/צבועה כדוגמת קליל 4500 או ש"ע, זכוכית מחוסמת בעובי 6 מ"מ, בשטח מעל 2.0 מ"ר ועד 3.0 מ"ר | C50: מ"ר | D50: 2300 | E50: =IF(D50="","",D50*0.15) -> 345 | F50: =IF(D50="","",D50*0.05) -> 115 | G50: =IF(D50="","",D50*1.05*0.85) -> 2052.75 | H50: ='1549'!D50 -> 0 | I50: =IF(H50="","",H50*G50) -> 0 | J50: =H50 -> 0 | K50: =I50 -> 0
A51: 12.053.0450 | B51: דלת ציר שני אגפים מאולגנת/צבועה כדוגמת קליל קלאסי 4500 או ש"ע, זכוכית מחוסמת בעובי 6 מ"מ, בשטח מעל 3.0 מ"ר ועד 4.0 מ"ר | C51: מ"ר | D51: 3250 | E51: =IF(D51="","",D51*0.15) -> 487.5 | F51: =IF(D51="","",D51*0.05) -> 162.5 | G51: =IF(D51="","",D51*1.05*0.85) -> 2900.625 | H51: ='1549'!D51 -> 0 | I51: =IF(H51="","",H51*G51) -> 0 | J51: =H51 -> 0 | K51: =I51 -> 0
A52: 12.061 | B52: ויטרינות כניסה מאלומיניום בשטחים ציבוריים
A53: 12.061.9000 | B53: פירוק ויטרינה מאלומיניום, לרבות המשקוף | C53: מ"ר | D53: 88 | E53: =IF(D53="","",D53*0.15) -> 13.2 | F53: =IF(D53="","",D53*0.05) -> 4.4 | G53: =IF(D53="","",D53*1.05*0.85) -> 78.54 | H53: ='1549'!D53 -> 7.85 | I53: =IF(H53="","",H53*G53) -> 616.539 | J53: =H53 -> 7.85 | K53: =I53 -> 616.539
A54: 12.065 | B54: תריסי רפפה ותריסי גלילה מאלומיניום ומנועים חשמליים לתריסים
A55: 12.065.1611 | B55: תריס גלילה עם רפפות מפח אלומיניום עם פוליאוריטן מוקצף לרבות ארגז תריס מונובלוק 40, בשטח מעל 0.6 מ"ר ועד 1.0 מ"ר | C55: מ"ר | D55: 910 | E55: =IF(D55="","",D55*0.15) -> 136.5 | F55: =IF(D55="","",D55*0.05) -> 45.5 | G55: =IF(D55="","",D55*1.05*0.85) -> 812.175 | H55: ='1549'!D55 -> 0 | I55: =IF(H55="","",H55*G55) -> 0 | J55: =H55 -> 0 | K55: =I55 -> 0
A56: 12.065.1613 | B56: תריס גלילה עם רפפות מפח אלומיניום עם פוליאוריטן מוקצף לרבות ארגז תריס מונובלוק 40, בשטח מעל 1.0 מ"ר ועד 3.0 מ"ר | C56: מ"ר | D56: 717 | E56: =IF(D56="","",D56*0.15) -> 107.55 | F56: =IF(D56="","",D56*0.05) -> 35.85 | G56: =IF(D56="","",D56*1.05*0.85) -> 639.9225 | H56: ='1549'!D56 -> 0 | I56: =IF(H56="","",H56*G56) -> 0 | J56: =H56 -> 0 | K56: =I56 -> 0
A57: 12.065.1615 | B57: תריס גלילה עם רפפות מפח אלומיניום עם פוליאוריטן מוקצף לרבות ארגז תריס מונובלוק 40, בשטח מעל 3.0 מ"ר ועד 6.0 מ"ר | C57: מ"ר | D57: 582 | E57: =IF(D57="","",D57*0.15) -> 87.3 | F57: =IF(D57="","",D57*0.05) -> 29.1 | G57: =IF(D57="","",D57*1.05*0.85) -> 519.435 | H57: ='1549'!D57 -> 18.965 | I57: =IF(H57="","",H57*G57) -> 9851.0848 | J57: =H57 -> 18.965 | K57: =I57 -> 9851.0848
A58: 12.065.1700 | B58: תריס גלילה "תריס אור" עם רפפות מפח אלומיניום עם פוליאוריטן מוקצף לרבות ארגז תריס מונובלוק 40, בשטח מעל 0.6 מ"ר ועד 1.0 מ"ר | C58: מ"ר | D58: 1120 | E58: =IF(D58="","",D58*0.15) -> 168 | F58: =IF(D58="","",D58*0.05) -> 56 | G58: =IF(D58="","",D58*1.05*0.85) -> 999.6 | H58: ='1549'!D58 -> 0 | I58: =IF(H58="","",H58*G58) -> 0 | J58: =H58 -> 0 | K58: =I58 -> 0
A59: 12.065.1710 | B59: תריס גלילה "תריס אור" עם רפפות מפח אלומיניום עם פוליאוריטן מוקצף לרבות ארגז תריס מונובלוק 40, בשטח מעל 1.0 מ"ר ועד 3.0 מ"ר | C59: מ"ר | D59: 800 | E59: =IF(D59="","",D59*0.15) -> 120 | F59: =IF(D59="","",D59*0.05) -> 40 | G59: =IF(D59="","",D59*1.05*0.85) -> 714 | H59: ='1549'!D59 -> 0 | I59: =IF(H59="","",H59*G59) -> 0 | J59: =H59 -> 0 | K59: =I59 -> 0
A60: 12.065.1720 | B60: תריס גלילה "תריס אור" עם רפפות מפח אלומיניום עם פוליאוריטן מוקצף לרבות ארגז תריס מונובלוק 40, בשטח מעל 3.0 מ"ר ועד 6.0 מ"ר | C60: מ"ר | D60: 880 | E60: =IF(D60="","",D60*0.15) -> 132 | F60: =IF(D60="","",D60*0.05) -> 44 | G60: =IF(D60="","",D60*1.05*0.85) -> 785.4 | H60: ='1549'!D60 -> 0 | I60: =IF(H60="","",H60*G60) -> 0 | J60: =H60 -> 0 | K60: =I60 -> 0
A61: 12.065.1730 | B61: תריס גלילה "תריס אור" עם רפפות מפח אלומיניום עם פוליאוריטן מוקצף לרבות ארגז תריס מונובלוק 40, בשטח מעל 6.0 מ"ר ועד 8.5 מ"ר | C61: מ"ר | D61: 840 | E61: =IF(D61="","",D61*0.15) -> 126 | F61: =IF(D61="","",D61*0.05) -> 42 | G61: =IF(D61="","",D61*1.05*0.85) -> 749.7 | H61: ='1549'!D61 -> 0 | I61: =IF(H61="","",H61*G61) -> 0 | J61: =H61 -> 0 | K61: =I61 -> 0
A62: 12.065.1661 | B62: תריס גלילה "תריס אור" עם רפפות מאלומיניום שחול (משוך) וחריצים גדולים בין השלבים, צבע לבן לרבות ארגז תריס מונובלוק 40, בשטח מעל 0.6 מ"ר ועד 1.0 מ"ר | C62: מ"ר | D62: 1840 | E62: =IF(D62="","",D62*0.15) -> 276 | F62: =IF(D62="","",D62*0.05) -> 92 | G62: =IF(D62="","",D62*1.05*0.85) -> 1642.2 | H62: ='1549'!D62 -> 0 | I62: =IF(H62="","",H62*G62) -> 0 | J62: =H62 -> 0 | K62: =I62 -> 0
A63: 12.065.1671 | B63: תריס גלילה "תריס אור" עם רפפות מאלומיניום שחול (משוך) וחריצים גדולים בין השלבים, צבע לבן לרבות ארגז תריס מונובלוק 40, בשטח מעל 1.0 מ"ר ועד 3.0 מ"ר | C63: מ"ר | D63: 1730 | E63: =IF(D63="","",D63*0.15) -> 259.5 | F63: =IF(D63="","",D63*0.05) -> 86.5 | G63: =IF(D63="","",D63*1.05*0.85) -> 1544.025 | H63: ='1549'!D63 -> 0 | I63: =IF(H63="","",H63*G63) -> 0 | J63: =H63 -> 0 | K63: =I63 -> 0
A64: 12.065.1681 | B64: תריס גלילה "תריס אור" עם רפפות מאלומיניום שחול (משוך) וחריצים גדולים בין השלבים, צבע לבן לרבות ארגז תריס מונובלוק 40, בשטח מעל 3.0 מ"ר ועד 6.0 מ"ר | C64: מ"ר | D64: 1440 | E64: =IF(D64="","",D64*0.15) -> 216 | F64: =IF(D64="","",D64*0.05) -> 72 | G64: =IF(D64="","",D64*1.05*0.85) -> 1285.2 | H64: ='1549'!D64 -> 0 | I64: =IF(H64="","",H64*G64) -> 0 | J64: =H64 -> 0 | K64: =I64 -> 0
A65: 12.065.2000 | B65: מנוע חשמלי לתריס במשקל עד 20 ק"ג, לא כולל נק' החשמל | C65: יח' | D65: 620 | E65: =IF(D65="","",D65*0.15) -> 93 | F65: =IF(D65="","",D65*0.05) -> 31 | G65: =IF(D65="","",D65*1.05*0.85) -> 553.35 | H65: ='1549'!D65 -> 0 | I65: =IF(H65="","",H65*G65) -> 0 | J65: =H65 -> 0 | K65: =I65 -> 0
A66: 12.065.2010 | B66: מנוע חשמלי לתריס במשקל מעל 20 ק"ג ועד 30 ק"ג, לא כולל נק' החשמל | C66: יח' | D66: 750 | E66: =IF(D66="","",D66*0.15) -> 112.5 | F66: =IF(D66="","",D66*0.05) -> 37.5 | G66: =IF(D66="","",D66*1.05*0.85) -> 669.375 | H66: ='1549'!D66 -> 0 | I66: =IF(H66="","",H66*G66) -> 0 | J66: =H66 -> 0 | K66: =I66 -> 0
... A80: 12.065.0006 | B80: פירוק ארגז תריס קיים 35/450 | C80: יח' | D80: 193 | E80: =IF(D80="","",D80*0.15) -> 28.95 | F80: =IF(D80="","",D80*0.05) -> 9.65 | G80: =IF(D80="","",D80*1.05*0.85) -> 172.2525 | H80: ='1549'!D80 -> 0 | I80: =IF(H80="","",H80*G80) -> 0 | J80: =H80 -> 0 | K80: =I80 -> 0
A81: 12.067 | B81: רשתות גלילה ורשתות יתושים
A82: 12.067.9000 | B82: פירוק רשתות יתושים, לרבות מסגרת | C82: מ"ר | D82: 53 | E82: =IF(D82="","",D82*0.15) -> 7.95 | F82: =IF(D82="","",D82*0.05) -> 2.65 | G82: =IF(D82="","",D82*1.05*0.85) -> 47.3025 | H82: ='1549'!D82 -> 10.817 | I82: =IF(H82="","",H82*G82) -> 511.67114 | J82: =H82 -> 10.817 | K82: =I82 -> 511.67114
A83: 12.067.0200 | B83: רשת יתושים קטנה מפיברגלס, עבור חלון הזזה (הרשת על חצי הפתח) לרבות מסגרת מפרופיל אלומיניום מאולגן במידות 40/15 מ"מ, לרבות מסילה בתוך משקוף החלון, בשטח מעל 0.6 מ"ר ועד 1.0 מ"ר. המדידה לפי שטח הרשת | C83: מ"ר | D83: 880 | E83: =IF(D83="","",D83*0.15) -> 132 | F83: =IF(D83="","",D83*0.05) -> 44 | G83: =IF(D83="","",D83*1.05*0.85) -> 785.4 | H83: ='1549'!D83 -> 0 | I83: =IF(H83="","",H83*G83) -> 0 | J83: =H83 -> 0 | K83: =I83 -> 0
A84: 12.067.0210 | B84: רשת יתושים קטנה מפיברגלס, עבור חלון הזזה (הרשת על חצי הפתח) לרבות מסגרת מפרופיל אלומיניום מאולגן במידות 40/15 מ"מ, לרבות מסילה בתוך משקוף החלון, בשטח מעל 1.0 מ"ר ועד 2.0 מ"ר. המדידה לפי שטח הרשת | C84: מ"ר | D84: 650 | E84: =IF(D84="","",D84*0.15) -> 97.5 | F84: =IF(D84="","",D84*0.05) -> 32.5 | G84: =IF(D84="","",D84*1.05*0.85) -> 580.125 | H84: ='1549'!D84 -> 10.817 | I84: =IF(H84="","",H84*G84) -> 6275.2121 | J84: =H84 -> 10.817 | K84: =I84 -> 6275.2121
A85: 12.068 | B85: זכוכית לזיגוג דלתות וחלונות, ציפויי חלונות וקירות וזכוכית לסגירת מרפסות
A86: 12.068.1320 | B86: זכוכית בטחון 5+5 מ"מ עם 0.76 P.V.B | C86: מ"ר | D86: 265 | E86: =IF(D86="","",D86*0.15) -> 39.75 | F86: =IF(D86="","",D86*0.05) -> 13.25 | G86: =IF(D86="","",D86*1.05*0.85) -> 236.5125 | H86: ='1549'!D86 -> 0 | I86: =IF(H86="","",H86*G86) -> 0 | J86: =H86 -> 0 | K86: =I86 -> 0
A87: 12.068.1216 | B87: זכוכית שקופה בידודית מחוסמת משני הצדדים 6+10+8 מ"מ | C87: מ"ר | D87: 375 | E87: =IF(D87="","",D87*0.15) -> 56.25 | F87: =IF(D87="","",D87*0.05) -> 18.75 | G87: =IF(D87="","",D87*1.05*0.85) -> 334.6875 | H87: ='1549'!D87 -> 5.558 | I87: =IF(H87="","",H87*G87) -> 1860.1931 | J87: =H87 -> 5.558 | K87: =I87 -> 1860.1931
A88: 12.068.1172 | B88: זכוכית שקופה בידודית מחוסמת משני הצדדים 5+6+6 מ"מ | C88: מ"ר | D88: 317 | E88: =IF(D88="","",D88*0.15) -> 47.55 | F88: =IF(D88="","",D88*0.05) -> 15.85 | G88: =IF(D88="","",D88*1.05*0.85) -> 282.9225 | H88: ='1549'!D88 -> 0 | I88: =IF(H88="","",H88*G88) -> 0 | J88: =H88 -> 0 | K88: =I88 -> 0
A89: 12.068.1004 | B89: זכוכית שטוחה מחוסמת בעובי 6 מ"מ | C89: מ"ר | D89: 172 | E89: =IF(D89="","",D89*0.15) -> 25.8 | F89: =IF(D89="","",D89*0.05) -> 8.6 | G89: =IF(D89="","",D89*1.05*0.85) -> 153.51 | H89: ='1549'!D89 -> -7.85 | I89: =IF(H89="","",H89*G89) -> -1205.0535 | J89: =H89 -> -7.85 | K89: =I89 -> -1205.0535
A90: 12.068.0902 | B90: זכוכית שטוחה שקופה בעובי 5 מ"מ | C90: מ"ר | D90: 94 | E90: =IF(D90="","",D90*0.15) -> 14.1 | F90: =IF(D90="","",D90*0.05) -> 4.7 | G90: =IF(D90="","",D90*1.05*0.85) -> 83.895 | H90: ='1549'!D90 -> 0 | I90: =IF(H90="","",H90*G90) -> 0 | J90: =H90 -> 0 | K90: =I90 -> 0
A91: 12.068.1002 | B91: זכוכית שטוחה מחוסמת בעובי 5 מ"מ | C91: מ"ר | D91: 157 | E91: =IF(D91="","",D91*0.15) -> 23.55 | F91: =IF(D91="","",D91*0.05) -> 7.85 | G91: =IF(D91="","",D91*1.05*0.85) -> 140.1225 | H91: ='1549'!D91 -> 0 | I91: =IF(H91="","",H91*G91) -> 0 | J91: =H91 -> 0 | K91: =I91 -> 0
A92: 12.068.1006 | B92: זכוכית שטוחה מחוסמת בעובי 8 מ"מ | C92: מ"ר | D92: 315 | E92: =IF(D92="","",D92*0.15) -> 47.25 | F92: =IF(D92="","",D92*0.05) -> 15.75 | G92: =IF(D92="","",D92*1.05*0.85) -> 281.1375 | H92: ='1549'!D92 -> 0 | I92: =IF(H92="","",H92*G92) -> 0 | J92: =H92 -> 0 | K92: =I92 -> 0
A93: 15 | B93: מתקני מיזוג אוויר
A94: 15.041 | B94: מזגנים מפוצלים ויחידות מיני מרכזיות
A95: 15.041.1200 | B95: מזגן מפוצל אינוורטר (התקנה סטנדרטית) כדוגמת "אלקטרה" או ש"ע לתפוקת קירור נומינלית BTU/HR 9,500 (1 כ"ס) לרבות 2.0 מ"א ראשונים של צנרת גז וחשמל, מותקן מושלם | C95: קומפ' | D95: 3050 | E95: =IF(D95="","",D95*0.15) -> 457.5 | F95: =IF(D95="","",D95*0.05) -> 152.5 | G95: =IF(D95="","",D95*1.05*0.85) -> 2722.125 | H95: ='1549'!D95 -> 1 | I95: =IF(H95="","",H95*G95) -> 2722.125 | J95: =H95 -> 1 | K95: =I95 -> 2722.125
A96: 15.041.1210 | B96: מזגן מפוצל אינוורטר (התקנה סטנדרטית) כדוגמת "אלקטרה" או ש"ע לתפוקת קירור נומינלית BTU/HR 12,000 (1.2 כ"ס) לרבות 2.0 מ"א ראשונים של צנרת גז וחשמל, מותקן מושלם | C96: קומפ | D96: 3500 | E96: =IF(D96="","",D96*0.15) -> 525 | F96: =IF(D96="","",D96*0.05) -> 175 | G96: =IF(D96="","",D96*1.05*0.85) -> 3123.75 | H96: ='1549'!D96 -> 0 | I96: =IF(H96="","",H96*G96) -> 0 | J96: =H96 -> 0 | K96: =I96 -> 0
A97: 15.041.4000 | B97: צנרת גז וחשמל למזגן עם מעטה למיזוג אוויר (צמ"א) הכוללת 2 צינורות נחושת מבודדים בקטרים "3/8, "5/8, צינור חשמל עם כבל רב גידי, הכל מאוגד יחדיו בשרוול (מעל 2.0 מ"א הראשונים הכלולים במחיר התקנת מזגן) לרבות מילוי גז ושמן כנדרש לתוספת צנרת זו | C97: מ"א | D97: 128 | E97: =IF(D97="","",D97*0.15) -> 19.2 | F97: =IF(D97="","",D97*0.05) -> 6.4 | G97: =IF(D97="","",D97*1.05*0.85) -> 114.24 | H97: ='1549'!D97 -> 2 | I97: =IF(H97="","",H97*G97) -> 228.48 | J97: =H97 -> 2 | K97: =I97 -> 228.48
A98: 15.041.4010 | B98: צנרת גז וחשמל למזגן עם מעטה למיזוג אוויר (צמ"א) הכוללת 2 צינורות נחושת מבודדים בקטרים "1/2, "7/8, צינור חשמל עם כבל רב גידי, הכל מאוגד יחדיו בשרוול (מעל 2.0 מ"א הראשונים הכלולים במחיר התקנת מזגן), לרבות מילוי גז ושמן כנדרש לתוספת צנרת זו | C98: מ' | D98: 172 | E98: =IF(D98="","",D98*0.15) -> 25.8 | F98: =IF(D98="","",D98*0.05) -> 8.6 | G98: =IF(D98="","",D98*1.05*0.85) -> 153.51 | H98: ='1549'!D98 -> 0 | I98: =IF(H98="","",H98*G98) -> 0 | J98: =H98 -> 0 | K98: =I98 -> 0
A99: 15.041.9161 | B99: תוספת לסעיפי התקנה של מזגנים עבור ביצוע קידוח למעבר צנרת, בקיר בטון בעובי 30-35 ס"מ במקום בקיר בלוקים בעובי 20-25 ס"מ. קוטר הקידוח עד "3 | C99: יח' | D99: 320 | E99: =IF(D99="","",D99*0.15) -> 48 | F99: =IF(D99="","",D99*0.05) -> 16 | G99: =IF(D99="","",D99*1.05*0.85) -> 285.6 | H99: ='1549'!D99 -> 2 | I99: =IF(H99="","",H99*G99) -> 571.2 | J99: =H99 -> 2 | K99: =I99 -> 571.2
A100: 15.041.9620 | B100: החלפת צינור שרשורי לניקוז מזגן מפוצל. | C100: מ"א | D100: 23.5 | E100: =IF(D100="","",D100*0.15) -> 3.525 | F100: =IF(D100="","",D100*0.05) -> 1.175 | G100: =IF(D100="","",D100*1.05*0.85) -> 20.97375 | H100: ='1549'!D100 -> 3 | I100: =IF(H100="","",H100*G100) -> 62.92125 | J100: =H100 -> 3 | K100: =I100 -> 62.92125
A101: 15.041.9950 | B101: תוספת עבור הרמת מעבה מזגן בתפוקת קירור של עד 16,000 BTU/HR (2 כ"ס) לגובה מעל 3 מ', ללא מנוף | C101: יח' | D101: 180 | E101: =IF(D101="","",D101*0.15) -> 27 | F101: =IF(D101="","",D101*0.05) -> 9 | G101: =IF(D101="","",D101*1.05*0.85) -> 160.65 | H101: ='1549'!D101 -> 1 | I101: =IF(H101="","",H101*G101) -> 160.65 | J101: =H101 -> 1 | K101: =I101 -> 160.65
A102: 30.050.9010 | B102: פירוק צלונים/וילונות ונציאניים מסוגים שונים לשימוש חוזר, לרבות קונסטרוקצית תליה וכבלים | C102: מ"ר | D102: 48 | E102: =IF(D102="","",D102*0.15) -> 7.2 | F102: =IF(D102="","",D102*0.05) -> 2.4 | G102: =IF(D102="","",D102*1.05*0.85) -> 42.84 | H102: ='1549'!D102 -> 18.965 | I102: =IF(H102="","",H102*G102) -> 812.4606 | J102: =H102 -> 18.965 | K102: =I102 -> 812.4606
A103: 60 | B103: מחירי שעות עבודה ושכירת ציוד
A104: 60.020 | B104: ש"ע פועלי בנין - מחירי קבלן משנה
A105: 60.010.0020 | B105: פועל בנין פשוט | C105: ש"ע | D105: 130 | E105: =IF(D105="","",D105*0.15) -> 19.5 | F105: =IF(D105="","",D105*0.05) -> 6.5 | G105: =IF(D105="","",D105*1.05*0.85) -> 116.025 | H105: ='1549'!D105 -> 3 | I105: =IF(H105="","",H105*G105) -> 348.075 | J105: =H105 -> 3 | K105: =I105 -> 348.075
A106: 60.010.0010 | B106: פועל בנין מקצועי | C106: ש"ע | D106: 145 | E106: =IF(D106="","",D106*0.15) -> 21.75 | F106: =IF(D106="","",D106*0.05) -> 7.25 | G106: =IF(D106="","",D106*1.05*0.85) -> 129.4125 | H106: ='1549'!D106 -> 5 | I106: =IF(H106="","",H106*G106) -> 647.0625 | J106: =H106 -> 5 | K106: =I106 -> 647.0625
A107: 60.030 | B107: ש"ע לשכירת ציוד מכני הנדסי, רכב משא ומיכליות מים
A108: 60.030.0605 | B108: משאית מנוף 23-30 טון, אורך זרוע 15-20 מ' (כושר הרמה לפי מפרט היצרן). המחיר הינו לשעתיים עבודה | C108: יח' | D108: 1460 | E108: =IF(D108="","",D108*0.15) -> 219 | F108: =IF(D108="","",D108*0.05) -> 73 | G108: =IF(D108="","",D108*1.05*0.85) -> 1303.05 | H108: ='1549'!D108 -> 0 | I108: =IF(H108="","",H108*G108) -> 0 | J108: =H108 -> 0 | K108: =I108 -> 0
A109: 60.030.0634 | B109: משאית מנוף 55-70 טון, אורך זרוע 30-35 מ' (כושר הרמה לפי מפרט היצרן). המחיר הינו לשעתיים עבודה | C109: יח' | D109: 1810 | E109: =IF(D109="","",D109*0.15) -> 271.5 | F109: =IF(D109="","",D109*0.05) -> 90.5 | G109: =IF(D109="","",D109*1.05*0.85) -> 1615.425 | H109: ='1549'!D109 -> 1 | I109: =IF(H109="","",H109*G109) -> 1615.425 | J109: =H109 -> 1 | K109: =I109 -> 1615.425
A110: 60.030.0644 | B110: משאית מנוף 95-100 טון, אורך זרוע 35-40 מ' (כושר הרמה לפי מפרט היצרן). המחיר הינו לשעתיים עבודה | C110: יח' | D110: 2200 | E110: =IF(D110="","",D110*0.15) -> 330 | F110: =IF(D110="","",D110*0.05) -> 110 | G110: =IF(D110="","",D110*1.05*0.85) -> 1963.5 | H110: ='1549'!D110 -> 0 | I110: =IF(H110="","",H110*G110) -> 0 | J110: =H110 -> 0 | K110: =I110 -> 0
A111: 85 | B111: חומרי איטום ובידוד תרמי
A112: 85.095 | B112: חומרים לבידוד תרמי ואקוסטי
A113: 85.095.0950 | B113: חומר בלבד: "דבטק" טקסאונד SY50 - יריעה פולימרית סינטטית לבידוד אקוסטי בעובי 2.5 מ"מ (מזרון דק), לא דליק, לקירות בבניין ותעשייה, משקל 5 ק"ג למ"ר - אריזת גליל 7.32 מ"ר, ברוחב 1.22 ובאורך 6.05 (המחיר ביח' לגליל) | C113: מ"ר | D113: 129.78142 | E113: =IF(D113="","",D113*0.15) -> 19.467213 | F113: =IF(D113="","",D113*0.05) -> 6.489071 | G113: =IF(D113="","",D113*1.05*0.85) -> 115.82992 | H113: ='1549'!D113 -> 2.292 | I113: =IF(H113="","",H113*G113) -> 265.48217 | J113: =H113 -> 2.292 | K113: =I113 -> 265.48217
A114: 95 | B114: חומרים
A115: 95.040.0230 | B115: חומר בלבד: מפסק פאקט חד פאזי ליחידת עיבוי | C115: יח' | D115: 150 | E115: =IF(D115="","",D115*0.15) -> 22.5 | F115: =IF(D115="","",D115*0.05) -> 7.5 | G115: =IF(D115="","",D115*1.05*0.85) -> 133.875 | H115: ='1549'!D115 -> 1 | I115: =IF(H115="","",H115*G115) -> 133.875 | J115: =H115 -> 1 | K115: =I115 -> 133.875
A116: 12.99.0001 | B116: תוספת ידיות מיוחדות ומנגנון נעילה מיוחד לויטרינות | C116: יח' | D116: 2375.3501 | E116: =IF(D116="","",D116*0.15) -> 356.30252 | F116: =IF(D116="","",D116*0.05) -> 118.76751 | G116: =IF(D116="","",D116*1.05*0.85) -> 2120 | H116: ='1549'!D116 -> 1 | I116: =IF(H116="","",H116*G116) -> 2120 | J116: =H116 -> 1 | K116: =I116 -> 2120
A117: 12.99.0002 | B117: תוספת ידיות מיוחדות ומנגנון נעילה מיוחד לחלונות | C117: יח' | D117: 950.14006 | E117: =IF(D117="","",D117*0.15) -> 142.52101 | F117: =IF(D117="","",D117*0.05) -> 47.507003 | G117: =IF(D117="","",D117*1.05*0.85) -> 848 | H117: ='1549'!D117 -> 3 | I117: =IF(H117="","",H117*G117) -> 2544 | J117: =H117 -> 3 | K117: =I117 -> 2544
A118: 12.093.0022 | B118: תוספת עבור צבע מטאלי Fine Iron במראה מתכתי ובמרקם חלק בכל הגוונים. התוספת הינה 6% למחירי החלונות | C118: % | D118: 0.06 | E118: =IF(D118="","",D118*0.15) -> 0.009 | F118: =IF(D118="","",D118*0.05) -> 0.003 | G118: =IF(D118="","",D118*1.05*0.85) -> 0.05355 | H118: ='1549'!D118 -> 60313.71 | I118: =IF(H118="","",H118*G118) -> 3229.7992 | J118: =H118 -> 60313.71 | K118: =I118 -> 3229.7992
A119: 60.020.0067 | B119: צוות לעב' אלומיניום - 2 פועלים (מרכיב מקצועי ועוזר) - לרבות ציוד ורכב/טנדר למרחק עד 70 ק"מ. הסעיף הינו עבור קריאה מיוחדת, לאחר סיום העבודה או באישור מיוחד של המפקח, ובתנאי שלא ניתן לתמחר את העבודה לפי סעיפים אחרים והיא אינה כלולה כחלק מחובת תיקון הליקויים של הקבלן. מחיר ליום עבודה לפי 8 ש"ע, בשעות רגילות | C119: י"ע | D119: 3400 | E119: =IF(D119="","",D119*0.15) -> 510 | F119: =IF(D119="","",D119*0.05) -> 170 | G119: =IF(D119="","",D119*1.05*0.85) -> 3034.5 | H119: ='1549'!D119 -> 0 | I119: =IF(H119="","",H119*G119) -> 0 | J119: =H119 -> 0 | K119: =I119 -> 0
A120: 11.011.2000 | B120: תוספת עבור צבע בגוון מעבר לבסיס "P". התוספת הינה 15% למחיר הצבע | C120: קומפ' | D120: 0.15 | E120: =IF(D120="","",D120*0.15) -> 0.0225 | F120: =IF(D120="","",D120*0.05) -> 0.0075 | G120: =IF(D120="","",D120*1.05*0.85) -> 0.133875 | H120: ='1549'!D120 -> 0 | I120: =IF(H120="","",H120*G120) -> 0 | J120: =H120 -> 0 | K120: =I120 -> 0
...

Sheet רשימת כתובות
A1: מס' הזמנה | B1: שם משפחה | C1: כתובת | D1: קומה | E1: דירה
A2: 1549 | B2: כהן אלדן | C2: מנחם בגין 48 | D2: 5 | E2: 14

Sheet 1549
C1: כהן אלדן | D1: 1549 | K1: נתוני מדידה גולמיים (קלט מריכוז כמויות)
K2: שדה | L2: ערך
K3: מס' חדרים | L3: 4
K4: היקף כולל | L4: 31.96
K5: שטח ויטרינה | L5: 7.85
A6: סעיף | B6: תאור | C6: יח' | D6: כמות | E6: מחיר | F6: הנחת קבלן 15% | G6: תוספת דירה מאוכלסת 5% | H6: סה"כ מחיר יחידה | I6: סה"כ אחרי הנחה | K6: שטח קיפ+קבוע | L6: 0
A7: 60.020.0090 | B7: חשמלאי מוסמך | C7: ש"ע | D7: =IF(SUM(D65,D66,D67,D68,D69,D70)>0,2,0)+2 -> 4 | E7: 150 | F7: =IF(E7="","",E7*0.15) -> 22.5 | G7: =IF(E7="","",E7*0.05) -> 7.5 | H7: =IF(E7="","",E7*1.05*0.85) -> 133.875 | I7: =IF(D7="","",H7*D7) -> 535.5 | K7: שטח רשת כולל | L7: 10.817
A8: 09 | B8: עבודות טיח | K8: מס' חלונות עד 2 מ"ר | L8: 0
A9: 09.011 | B9: טיח פנים | K9: מס' חלונות מעל 2 מ"ר ועד 3 מ"ר | L9: 0
A10: 09.011.9030 | B10: תיקוני טיח פנים קיים על שטחים מישוריים ברצועות רוחב מעל 15 ס"מ ועד 30 ס"מ לאחר הנחת קווי מים, חשמל וכד' בקירות, סביב משקופי חלונות ודלתות שהורכבו בקירות קיימים, במפגשים בין קירות ו/או תקרות חדשים לקיימים הכל לרבות סיתות והתאמת עובי הטיח החדש לקיים | C10: מ' | D10: =L4 -> 31.96 | E10: 64 | F10: =IF(E10="","",E10*0.15) -> 9.6 | G10: =IF(E10="","",E10*0.05) -> 3.2 | H10: =IF(E10="","",E10*1.05*0.85) -> 57.12 | I10: =IF(D10="","",H10*D10) -> 1825.5552 | K10: מספר חלונות מעל 3 מ"ר ועד 5 מ"ר | L10: 3
A11: 11 | B11: עבודות צביעה | K11: רוחב 0-100 | L11: 0
A12: 11.011 | B12: צבע וסיוד פנים, על טיח, בטון, בלוקים וגבס | K12: רוחב 101-150 | L12: 3
A13: 11.011.9660 | B13: חידוש צבע פנים על קירות בדירת חדר מרוהטת בשטח 25-35 מ"ר ובגובה עד 2.70 מ'. הקירות ייצבעו בצבע אקרילי, ללא צביעת התקרות, לרבות הסרת צבע רופף, תיקונים קלים וסתימת חורים, ליטוש הקיר וניקוי שאריות הצבע בגמר העבודה | C13: קומפ | D13: =L3 -> 4 | E13: 1770 | F13: =IF(E13="","",E13*0.15) -> 265.5 | G13: =IF(E13="","",E13*0.05) -> 88.5 | H13: =IF(E13="","",E13*1.05*0.85) -> 1579.725 | I13: =IF(D13="","",H13*D13) -> 6318.9 | K13: רוחב 151-200 | L13: 0
K14: רוחב 201-250 | L14: 0
A15: 12 | B15: עבודות אלומיניום | K15: רוחב 251-300 | L15: 0
A16: 12.011 | B16: חלון אלומיניום נגרר אגף על אגף (הזזה) של 2 אגפים ב-2 מסלולים | K16: רוחב 301-350 | L16: 1
A17: 12.011.0210 | B17: חלון נגרר אגף על אגף של 2 אגפים ב-2 מסלולים מאולגן/צבוע כדוגמת קליל קלאסי 7000 או ש"ע, זכוכית שקופה בידודית 5+6+6 מ"מ, בשטח מעל 1.0 מ"ר ועד 2.0 מ"ר | C17: מ"ר | D17: 0 | E17: 1760 | F17: =IF(E17="","",E17*0.15) -> 264 | G17: =IF(E17="","",E17*0.05) -> 88 | H17: =IF(E17="","",E17*1.05*0.85) -> 1570.8 | I17: =IF(D17="","",H17*D17) -> 0 | K17: רוחב 351-400 | L17: 0
A18: 12.011.0260 | B18: חלון נגרר אגף על אגף של 2 אגפים ב-2 מסלולים מאולגן/צבוע כדוגמת קליל קלאסי 9000 או ש"ע, זכוכית שקופה בידודית 5+6+6 מ"מ, בשטח מעל 0.6 מ"ר ועד 1.0 מ"ר | C18: מ"ר | D18: 0 | E18: 2440 | F18: =IF(E18="","",E18*0.15) -> 366 | G18: =IF(E18="","",E18*0.05) -> 122 | H18: =IF(E18="","",E18*1.05*0.85) -> 2177.7 | I18: =IF(D18="","",H18*D18) -> 0 | K18: רוחב 401-450 | L18: 0
A19: 12.011.0265 | B19: חלון נגרר אגף על אגף של 2 אגפים ב-2 מסלולים מאולגן/צבוע כדוגמת קליל קלאסי 9000 או ש"ע, זכוכית שקופה בידודית 5+6+6 מ"מ, בשטח מעל 1.0 מ"ר ועד 2.0 מ"ר | C19: מ"ר | D19: 0 | E19: 2120 | F19: =IF(E19="","",E19*0.15) -> 318 | G19: =IF(E19="","",E19*0.05) -> 106 | H19: =IF(E19="","",E19*1.05*0.85) -> 1892.1 | I19: =IF(D19="","",H19*D19) -> 0 | K19: קומה 0-3 | L19: 0
A20: 12.011.0270 | B20: חלון נגרר אגף על אגף של 2 אגפים ב-2 מסלולים מאולגן/צבוע כדוגמת קליל קלאסי 9000 או ש"ע, זכוכית שקופה בידודית מחוסמת דו צדדי 6+10+8 מ"מ, בשטח מעל 2.0 מ"ר ועד 3.0 מ"ר | C20: מ"ר | D20: 0 | E20: 1980 | F20: =IF(E20="","",E20*0.15) -> 297 | G20: =IF(E20="","",E20*0.05) -> 99 | H20: =IF(E20="","",E20*1.05*0.85) -> 1767.15 | I20: =IF(D20="","",H20*D20) -> 0 | K20: קומה 4-7 | L20: 1
A21: 12.011.0275 | B21: חלון נגרר אגף על אגף של 2 אגפים ב-2 מסלולים מאולגן/צבוע כדוגמת קליל קלאסי 9000 או ש"ע, זכוכית שקופה בידודית מחוסמת דו צדדי 6+10+8 מ"מ, בשטח מעל 3.0 מ"ר ועד 4.0 מ"ר | C21: מ"ר | D21: 11.115 | E21: 1760 | F21: =IF(E21="","",E21*0.15) -> 264 | G21: =IF(E21="","",E21*0.05) -> 88 | H21: =IF(E21="","",E21*1.05*0.85) -> 1570.8 | I21: =IF(D21="","",H21*D21) -> 17459.442 | K21: קומה 7 ומעלה | L21: 0
A22: 12.011.0280 | B22: חלון נגרר אגף על אגף של 2 אגפים ב-2 מסלולים מאולגן/צבוע כדוגמת קליל קלאסי 9000 או ש"ע, זכוכית שקופה בידודית מחוסמת דו צדדי 6+10+10 מ"מ, בשטח מעל 4.0 מ"ר ועד 5.0 מ"ר | C22: מ"ר | D22: 0 | E22: 1630 | F22: =IF(E22="","",E22*0.15) -> 244.5 | G22: =IF(E22="","",E22*0.05) -> 81.5 | H22: =IF(E22="","",E22*1.05*0.85) -> 1454.775 | I22: =IF(D22="","",H22*D22) -> 0 | K22: שטח תריסים לחלונות (אור) | L22: 0
A23: 12.011.0285 | B23: חלון נגרר אגף על אגף של 2 אגפים ב-2 מסלולים מאולגן/צבוע כדוגמת קליל קלאסי 9000 או ש"ע, זכוכית שקופה בידודית מחוסמת דו צדדי 6+10+8 מ"מ, בשטח מעל 5.0 מ"ר ועד 6.0 מ"ר | C23: מ"ר | D23: 0 | E23: 1490 | F23: =IF(E23="","",E23*0.15) -> 223.5 | G23: =IF(E23="","",E23*0.05) -> 74.5 | H23: =IF(E23="","",E23*1.05*0.85) -> 1329.825 | I23: =IF(D23="","",H23*D23) -> 0 | K23: שטח תריסים לדלתות (אור) | L23: 0
A24: 12.012.0100 | B24: חלון נגרר אגף על אגף של 3 אגפים ב-3 מסלולים מאולגן/צבוע כדוגמת קליל קלאסי 9000 או ש"ע, זכוכית שקופה בידודית 5+6+6 מ"מ, בשטח מעל 1.0 מ"ר ועד 2.0 מ"ר | C24: מ"ר | D24: 0 | E24: 2210 | F24: =IF(E24="","",E24*0.15) -> 331.5 | G24: =IF(E24="","",E24*0.05) -> 110.5 | H24: =IF(E24="","",E24*1.05*0.85) -> 1972.425 | I24: =IF(D24="","",H24*D24) -> 0 | K24: כמות מנוע עד 20 | L24: 0
A25: 12.012.0110 | B25: חלון נגרר אגף על אגף של 3 אגפים ב-3 מסלולים מאולגן/צבוע כדוגמת קליל קלאסי 9000 או ש"ע, זכוכית שקופה בידודית 5+6+6 מ"מ, בשטח מעל 2.0 מ"ר ועד 3.0 מ"ר | C25: מ"ר | D25: 0 | E25: 2110 | F25: =IF(E25="","",E25*0.15) -> 316.5 | G25: =IF(E25="","",E25*0.05) -> 105.5 | H25: =IF(E25="","",E25*1.05*0.85) -> 1883.175 | I25: =IF(D25="","",H25*D25) -> 0 | K25: כמות מנוע 20–30 | L25: 0
A26: 12.012.0120 | B26: חלון נגרר אגף על אגף של 3 אגפים ב-3 מסלולים מאולגן/צבוע כדוגמת קליל קלאסי 9000 או ש"ע, זכוכית שקופה בידודית מחוסמת דו צדדי 6+10+8 מ"מ, בשטח מעל 3.0 מ"ר ועד 5.0 מ"ר | C26: מ"ר | D26: 0 | E26: 2060 | F26: =IF(E26="","",E26*0.15) -> 309 | G26: =IF(E26="","",E26*0.05) -> 103 | H26: =IF(E26="","",E26*1.05*0.85) -> 1838.55 | I26: =IF(D26="","",H26*D26) -> 0 | K26: כמות מנוע 30–50 | L26: 0
A27: 12.012.0130 | B27: חלון נגרר אגף על אגף של 3 אגפים ב-3 מסלולים מאולגן/צבוע כדוגמת קליל קלאסי 9000 או ש"ע, זכוכית שקופה בידודית מחוסמת דו צדדי 6+10+8 מ"מ, בשטח מעל 5.0 מ"ר ועד 7.0 מ"ר | C27: מ"ר | D27: 0 | E27: 1970 | F27: =IF(E27="","",E27*0.15) -> 295.5 | G27: =IF(E27="","",E27*0.05) -> 98.5 | H27: =IF(E27="","",E27*1.05*0.85) -> 1758.225 | I27: =IF(D27="","",H27*D27) -> 0 | K27: כמות מנוע 50–70 | L27: 3
A28: 12.012.0560 | B28: חלון נגרר אגף על אגף של 4 אגפים ב-2 מסלולים מאולגן/צבוע כדוגמת קליל קלאסי 9000 או ש"ע, זכוכית שקופה בידודית 6+10+8 מ"מ, בשטח מעל 3.0 מ"ר ועד 5.0 מ"ר | C28: מ"ר | D28: 0 | E28: 2300 | F28: =IF(E28="","",E28*0.15) -> 345 | G28: =IF(E28="","",E28*0.05) -> 115 | H28: =IF(E28="","",E28*1.05*0.85) -> 2052.75 | I28: =IF(D28="","",H28*D28) -> 0 | K28: כמות מנוע 70–90 | L28: 0
A29: 12.011.1001 | B29: תוספת עבור חלק קבוע בחלון נגרר אגף על אגף של 2 אגפים. התוספת הינה 15% למחיר מ"ר של החלון | C29: קומפ | D29: 19562.4 | E29: 0.15 | F29: =IF(E29="","",E29*0.15) -> 0.0225 | G29: =IF(E29="","",E29*0.05) -> 0.0075 | H29: =IF(E29="","",E29*1.05*0.85) -> 0.133875 | I29: =IF(D29="","",H29*D29) -> 2618.9163 | K29: כמות מנוע 90–120+ | L29: 1
A30: 12.011.9000 | B30: פירוק חלונות אלומיניום ומשקופיהם בשטח של עד 2 מ"ר | C30: יח' | D30: =L8 -> 0 | E30: 140 | F30: =IF(E30="","",E30*0.15) -> 21 | G30: =IF(E30="","",E30*0.05) -> 7 | H30: =IF(E30="","",E30*1.05*0.85) -> 124.95 | I30: =IF(D30="","",H30*D30) -> 0 | K30: כמות טיפול בארגז | L30: 0
A31: 12.011.9016 | B31: פירוק חלונות אלומיניום ומשקופיהם בשטח של מעל 2 מ"ר ועד 3 מ"ר | C31: יח' | D31: =L9 -> 0 | E31: 240 | F31: =IF(E31="","",E31*0.15) -> 36 | G31: =IF(E31="","",E31*0.05) -> 12 | H31: =IF(E31="","",E31*1.05*0.85) -> 214.2 | I31: =IF(D31="","",H31*D31) -> 0 | K31: סה"כ טקסאונד | L31: 2.292
A32: 12.011.9017 | B32: פירוק חלונות אלומיניום ומשקופיהם בשטח של מעל 3 מ"ר ועד 5 מ"ר | C32: יח' | D32: =L10 -> 3 | E32: 310 | F32: =IF(E32="","",E32*0.15) -> 46.5 | G32: =IF(E32="","",E32*0.05) -> 15.5 | H32: =IF(E32="","",E32*1.05*0.85) -> 276.675 | I32: =IF(D32="","",H32*D32) -> 830.025 | K32: שטח הזזה | L32: 0
A33: 12.014 | B33: חלון אלומיניום ציר צד וחלון דו-צירי סב-נטוי (DREH-KIPP) | K33: שטח הזזה+קבוע | L33: 11.115
A34: 12.014.0400 | B34: חלון ציר-צד מאולגן/צבוע כדוגמת קליל קלאסי 4500 או ש"ע, זכוכית שקופה בידודית 5+6+6 מ"מ, בשטח מעל 0.6 מ"ר ועד 1.0 מ"ר | C34: מ"ר | D34: 0 | E34: 2220 | F34: =IF(E34="","",E34*0.15) -> 333 | G34: =IF(E34="","",E34*0.05) -> 111 | H34: =IF(E34="","",E34*1.05*0.85) -> 1981.35 | I34: =IF(D34="","",H34*D34) -> 0 | K34: שטח קיפ | L34: 0
A35: 12.014.0650 | B35: חלון ציר-צד מאולגן/צבוע כדוגמת קליל קלאסי 4500 או ש"ע, זכוכית שקופה בידודית 5+6+6 מ"מ, בשטח מעל 0.6 מ"ר ועד 1.0 מ"ר | C35: מ"ר | D35: 0 | E35: 2790 | F35: =IF(E35="","",E35*0.15) -> 418.5 | G35: =IF(E35="","",E35*0.05) -> 139.5 | H35: =IF(E35="","",E35*1.05*0.85) -> 2490.075 | I35: =IF(D35="","",H35*D35) -> 0 | K35: שטח חלון ציר | L35: 0
A36: 12.014.0660 | B36: חלון דו-צירי סב נטוי (דריי קיפ), מאולגן/צבוע כדוגמת קליל קלאסי 4500 או ש"ע, זכוכית שקופה בידודית מחוסמת דו צדדי 6+10+8 מ"מ, בשטח מעל 1.0 מ"ר ועד 2.0 מ"ר | C36: מ"ר | D36: =L34+L6 -> 0 | E36: 2700 | F36: =IF(E36="","",E36*0.15) -> 405 | G36: =IF(E36="","",E36*0.05) -> 135 | H36: =IF(E36="","",E36*1.05*0.85) -> 2409.75 | I36: =IF(D36="","",H36*D36) -> 0 | K36: שטח תריסים לחלונות | L36: 11.115
A37: 12.016 | B37: חלון אלומיניום קיפ וחלון קבוע | K37: שטח תריסים לדלתות | L37: 7.85
A38: 12.016.0600 | B38: חלון קבוע כדוגמת קליל קלאסי 4500 או ש"ע, זכוכית שקופה בידודית 5+6+6 מ"מ, בשטח מעל 0.6 מ"ר ועד 1.0 מ"ר | C38: יח' | D38: 0 | E38: 1310 | F38: =IF(E38="","",E38*0.15) -> 196.5 | G38: =IF(E38="","",E38*0.05) -> 65.5 | H38: =IF(E38="","",E38*1.05*0.85) -> 1169.175 | I38: =IF(D38="","",H38*D38) -> 0 | K38: שטח דלת ציר | L38: 0
A39: 12.016.0610 | B39: חלון קבוע כדוגמת קליל קלאסי 4500 או ש"ע, זכוכית שקופה בידודית 5+6+6 מ"מ, בשטח מעל 1.0 מ"ר ועד 2.0 מ"ר | C39: יח' | D39: 0 | E39: 2090 | F39: =IF(E39="","",E39*0.15) -> 313.5 | G39: =IF(E39="","",E39*0.05) -> 104.5 | H39: =IF(E39="","",E39*1.05*0.85) -> 1865.325 | I39: =IF(D39="","",H39*D39) -> 0 | K39: מס' יחידות תריס לפירוק עד 2 מ"ר | L39: 0
A40: 12.051 | B40: דלתות/ויטרינות אלומיניום נגררות אגף על אגף (הזזה) של 2 אגפים | K40: סה"כ שטח תריס לפירוק מעל 2 מ"ר | L40: 18.965
A41: 12.051.0460 | B41: דלת נגררת אגף על אגף של 2 אגפים ב-2 מסלולים מאולגנת/צבועה כדוגמת קליל קלאסי 9000 או ש"ע, זכוכית מחוסמת בעובי 8 מ"מ, בשטח מעל 4.0 מ"ר ועד 6.0 מ"ר | C41: מ"ר | D41: 0 | E41: 1630 | F41: =IF(E41="","",E41*0.15) -> 244.5 | G41: =IF(E41="","",E41*0.05) -> 81.5 | H41: =IF(E41="","",E41*1.05*0.85) -> 1454.775 | I41: =IF(D41="","",H41*D41) -> 0 | K41: קיזוז זכוכית לארגז תריס | L41: 2.292
A42: 12.051.0470 | B42: דלת נגררת אגף על אגף של 2 אגפים ב-2 מסלולים מאולגנת/צבועה כדוגמת קליל קלאסי 9000 או ש"ע, זכוכית מחוסמת בעובי 8 מ"מ, בשטח מעל 6.0 מ"ר ועד 8.0 מ"ר | C42: מ"ר | D42: 0 | E42: 1580 | F42: =IF(E42="","",E42*0.15) -> 237 | G42: =IF(E42="","",E42*0.05) -> 79 | H42: =IF(E42="","",E42*1.05*0.85) -> 1410.15 | I42: =IF(D42="","",H42*D42) -> 0
A43: 12.052 | B43: דלתות אלומיניום נגררות אגף על אגף (הזזה) של 3 אגפים ו-4 אגפים
A44: 12.052.0020 | B44: דלת נגררת אגף על אגף של 3 אגפים ב-3 מסלולים מאולגנת/צבועה כדוגמת קליל קלאסי 7000 או ש"ע, זכוכית מחוסמת בעובי 6 מ"מ, בשטח מעל 6.0 מ"ר ועד 8.0 מ"ר | C44: מ"ר | D44: 0 | E44: 1760 | F44: =IF(E44="","",E44*0.15) -> 264 | G44: =IF(E44="","",E44*0.05) -> 88 | H44: =IF(E44="","",E44*1.05*0.85) -> 1570.8 | I44: =IF(D44="","",H44*D44) -> 0
A45: 12.052.0070 | B45: דלת נגררת אגף על אגף של 3 אגפים ב-3 מסלולים מאולגנת/צבועה כדוגמת קליל קלאסי 9000 או ש"ע, זכוכית מחוסמת בעובי 6 מ"מ, בשטח מעל 6.0 מ"ר ועד 8.0 מ"ר | C45: מ"ר | D45: =L5 -> 7.85 | E45: 1850 | F45: =IF(E45="","",E45*0.15) -> 277.5 | G45: =IF(E45="","",E45*0.05) -> 92.5 | H45: =IF(E45="","",E45*1.05*0.85) -> 1651.125 | I45: =IF(D45="","",H45*D45) -> 12961.331
A46: 12.052.0080 | B46: דלת נגררת אגף על אגף של 3 אגפים ב-3 מסלולים מאולגנת/צבועה כדוגמת קליל קלאסי 9000 או ש"ע, זכוכית מחוסמת בעובי 8 מ"מ, בשטח מעל 8.0 מ"ר ועד 10.0 מ"ר | C46: מ"ר | D46: 0 | E46: 1680 | F46: =IF(E46="","",E46*0.15) -> 252 | G46: =IF(E46="","",E46*0.05) -> 84 | H46: =IF(E46="","",E46*1.05*0.85) -> 1499.4 | I46: =IF(D46="","",H46*D46) -> 0
A47: 12.052.0260 | B47: דלת נגררת אגף על אגף של 3 אגפים ב-3 מסלולים מאולגנת/צבועה כדוגמת קליל בלגי 7300 או ש"ע, זכוכית מחוסמת בעובי 6 מ"מ, בשטח מעל 6.0 מ"ר ועד 8.0 מ"ר | C47: מ"ר | D47: 0 | E47: 2101 | F47: =IF(E47="","",E47*0.15) -> 315.15 | G47: =IF(E47="","",E47*0.05) -> 105.05 | H47: =IF(E47="","",E47*1.05*0.85) -> 1875.1425 | I47: =IF(D47="","",H47*D47) -> 0
A48: 12.053 | B48: דלתות אלומיניום ציריות
A49: 12.053.0200 | B49: דלת ציר אגף אחד מאולגנת/צבועה כדוגמת קליל 4500 או ש"ע, זכוכית מחוסמת בעובי 6 מ"מ, בשטח עד 2.0 מ"ר | C49: מ"ר | D49: =L38 -> 0 | E49: 2850 | F49: =IF(E49="","",E49*0.15) -> 427.5 | G49: =IF(E49="","",E49*0.05) -> 142.5 | H49: =IF(E49="","",E49*1.05*0.85) -> 2543.625 | I49: =IF(D49="","",H49*D49) -> 0
A50: 12.053.0210 | B50: דלת ציר אגף אחד מאולגנת/צבועה כדוגמת קליל 4500 או ש"ע, זכוכית מחוסמת בעובי 6 מ"מ, בשטח מעל 2.0 מ"ר ועד 3.0 מ"ר | C50: מ"ר | D50: 0 | E50: 2300 | F50: =IF(E50="","",E50*0.15) -> 345 | G50: =IF(E50="","",E50*0.05) -> 115 | H50: =IF(E50="","",E50*1.05*0.85) -> 2052.75 | I50: =IF(D50="","",H50*D50) -> 0
A51: 12.053.0450 | B51: דלת ציר שני אגפים מאולגנת/צבועה כדוגמת קליל קלאסי 4500 או ש"ע, זכוכית מחוסמת בעובי 6 מ"מ, בשטח מעל 3.0 מ"ר ועד 4.0 מ"ר | C51: מ"ר | D51: 0 | E51: 3250 | F51: =IF(E51="","",E51*0.15) -> 487.5 | G51: =IF(E51="","",E51*0.05) -> 162.5 | H51: =IF(E51="","",E51*1.05*0.85) -> 2900.625 | I51: =IF(D51="","",H51*D51) -> 0
A52: 12.061 | B52: ויטרינות כניסה מאלומיניום בשטחים ציבוריים
A53: 12.061.9000 | B53: פירוק ויטרינה מאלומיניום, לרבות המשקוף | C53: מ"ר | D53: =D44+D45+D46+D47+D49+D50+D51 -> 7.85 | E53: 88 | F53: =IF(E53="","",E53*0.15) -> 13.2 | G53: =IF(E53="","",E53*0.05) -> 4.4 | H53: =IF(E53="","",E53*1.05*0.85) -> 78.54 | I53: =IF(D53="","",H53*D53) -> 616.539
A54: 12.065 | B54: תריסי רפפה ותריסי גלילה מאלומיניום ומנועים חשמליים לתריסים
A55: 12.065.1611 | B55: תריס גלילה עם רפפות מפח אלומיניום עם פוליאוריטן מוקצף לרבות ארגז תריס מונובלוק 40, בשטח מעל 0.6 מ"ר ועד 1.0 מ"ר | C55: מ"ר | D55: 0 | E55: 910 | F55: =IF(E55="","",E55*0.15) -> 136.5 | G55: =IF(E55="","",E55*0.05) -> 45.5 | H55: =IF(E55="","",E55*1.05*0.85) -> 812.175 | I55: =IF(D55="","",H55*D55) -> 0
A56: 12.065.1613 | B56: תריס גלילה עם רפפות מפח אלומיניום עם פוליאוריטן מוקצף לרבות ארגז תריס מונובלוק 40, בשטח מעל 1.0 מ"ר ועד 3.0 מ"ר | C56: מ"ר | D56: 0 | E56: 717 | F56: =IF(E56="","",E56*0.15) -> 107.55 | G56: =IF(E56="","",E56*0.05) -> 35.85 | H56: =IF(E56="","",E56*1.05*0.85) -> 639.9225 | I56: =IF(D56="","",H56*D56) -> 0
A57: 12.065.1615 | B57: תריס גלילה עם רפפות מפח אלומיניום עם פוליאוריטן מוקצף לרבות ארגז תריס מונובלוק 40, בשטח מעל 3.0 מ"ר ועד 6.0 מ"ר | C57: מ"ר | D57: 18.965 | E57: 582 | F57: =IF(E57="","",E57*0.15) -> 87.3 | G57: =IF(E57="","",E57*0.05) -> 29.1 | H57: =IF(E57="","",E57*1.05*0.85) -> 519.435 | I57: =IF(D57="","",H57*D57) -> 9851.0848
A58: 12.065.1700 | B58: תריס גלילה "תריס אור" עם רפפות מפח אלומיניום עם פוליאוריטן מוקצף לרבות ארגז תריס מונובלוק 40, בשטח מעל 0.6 מ"ר ועד 1.0 מ"ר | C58: מ"ר | D58: 0 | E58: 1120 | F58: =IF(E58="","",E58*0.15) -> 168 | G58: =IF(E58="","",E58*0.05) -> 56 | H58: =IF(E58="","",E58*1.05*0.85) -> 999.6 | I58: =IF(D58="","",H58*D58) -> 0
A59: 12.065.1710 | B59: תריס גלילה "תריס אור" עם רפפות מפח אלומיניום עם פוליאוריטן מוקצף לרבות ארגז תריס מונובלוק 40, בשטח מעל 1.0 מ"ר ועד 3.0 מ"ר | C59: מ"ר | D59: =L22 -> 0 | E59: 800 | F59: =IF(E59="","",E59*0.15) -> 120 | G59: =IF(E59="","",E59*0.05) -> 40 | H59: =IF(E59="","",E59*1.05*0.85) -> 714 | I59: =IF(D59="","",H59*D59) -> 0
A60: 12.065.1720 | B60: תריס גלילה "תריס אור" עם רפפות מפח אלומיניום עם פוליאוריטן מוקצף לרבות ארגז תריס מונובלוק 40, בשטח מעל 3.0 מ"ר ועד 6.0 מ"ר | C60: מ"ר | D60: 0 | E60: 880 | F60: =IF(E60="","",E60*0.15) -> 132 | G60: =IF(E60="","",E60*0.05) -> 44 | H60: =IF(E60="","",E60*1.05*0.85) -> 785.4 | I60: =IF(D60="","",H60*D60) -> 0
A61: 12.065.1730 | B61: תריס גלילה "תריס אור" עם רפפות מפח אלומיניום עם פוליאוריטן מוקצף לרבות ארגז תריס מונובלוק 40, בשטח מעל 6.0 מ"ר ועד 8.5 מ"ר | C61: מ"ר | D61: 0 | E61: 840 | F61: =IF(E61="","",E61*0.15) -> 126 | G61: =IF(E61="","",E61*0.05) -> 42 | H61: =IF(E61="","",E61*1.05*0.85) -> 749.7 | I61: =IF(D61="","",H61*D61) -> 0
A62: 12.065.1661 | B62: תריס גלילה "תריס אור" עם רפפות מאלומיניום שחול (משוך) וחריצים גדולים בין השלבים, צבע לבן לרבות ארגז תריס מונובלוק 40, בשטח מעל 0.6 מ"ר ועד 1.0 מ"ר | C62: מ"ר | D62: 0 | E62: 1840 | F62: =IF(E62="","",E62*0.15) -> 276 | G62: =IF(E62="","",E62*0.05) -> 92 | H62: =IF(E62="","",E62*1.05*0.85) -> 1642.2 | I62: =IF(D62="","",H62*D62) -> 0
A63: 12.065.1671 | B63: תריס גלילה "תריס אור" עם רפפות מאלומיניום שחול (משוך) וחריצים גדולים בין השלבים, צבע לבן לרבות ארגז תריס מונובלוק 40, בשטח מעל 1.0 מ"ר ועד 3.0 מ"ר | C63: מ"ר | D63: 0 | E63: 1730 | F63: =IF(E63="","",E63*0.15) -> 259.5 | G63: =IF(E63="","",E63*0.05) -> 86.5 | H63: =IF(E63="","",E63*1.05*0.85) -> 1544.025 | I63: =IF(D63="","",H63*D63) -> 0
A64: 12.065.1681 | B64: תריס גלילה "תריס אור" עם רפפות מאלומיניום שחול (משוך) וחריצים גדולים בין השלבים, צבע לבן לרבות ארגז תריס מונובלוק 40, בשטח מעל 3.0 מ"ר ועד 6.0 מ"ר | C64: מ"ר | D64: =L23 -> 0 | E64: 1440 | F64: =IF(E64="","",E64*0.15) -> 216 | G64: =IF(E64="","",E64*0.05) -> 72 | H64: =IF(E64="","",E64*1.05*0.85) -> 1285.2 | I64: =IF(D64="","",H64*D64) -> 0
A65: 12.065.2000 | B65: מנוע חשמלי לתריס במשקל עד 20 ק"ג, לא כולל נק' החשמל | C65: יח' | D65: =L24 -> 0 | E65: 620 | F65: =IF(E65="","",E65*0.15) -> 93 | G65: =IF(E65="","",E65*0.05) -> 31 | H65: =IF(E65="","",E65*1.05*0.85) -> 553.35 | I65: =IF(D65="","",H65*D65) -> 0
A66: 12.065.2010 | B66: מנוע חשמלי לתריס במשקל מעל 20 ק"ג ועד 30 ק"ג, לא כולל נק' החשמל | C66: יח' | D66: =L25 -> 0 | E66: 750 | F66: =IF(E66="","",E66*0.15) -> 112.5 | G66: =IF(E66="","",E66*0.05) -> 37.5 | H66: =IF(E66="","",E66*1.05*0.85) -> 669.375 | I66: =IF(D66="","",H66*D66) -> 0
A67: 12.065.2020 | B67: מנוע חשמלי לתריס במשקל מעל 30 ק"ג ועד 50 ק"ג, לא כולל נק' החשמל | C67: יח' | D67: =L26 -> 0 | E67: 1020 | F67: =IF(E67="","",E67*0.15) -> 153 | G67: =IF(E67="","",E67*0.05) -> 51 | H67: =IF(E67="","",E67*1.05*0.85) -> 910.35 | I67: =IF(D67="","",H67*D67) -> 0
A68: 12.065.2030 | B68: מנוע חשמלי לתריס במשקל מעל 50 ק"ג ועד 70 ק"ג, לא כולל נק' החשמל | C68: יח' | D68: =L27 -> 3 | E68: 1370 | F68: =IF(E68="","",E68*0.15) -> 205.5 | G68: =IF(E68="","",E68*0.05) -> 68.5 | H68: =IF(E68="","",E68*1.05*0.85) -> 1222.725 | I68: =IF(D68="","",H68*D68) -> 3668.175
A69: 12.065.2040 | B69: מנוע חשמלי לתריס במשקל מעל 70 ק"ג ועד 90 ק"ג, לא כולל נק' החשמל | C69: יח' | D69: =L28 -> 0 | E69: 1650 | F69: =IF(E69="","",E69*0.15) -> 247.5 | G69: =IF(E69="","",E69*0.05) -> 82.5 | H69: =IF(E69="","",E69*1.05*0.85) -> 1472.625 | I69: =IF(D69="","",H69*D69) -> 0
A70: 12.065.2050 | B70: מנוע חשמלי לתריס במשקל מעל 90 ק"ג ועד 120 ק"ג, לא כולל נק' החשמל | C70: יח' | D70: =L29 -> 1 | E70: 1820 | F70: =IF(E70="","",E70*0.15) -> 273 | G70: =IF(E70="","",E70*0.05) -> 91 | H70: =IF(E70="","",E70*1.05*0.85) -> 1624.35 | I70: =IF(D70="","",H70*D70) -> 1624.35
A71: 12.065.9000 | B71: פירוק תריסי אלומיניום ומשקופיהם בשטח של עד 2 מ"ר | C71: יח' | D71: =L39 -> 0 | E71: 130 | F71: =IF(E71="","",E71*0.15) -> 19.5 | G71: =IF(E71="","",E71*0.05) -> 6.5 | H71: =IF(E71="","",E71*1.05*0.85) -> 116.025 | I71: =IF(D71="","",H71*D71) -> 0
A72: 12.065.9020 | B72: פירוק תריסי אלומיניום ומשקופיהם בשטח של מעל 2 מ"ר | C72: מ"ר | D72: =L40 -> 18.965 | E72: 60 | F72: =IF(E72="","",E72*0.15) -> 9 | G72: =IF(E72="","",E72*0.05) -> 3 | H72: =IF(E72="","",E72*1.05*0.85) -> 53.55 | I72: =IF(D72="","",H72*D72) -> 1015.5757
A73: 12.065.9100 | B73: פירוק ארגז תריס קיים במידות 35/100 ס"מ | C73: יח' | D73: =IF((L36+L37+L22+L23)=0,0,L11) -> 0 | E73: 109 | F73: =IF(E73="","",E73*0.15) -> 16.35 | G73: =IF(E73="","",E73*0.05) -> 5.45 | H73: =IF(E73="","",E73*1.05*0.85) -> 97.2825 | I73: =IF(D73="","",H73*D73) -> 0
A74: 12.065.9110 | B74: פירוק ארגז תריס קיים במידות 35/150 ס"מ | C74: יח' | D74: =IF((L36+L37+L22+L23)=0,0,L12) -> 3 | E74: 121 | F74: =IF(E74="","",E74*0.15) -> 18.15 | G74: =IF(E74="","",E74*0.05) -> 6.05 | H74: =IF(E74="","",E74*1.05*0.85) -> 107.9925 | I74: =IF(D74="","",H74*D74) -> 323.9775
A75: 12.065.0001 | B75: פירוק ארגז תריס קיים 35/200 | C75: יח' | D75: =IF((L36+L37+L22+L23)=0,0,L13) -> 0 | E75: 133 | F75: =IF(E75="","",E75*0.15) -> 19.95 | G75: =IF(E75="","",E75*0.05) -> 6.65 | H75: =IF(E75="","",E75*1.05*0.85) -> 118.7025 | I75: =IF(D75="","",H75*D75) -> 0
A76: 12.065.0002 | B76: פירוק ארגז תריס קיים 35/250 | C76: יח' | D76: =IF((L36+L37+L22+L23)=0,0,L14) -> 0 | E76: 145 | F76: =IF(E76="","",E76*0.15) -> 21.75 | G76: =IF(E76="","",E76*0.05) -> 7.25 | H76: =IF(E76="","",E76*1.05*0.85) -> 129.4125 | I76: =IF(D76="","",H76*D76) -> 0
A77: 12.065.0003 | B77: פירוק ארגז תריס קיים 35/300 | C77: יח' | D77: =IF((L36+L37+L22+L23)=0,0,L15) -> 0 | E77: 157 | F77: =IF(E77="","",E77*0.15) -> 23.55 | G77: =IF(E77="","",E77*0.05) -> 7.85 | H77: =IF(E77="","",E77*1.05*0.85) -> 140.1225 | I77: =IF(D77="","",H77*D77) -> 0
A78: 12.065.0004 | B78: פירוק ארגז תריס קיים 35/350 | C78: יח' | D78: =IF((L36+L37+L22+L23)=0,0,L16) -> 1 | E78: 169 | F78: =IF(E78="","",E78*0.15) -> 25.35 | G78: =IF(E78="","",E78*0.05) -> 8.45 | H78: =IF(E78="","",E78*1.05*0.85) -> 150.8325 | I78: =IF(D78="","",H78*D78) -> 150.8325
A79: 12.065.0005 | B79: פירוק ארגז תריס קיים 35/400 | C79: יח' | D79: =IF((L36+L37+L22+L23)=0,0,L17) -> 0 | E79: 181 | F79: =IF(E79="","",E79*0.15) -> 27.15 | G79: =IF(E79="","",E79*0.05) -> 9.05 | H79: =IF(E79="","",E79*1.05*0.85) -> 161.5425 | I79: =IF(D79="","",H79*D79) -> 0
A80: 12.065.0006 | B80: פירוק ארגז תריס קיים 35/450 | C80: יח' | D80: =IF((L36+L37+L22+L23)=0,0,L18) -> 0 | E80: 193 | F80: =IF(E80="","",E80*0.15) -> 28.95 | G80: =IF(E80="","",E80*0.05) -> 9.65 | H80: =IF(E80="","",E80*1.05*0.85) -> 172.2525 | I80: =IF(D80="","",H80*D80) -> 0
A81: 12.067 | B81: רשתות גלילה ורשתות יתושים
A82: 12.067.9000 | B82: פירוק רשתות יתושים, לרבות מסגרת | C82: מ"ר | D82: =L7 -> 10.817 | E82: 53 | F82: =IF(E82="","",E82*0.15) -> 7.95 | G82: =IF(E82="","",E82*0.05) -> 2.65 | H82: =IF(E82="","",E82*1.05*0.85) -> 47.3025 | I82: =IF(D82="","",H82*D82) -> 511.67114
A83: 12.067.0200 | B83: רשת יתושים קטנה מפיברגלס, עבור חלון הזזה (הרשת על חצי הפתח) לרבות מסגרת מפרופיל אלומיניום מאולגן במידות 40/15 מ"מ, לרבות מסילה בתוך משקוף החלון, בשטח מעל 0.6 מ"ר ועד 1.0 מ"ר. המדידה לפי שטח הרשת | C83: מ"ר | D83: 0 | E83: 880 | F83: =IF(E83="","",E83*0.15) -> 132 | G83: =IF(E83="","",E83*0.05) -> 44 | H83: =IF(E83="","",E83*1.05*0.85) -> 785.4 | I83: =IF(D83="","",H83*D83) -> 0
A84: 12.067.0210 | B84: רשת יתושים קטנה מפיברגלס, עבור חלון הזזה (הרשת על חצי הפתח) לרבות מסגרת מפרופיל אלומיניום מאולגן במידות 40/15 מ"מ, לרבות מסילה בתוך משקוף החלון, בשטח מעל 1.0 מ"ר ועד 2.0 מ"ר. המדידה לפי שטח הרשת | C84: מ"ר | D84: =D82 -> 10.817 | E84: 650 | F84: =IF(E84="","",E84*0.15) -> 97.5 | G84: =IF(E84="","",E84*0.05) -> 32.5 | H84: =IF(E84="","",E84*1.05*0.85) -> 580.125 | I84: =IF(D84="","",H84*D84) -> 6275.2121
A85: 12.068 | B85: זכוכית לזיגוג דלתות וחלונות, ציפויי חלונות וקירות וזכוכית לסגירת מרפסות
A86: 12.068.1320 | B86: זכוכית בטחון 5+5 מ"מ עם 0.76 P.V.B | C86: מ"ר | D86: 0 | E86: 265 | F86: =IF(E86="","",E86*0.15) -> 39.75 | G86: =IF(E86="","",E86*0.05) -> 13.25 | H86: =IF(E86="","",E86*1.05*0.85) -> 236.5125 | I86: =IF(D86="","",H86*D86) -> 0
A87: 12.068.1216 | B87: זכוכית שקופה בידודית מחוסמת משני הצדדים 6+10+8 מ"מ | C87: מ"ר | D87: =-D88-D89-D92-L41 -> 5.558 | E87: 375 | F87: =IF(E87="","",E87*0.15) -> 56.25 | G87: =IF(E87="","",E87*0.05) -> 18.75 | H87: =IF(E87="","",E87*1.05*0.85) -> 334.6875 | I87: =IF(D87="","",H87*D87) -> 1860.1931
A88: 12.068.1172 | B88: זכוכית שקופה בידודית מחוסמת משני הצדדים 5+6+6 מ"מ | C88: מ"ר | D88: =-(D24+D25+D18+D19) -> 0 | E88: 317 | F88: =IF(E88="","",E88*0.15) -> 47.55 | G88: =IF(E88="","",E88*0.05) -> 15.85 | H88: =IF(E88="","",E88*1.05*0.85) -> 282.9225 | I88: =IF(D88="","",H88*D88) -> 0
A89: 12.068.1004 | B89: זכוכית שטוחה מחוסמת בעובי 6 מ"מ | C89: מ"ר | D89: =-(D44+D45+D47+D49+D50+D51) -> -7.85 | E89: 172 | F89: =IF(E89="","",E89*0.15) -> 25.8 | G89: =IF(E89="","",E89*0.05) -> 8.6 | H89: =IF(E89="","",E89*1.05*0.85) -> 153.51 | I89: =IF(D89="","",H89*D89) -> -1205.0535
A90: 12.068.0902 | B90: זכוכית שטוחה שקופה בעובי 5 מ"מ | C90: מ"ר | D90: 0 | E90: 94 | F90: =IF(E90="","",E90*0.15) -> 14.1 | G90: =IF(E90="","",E90*0.05) -> 4.7 | H90: =IF(E90="","",E90*1.05*0.85) -> 83.895 | I90: =IF(D90="","",H90*D90) -> 0
A91: 12.068.1002 | B91: זכוכית שטוחה מחוסמת בעובי 5 מ"מ | C91: מ"ר | D91: 0 | E91: 157 | F91: =IF(E91="","",E91*0.15) -> 23.55 | G91: =IF(E91="","",E91*0.05) -> 7.85 | H91: =IF(E91="","",E91*1.05*0.85) -> 140.1225 | I91: =IF(D91="","",H91*D91) -> 0
A92: 12.068.1006 | B92: זכוכית שטוחה מחוסמת בעובי 8 מ"מ | C92: מ"ר | D92: =-(D46+D41+D42) -> 0 | E92: 315 | F92: =IF(E92="","",E92*0.15) -> 47.25 | G92: =IF(E92="","",E92*0.05) -> 15.75 | H92: =IF(E92="","",E92*1.05*0.85) -> 281.1375 | I92: =IF(D92="","",H92*D92) -> 0
A93: 15 | B93: מתקני מיזוג אוויר
A94: 15.041 | B94: מזגנים מפוצלים ויחידות מיני מרכזיות
A95: 15.041.1200 | B95: מזגן מפוצל אינוורטר (התקנה סטנדרטית) כדוגמת "אלקטרה" או ש"ע לתפוקת קירור נומינלית BTU/HR 9,500 (1 כ"ס) לרבות 2.0 מ"א ראשונים של צנרת גז וחשמל, מותקן מושלם | C95: קומפ' | D95: 1 | E95: 3050 | F95: =IF(E95="","",E95*0.15) -> 457.5 | G95: =IF(E95="","",E95*0.05) -> 152.5 | H95: =IF(E95="","",E95*1.05*0.85) -> 2722.125 | I95: =IF(D95="","",H95*D95) -> 2722.125
A96: 15.041.1210 | B96: מזגן מפוצל אינוורטר (התקנה סטנדרטית) כדוגמת "אלקטרה" או ש"ע לתפוקת קירור נומינלית BTU/HR 12,000 (1.2 כ"ס) לרבות 2.0 מ"א ראשונים של צנרת גז וחשמל, מותקן מושלם | C96: קומפ | D96: 0 | E96: 3500 | F96: =IF(E96="","",E96*0.15) -> 525 | G96: =IF(E96="","",E96*0.05) -> 175 | H96: =IF(E96="","",E96*1.05*0.85) -> 3123.75 | I96: =IF(D96="","",H96*D96) -> 0
A97: 15.041.4000 | B97: צנרת גז וחשמל למזגן עם מעטה למיזוג אוויר (צמ"א) הכוללת 2 צינורות נחושת מבודדים בקטרים "3/8, "5/8, צינור חשמל עם כבל רב גידי, הכל מאוגד יחדיו בשרוול (מעל 2.0 מ"א הראשונים הכלולים במחיר התקנת מזגן) לרבות מילוי גז ושמן כנדרש לתוספת צנרת זו | C97: מ"א | D97: 2 | E97: 128 | F97: =IF(E97="","",E97*0.15) -> 19.2 | G97: =IF(E97="","",E97*0.05) -> 6.4 | H97: =IF(E97="","",E97*1.05*0.85) -> 114.24 | I97: =IF(D97="","",H97*D97) -> 228.48
A98: 15.041.4010 | B98: צנרת גז וחשמל למזגן עם מעטה למיזוג אוויר (צמ"א) הכוללת 2 צינורות נחושת מבודדים בקטרים "1/2, "7/8, צינור חשמל עם כבל רב גידי, הכל מאוגד יחדיו בשרוול (מעל 2.0 מ"א הראשונים הכלולים במחיר התקנת מזגן), לרבות מילוי גז ושמן כנדרש לתוספת צנרת זו | C98: מ' | D98: 0 | E98: 172 | F98: =IF(E98="","",E98*0.15) -> 25.8 | G98: =IF(E98="","",E98*0.05) -> 8.6 | H98: =IF(E98="","",E98*1.05*0.85) -> 153.51 | I98: =IF(D98="","",H98*D98) -> 0
A99: 15.041.9161 | B99: תוספת לסעיפי התקנה של מזגנים עבור ביצוע קידוח למעבר צנרת, בקיר בטון בעובי 30-35 ס"מ במקום בקיר בלוקים בעובי 20-25 ס"מ. קוטר הקידוח עד "3 | C99: יח' | D99: 2 | E99: 320 | F99: =IF(E99="","",E99*0.15) -> 48 | G99: =IF(E99="","",E99*0.05) -> 16 | H99: =IF(E99="","",E99*1.05*0.85) -> 285.6 | I99: =IF(D99="","",H99*D99) -> 571.2
A100: 15.041.9620 | B100: החלפת צינור שרשורי לניקוז מזגן מפוצל. | C100: מ"א | D100: 3 | E100: 23.5 | F100: =IF(E100="","",E100*0.15) -> 3.525 | G100: =IF(E100="","",E100*0.05) -> 1.175 | H100: =IF(E100="","",E100*1.05*0.85) -> 20.97375 | I100: =IF(D100="","",H100*D100) -> 62.92125
...
